Q0,A629
Q1,A110
Q2,A582
Q3,A976
Q4,A482
Q5,A80
Q6,A523
Q7,A867
Q8,A725
Q9,A599
Q10,A214
Q11,A684
Q12,A764
Q13,A689
Q14,A67
Q15,A465
Q16,A298
Q17,A802
Q18,A772
Q19,A914
Q20,A639
Q21,A224
Q22,A982
Q23,A390
Q24,A922
Q25,A509
Q26,A657
Q27,A494
Q28,A925
Q29,A442
Q30,A377
Q31,A824
Q32,A224
Q33,A73
Q34,A980
Q35,A853
Q36,A944
Q37,A885
Q38,A796
Q39,A233
Q40,A166
Q41,A837
Q42,A536
Q43,A494
Q44,A473
Q45,A836
Q46,A187
Q47,A240
Q48,A435
Q49,A313
Q50,A869
Q51,A588
Q52,A949
Q53,A750
Q54,A156
Q55,A691
Q56,A831
Q57,A896
Q58,A624
Q59,A165
Q60,A619
Q61,A728
Q62,A876
Q63,A595
Q64,A44
Q65,A494
Q66,A997
Q67,A394
Q68,A928
Q69,A33
Q70,A852
Q71,A968
Q72,A905
Q73,A330
Q74,A735
Q75,A691
Q76,A836
Q77,A888
Q78,A231
Q79,A410
Q80,A818
Q81,A382
Q82,A380
Q83,A898
Q84,A810
Q85,A408
Q86,A961
Q87,A681
Q88,A184
Q89,A278
Q90,A821
Q91,A728
Q92,A257
Q93,A905
Q94,A467
Q95,A901
Q96,A587
Q97,A584
Q98,A728
Q99,A870
Q100,A768
Q101,A632
Q102,A305
Q103,A168
Q104,A345
Q105,A616
Q106,A193
Q107,A928
Q108,A163
Q109,A864
Q110,A733
Q111,A745
Q112,A709
Q113,A464
Q114,A265
Q115,A883
Q116,A729
Q117,A61
Q118,A411
Q119,A922
Q120,A442
Q121,A804
Q122,A626
Q123,A745
Q124,A570
Q125,A650
Q126,A485
Q127,A516
Q128,A42
Q129,A652
Q130,A962
Q131,A899
Q132,A795
Q133,A885
Q134,A463
Q135,A232
Q136,A651
Q137,A681
Q138,A43
Q139,A901
Q140,A543
Q141,A550
Q142,A658
Q143,A120
Q144,A976
Q145,A203
Q146,A853
Q147,A147
Q148,A309
Q149,A35
Q150,A638
Q151,A651
Q152,A725
Q153,A482
Q154,A187
Q155,A256
Q156,A940
Q157,A635
Q158,A923
Q159,A790
Q160,A501
Q161,A556
Q162,A515
Q163,A868
Q164,A909
Q165,A885
Q166,A961
Q167,A638
Q168,A257
Q169,A374
Q170,A253
Q171,A480
Q172,A699
Q173,A481
Q174,A426
Q175,A522
Q176,A821
Q177,A779
Q178,A651
Q179,A968
Q180,A851
Q181,A523
Q182,A715
Q183,A254
Q184,A531
Q185,A456
Q186,A519
Q187,A818
Q188,A99
Q189,A465
Q190,A399
Q191,A876
Q192,A184
Q193,A567
Q194,A633
Q195,A484
Q196,A882
Q197,A709
Q198,A437
Q199,A751
Q200,A120
Q201,A305
Q202,A598
Q203,A842
Q204,A459
Q205,A368
Q206,A635
Q207,A549
Q208,A186
Q209,A515
Q210,A435
Q211,A530
Q212,A869
Q213,A614
Q214,A142
Q215,A681
Q216,A795
Q217,A810
Q218,A675
Q219,A240
Q220,A597
Q221,A524
Q222,A285
Q223,A622
Q224,A784
Q225,A501
Q226,A488
Q227,A383
Q228,A54
Q229,A516
Q230,A539
Q231,A248
Q232,A632
Q233,A718
Q234,A531
Q235,A282
Q236,A939
Q237,A331
Q238,A386
Q239,A967
Q240,A95
Q241,A899
Q242,A302
Q243,A294
Q244,A374
Q245,A759
Q246,A482
Q247,A648
Q248,A624
Q249,A248
Q250,A760
Q251,A442
Q252,A527
Q253,A754
Q254,A753
Q255,A482
Q256,A635
Q257,A478
Q258,A386
Q259,A461
Q260,A896
Q261,A233
Q262,A790
Q263,A724
Q264,A187
Q265,A820
Q266,A977
Q267,A474
Q268,A406
Q269,A454
Q270,A406
Q271,A735
Q272,A338
Q273,A229
Q274,A707
Q275,A813
Q276,A197
Q277,A809
Q278,A193
Q279,A509
Q280,A698
Q281,A226
Q282,A134
Q283,A410
Q284,A745
Q285,A375
Q286,A836
Q287,A539
Q288,A923
Q289,A27
Q290,A883
Q291,A228
Q292,A906
Q293,A511
Q294,A210
Q295,A232
Q296,A243
Q297,A426
Q298,A554
Q299,A204
Q300,A55
Q301,A601
Q302,A556
Q303,A806
Q304,A537
Q305,A435
Q306,A266
Q307,A665
Q308,A740
Q309,A119
Q310,A718
Q311,A935
Q312,A231
Q313,A144
Q314,A680
Q315,A50
Q316,A502
Q317,A87
Q318,A306
Q319,A932
Q320,A698
Q321,A838
Q322,A422
Q323,A731
Q324,A578
Q325,A817
Q326,A920
Q327,A919
Q328,A976
Q329,A749
Q330,A878
Q331,A34
Q332,A643
Q333,A905
Q334,A446
Q335,A784
Q336,A700
Q337,A492
Q338,A905
Q339,A373
Q340,A672
Q341,A77
Q342,A185
Q343,A969
Q344,A689
Q345,A58
Q346,A407
Q347,A837
Q348,A675
Q349,A359
Q350,A290
Q351,A813
Q352,A898
Q353,A805
Q354,A919
Q355,A702
Q356,A356
Q357,A160
Q358,A655
Q359,A679
Q360,A880
Q361,A760
Q362,A686
Q363,A609
Q364,A596
Q365,A222
Q366,A919
Q367,A350
Q368,A671
Q369,A539
Q370,A534
Q371,A893
Q372,A846
Q373,A720
Q374,A617
Q375,A7
Q376,A474
Q377,A693
Q378,A696
Q379,A470
Q380,A78
Q381,A975
Q382,A55
Q383,A416
Q384,A813
Q385,A574
Q386,A530
Q387,A454
Q388,A801
Q389,A784
Q390,A348
Q391,A483
Q392,A91
Q393,A837
Q394,A950
Q395,A640
Q396,A737
Q397,A5
Q398,A853
Q399,A28
Q400,A667
Q401,A227
Q402,A619
Q403,A744
Q404,A492
Q405,A885
Q406,A748
Q407,A866
Q408,A419
Q409,A698
Q410,A743
Q411,A659
Q412,A413
Q413,A171
Q414,A600
Q415,A27
Q416,A39
Q417,A58
Q418,A287
Q419,A848
Q420,A549
Q421,A249
Q422,A762
Q423,A596
Q424,A806
Q425,A910
Q426,A905
Q427,A751
Q428,A653
Q429,A798
Q430,A690
Q431,A831
Q432,A726
Q433,A120
Q434,A631
Q435,A718
Q436,A415
Q437,A330
Q438,A597
Q439,A907
Q440,A877
Q441,A200
Q442,A879
Q443,A202
Q444,A657
Q445,A595
Q446,A978
Q447,A836
Q448,A479
Q449,A860
Q450,A172
Q451,A581
Q452,A657
Q453,A841
Q454,A904
Q455,A485
Q456,A558
Q457,A794
Q458,A843
Q459,A633
Q460,A523
Q461,A998
Q462,A900
Q463,A440
Q464,A766
Q465,A686
Q466,A648
Q467,A625
Q468,A855
Q469,A742
Q470,A868
Q471,A330
Q472,A446
Q473,A567
Q474,A735
Q475,A175
Q476,A644
Q477,A584
Q478,A907
Q479,A312
Q480,A374
Q481,A943
Q482,A527
Q483,A838
Q484,A620
Q485,A892
Q486,A547
Q487,A772
Q488,A854
Q489,A817
Q490,A454
Q491,A605
Q492,A653
Q493,A505
Q494,A223
Q495,A413
Q496,A900
Q497,A638
Q498,A524
Q499,A288
Q500,A238
Q501,A515
Q502,A386
Q503,A936
Q504,A516
Q505,A870
Q506,A402
Q507,A83
Q508,A692
Q509,A896
Q510,A841
Q511,A369
Q512,A667
Q513,A836
Q514,A618
Q515,A961
Q516,A700
Q517,A663
Q518,A972
Q519,A465
Q520,A767
Q521,A329
Q522,A493
Q523,A438
Q524,A871
Q525,A201
Q526,A663
Q527,A465
Q528,A209
Q529,A5
Q530,A579
Q531,A588
Q532,A524
Q533,A981
Q534,A977
Q535,A819
Q536,A970
Q537,A501
Q538,A477
Q539,A282
Q540,A728
Q541,A73
Q542,A176
Q543,A976
Q544,A358
Q545,A619
Q546,A487
Q547,A606
Q548,A283
Q549,A760
Q550,A60
Q551,A414
Q552,A667
Q553,A632
Q554,A748
Q555,A775
Q556,A266
Q557,A435
Q558,A194
Q559,A600
Q560,A813
Q561,A673
Q562,A374
Q563,A521
Q564,A584
Q565,A266
Q566,A858
Q567,A700
Q568,A909
Q569,A314
Q570,A982
Q571,A348
Q572,A590
Q573,A42
Q574,A159
Q575,A206
Q576,A265
Q577,A421
Q578,A99
Q579,A214
Q580,A769
Q581,A784
Q582,A883
Q583,A40
Q584,A241
Q585,A309
Q586,A542
Q587,A836
Q588,A567
Q589,A825
Q590,A515
Q591,A835
Q592,A460
Q593,A146
Q594,A928
Q595,A3
Q596,A36
Q597,A413
Q598,A600
Q599,A73
Q600,A696
Q601,A511
Q602,A846
Q603,A737
Q604,A543
Q605,A231
Q606,A913
Q607,A751
Q608,A961
Q609,A302
Q610,A395
Q611,A523
Q612,A248
Q613,A118
Q614,A50
Q615,A31
Q616,A257
Q617,A810
Q618,A443
Q619,A385
Q620,A86
Q621,A673
Q622,A40
Q623,A907
Q624,A969
Q625,A26
Q626,A588
Q627,A656
Q628,A462
Q629,A501
Q630,A259
Q631,A623
Q632,A59
Q633,A504
Q634,A869
Q635,A281
Q636,A582
Q637,A762
Q638,A751
Q639,A168
Q640,A834
Q641,A921
Q642,A240
Q643,A491
Q644,A600
Q645,A443
Q646,A602
Q647,A578
Q648,A960
Q649,A975
Q650,A685
Q651,A978
Q652,A749
Q653,A898
Q654,A348
Q655,A281
Q656,A536
Q657,A774
Q658,A33
Q659,A774
Q660,A585
Q661,A504
Q662,A732
Q663,A490
Q664,A423
Q665,A677
Q666,A675
Q667,A639
Q668,A698
Q669,A769
Q670,A38
Q671,A177
Q672,A925
Q673,A775
Q674,A784
Q675,A34
Q676,A199
Q677,A572
Q678,A447
Q679,A178
Q680,A203
Q681,A858
Q682,A86
Q683,A359
Q684,A60
Q685,A551
Q686,A920
Q687,A655
Q688,A442
Q689,A265
Q690,A544
Q691,A469
Q692,A469
Q693,A58
Q694,A872
Q695,A942
Q696,A921
Q697,A41
Q698,A585
Q699,A587
Q700,A942
Q701,A689
Q702,A831
Q703,A64
Q704,A281
Q705,A541
Q706,A657
Q707,A501
Q708,A792
Q709,A264
Q710,A724
Q711,A551
Q712,A949
Q713,A314
Q714,A413
Q715,A636
Q716,A673
Q717,A414
Q718,A257
Q719,A551
Q720,A643
Q721,A788
Q722,A653
Q723,A257
Q724,A775
Q725,A58
Q726,A343
Q727,A830
Q728,A112
Q729,A540
Q730,A468
Q731,A507
Q732,A117
Q733,A158
Q734,A678
Q735,A442
Q736,A898
Q737,A203
Q738,A651
Q739,A438
Q740,A358
Q741,A328
Q742,A748
Q743,A847
Q744,A906
Q745,A463
Q746,A711
Q747,A434
Q748,A77
Q749,A113
Q750,A683
Q751,A912
Q752,A346
Q753,A876
Q754,A383
Q755,A711
Q756,A536
Q757,A725
Q758,A15
Q759,A452
Q760,A650
Q761,A755
Q762,A612
Q763,A698
Q764,A703
Q765,A358
Q766,A972
Q767,A277
Q768,A914
Q769,A752
Q770,A903
Q771,A556
Q772,A575
Q773,A5
Q774,A498
Q775,A303
Q776,A17
Q777,A481
Q778,A929
Q779,A799
Q780,A524
Q781,A480
Q782,A998
Q783,A851
Q784,A790
Q785,A35
Q786,A658
Q787,A966
Q788,A371
Q789,A951
Q790,A598
Q791,A551
Q792,A67
Q793,A934
Q794,A460
Q795,A671
Q796,A523
Q797,A246
Q798,A369
Q799,A797
Q800,A730
Q801,A622
Q802,A659
Q803,A191
Q804,A959
Q805,A818
Q806,A902
Q807,A264
Q808,A831
Q809,A524
Q810,A581
Q811,A631
Q812,A121
Q813,A525
Q814,A197
Q815,A845
Q816,A639
Q817,A80
Q818,A867
Q819,A360
Q820,A249
Q821,A817
Q822,A489
Q823,A229
Q824,A385
Q825,A808
Q826,A516
Q827,A168
Q828,A262
Q829,A970
Q830,A187
Q831,A741
Q832,A406
Q833,A842
Q834,A697
Q835,A415
Q836,A242
Q837,A514
Q838,A36
Q839,A939
Q840,A567
Q841,A58
Q842,A689
Q843,A121
Q844,A137
Q845,A5
Q846,A532
Q847,A655
Q848,A36
Q849,A156
Q850,A461
Q851,A64
Q852,A582
Q853,A618
Q854,A304
Q855,A220
Q856,A608
Q857,A600
Q858,A678
Q859,A860
Q860,A828
Q861,A654
Q862,A424
Q863,A86
Q864,A734
Q865,A478
Q866,A741
Q867,A527
Q868,A68
Q869,A656
Q870,A992
Q871,A968
Q872,A633
Q873,A876
Q874,A155
Q875,A435
Q876,A987
Q877,A749
Q878,A490
Q879,A59
Q880,A631
Q881,A648
Q882,A108
Q883,A878
Q884,A114
Q885,A830
Q886,A764
Q887,A942
Q888,A860
Q889,A806
Q890,A599
Q891,A114
Q892,A479
Q893,A35
Q894,A655
Q895,A180
Q896,A487
Q897,A209
Q898,A784
Q899,A791
Q900,A796
Q901,A987
Q902,A681
Q903,A898
Q904,A418
Q905,A660
Q906,A481
Q907,A655
Q908,A968
Q909,A128
Q910,A655
Q911,A837
Q912,A35
Q913,A196
Q914,A851
Q915,A863
Q916,A432
Q917,A764
Q918,A296
Q919,A567
Q920,A34
Q921,A250
Q922,A762
Q923,A784
Q924,A413
Q925,A948
Q926,A477
Q927,A73
Q928,A893
Q929,A285
Q930,A638
Q931,A399
Q932,A714
Q933,A79
Q934,A527
Q935,A808
Q936,A375
Q937,A953
Q938,A66
Q939,A735
Q940,A446
Q941,A200
Q942,A175
Q943,A878
Q944,A527
Q945,A232
Q946,A621
Q947,A837
Q948,A745
Q949,A687
Q950,A628
Q951,A486
Q952,A922
Q953,A484
Q954,A656
Q955,A894
Q956,A631
Q957,A811
Q958,A35
Q959,A693
Q960,A588
Q961,A285
Q962,A543
Q963,A252
Q964,A623
Q965,A147
Q966,A103
Q967,A345
Q968,A414
Q969,A405
Q970,A137
Q971,A912
Q972,A730
Q973,A194
Q974,A66
Q975,A605
Q976,A746
Q977,A278
Q978,A52
Q979,A564
Q980,A638
Q981,A99
Q982,A798
Q983,A891
Q984,A597
Q985,A809
Q986,A643
Q987,A441
Q988,A406
Q989,A638
Q990,A633
Q991,A572
Q992,A417
Q993,A692
Q994,A800
Q995,A658
Q996,A77
Q997,A960
Q998,A998
Q999,A463
Q1000,A184
Q1001,A970
Q1002,A189
Q1003,A176
Q1004,A383
Q1005,A809
Q1006,A754
Q1007,A876
Q1008,A572
Q1009,A665
Q1010,A266
Q1011,A226
Q1012,A414
Q1013,A488
Q1014,A998
Q1015,A911
Q1016,A492
Q1017,A499
Q1018,A465
Q1019,A898
Q1020,A706
Q1021,A539
Q1022,A963
Q1023,A531
Q1024,A86
Q1025,A656
Q1026,A662
Q1027,A894
Q1028,A44
Q1029,A166
Q1030,A228
Q1031,A596
Q1032,A497
Q1033,A630
Q1034,A413
Q1035,A866
Q1036,A514
Q1037,A664
Q1038,A559
Q1039,A845
Q1040,A877
Q1041,A780
Q1042,A744
Q1043,A664
Q1044,A348
Q1045,A285
Q1046,A997
Q1047,A485
Q1048,A385
Q1049,A960
Q1050,A813
Q1051,A810
Q1052,A697
Q1053,A732
Q1054,A643
Q1055,A515
Q1056,A819
Q1057,A806
Q1058,A460
Q1059,A575
Q1060,A609
Q1061,A882
Q1062,A787
Q1063,A728
Q1064,A888
Q1065,A524
Q1066,A594
Q1067,A808
Q1068,A187
Q1069,A934
Q1070,A803
Q1071,A608
Q1072,A264
Q1073,A415
Q1074,A841
Q1075,A976
Q1076,A335
Q1077,A200
Q1078,A151
Q1079,A618
Q1080,A584
Q1081,A537
Q1082,A40
Q1083,A608
Q1084,A821
Q1085,A184
Q1086,A264
Q1087,A811
Q1088,A176
Q1089,A910
Q1090,A385
Q1091,A729
Q1092,A515
Q1093,A551
Q1094,A454
Q1095,A984
Q1096,A883
Q1097,A590
Q1098,A465
Q1099,A618
Q1100,A681
Q1101,A124
Q1102,A996
Q1103,A584
Q1104,A375
Q1105,A780
Q1106,A277
Q1107,A473
Q1108,A899
Q1109,A545
Q1110,A910
Q1111,A999
Q1112,A907
Q1113,A868
Q1114,A423
Q1115,A262
Q1116,A471
Q1117,A2
Q1118,A530
Q1119,A887
Q1120,A331
Q1121,A585
Q1122,A158
Q1123,A842
Q1124,A750
Q1125,A887
Q1126,A759
Q1127,A899
Q1128,A62
Q1129,A408
Q1130,A700
Q1131,A833
Q1132,A385
Q1133,A266
Q1134,A348
Q1135,A848
Q1136,A66
Q1137,A66
Q1138,A542
Q1139,A56
Q1140,A958
Q1141,A748
Q1142,A790
Q1143,A414
Q1144,A910
Q1145,A685
Q1146,A950
Q1147,A381
Q1148,A14
Q1149,A728
Q1150,A240
Q1151,A537
Q1152,A869
Q1153,A736
Q1154,A153
Q1155,A485
Q1156,A747
Q1157,A487
Q1158,A630
Q1159,A515
Q1160,A928
Q1161,A222
Q1162,A660
Q1163,A510
Q1164,A623
Q1165,A459
Q1166,A413
Q1167,A744
Q1168,A618
Q1169,A423
Q1170,A731
Q1171,A541
Q1172,A137
Q1173,A905
Q1174,A358
Q1175,A441
Q1176,A257
Q1177,A742
Q1178,A465
Q1179,A495
Q1180,A538
Q1181,A26
Q1182,A855
Q1183,A983
Q1184,A428
Q1185,A374
Q1186,A637
Q1187,A499
Q1188,A46
Q1189,A478
Q1190,A206
Q1191,A478
Q1192,A415
Q1193,A515
Q1194,A596
Q1195,A911
Q1196,A973
Q1197,A862
Q1198,A859
Q1199,A302
Q1200,A504
Q1201,A662
Q1202,A835
Q1203,A568
Q1204,A479
Q1205,A904
Q1206,A836
Q1207,A186
Q1208,A620
Q1209,A638
Q1210,A167
Q1211,A503
Q1212,A438
Q1213,A691
Q1214,A967
Q1215,A283
Q1216,A639
Q1217,A511
Q1218,A345
Q1219,A926
Q1220,A108
Q1221,A675
Q1222,A708
Q1223,A493
Q1224,A855
Q1225,A859
Q1226,A632
Q1227,A440
Q1228,A772
Q1229,A77
Q1230,A155
Q1231,A452
Q1232,A446
Q1233,A546
Q1234,A414
Q1235,A926
Q1236,A884
Q1237,A41
Q1238,A202
Q1239,A478
Q1240,A292
Q1241,A750
Q1242,A895
Q1243,A825
Q1244,A799
Q1245,A752
Q1246,A484
Q1247,A196
Q1248,A59
Q1249,A44
Q1250,A703
Q1251,A60
Q1252,A809
Q1253,A643
Q1254,A240
Q1255,A714
Q1256,A664
Q1257,A226
Q1258,A8
Q1259,A778
Q1260,A503
Q1261,A188
Q1262,A463
Q1263,A497
Q1264,A478
Q1265,A729
Q1266,A987
Q1267,A212
Q1268,A827
Q1269,A285
Q1270,A383
Q1271,A615
Q1272,A447
Q1273,A836
Q1274,A413
Q1275,A742
Q1276,A848
Q1277,A847
Q1278,A266
Q1279,A741
Q1280,A885
Q1281,A748
Q1282,A756
Q1283,A662
Q1284,A418
Q1285,A631
Q1286,A67
Q1287,A908
Q1288,A241
Q1289,A525
Q1290,A5
Q1291,A164
Q1292,A585
Q1293,A954
Q1294,A516
Q1295,A782
Q1296,A395
Q1297,A438
Q1298,A401
Q1299,A573
Q1300,A708
Q1301,A206
Q1302,A232
Q1303,A977
Q1304,A436
Q1305,A447
Q1306,A622
Q1307,A463
Q1308,A248
Q1309,A841
Q1310,A787
Q1311,A910
Q1312,A373
Q1313,A285
Q1314,A523
Q1315,A962
Q1316,A819
Q1317,A329
Q1318,A966
Q1319,A767
Q1320,A383
Q1321,A899
Q1322,A639
Q1323,A459
Q1324,A678
Q1325,A437
Q1326,A484
Q1327,A205
Q1328,A754
Q1329,A636
Q1330,A389
Q1331,A477
Q1332,A21
Q1333,A875
Q1334,A869
Q1335,A768
Q1336,A455
Q1337,A516
Q1338,A358
Q1339,A772
Q1340,A782
Q1341,A534
Q1342,A821
Q1343,A426
Q1344,A505
Q1345,A566
Q1346,A638
Q1347,A124
Q1348,A44
Q1349,A185
Q1350,A664
Q1351,A943
Q1352,A416
Q1353,A887
Q1354,A907
Q1355,A226
Q1356,A807
Q1357,A972
Q1358,A727
Q1359,A233
Q1360,A248
Q1361,A505
Q1362,A113
Q1363,A721
Q1364,A852
Q1365,A799
Q1366,A585
Q1367,A739
Q1368,A74
Q1369,A224
Q1370,A841
Q1371,A345
Q1372,A695
Q1373,A101
Q1374,A947
Q1375,A908
Q1376,A692
Q1377,A548
Q1378,A806
Q1379,A489
Q1380,A731
Q1381,A193
Q1382,A641
Q1383,A478
Q1384,A163
Q1385,A689
Q1386,A356
Q1387,A329
Q1388,A996
Q1389,A413
Q1390,A732
Q1391,A796
Q1392,A655
Q1393,A238
Q1394,A609
Q1395,A998
Q1396,A558
Q1397,A434
Q1398,A428
Q1399,A611
Q1400,A827
Q1401,A875
Q1402,A643
Q1403,A620
Q1404,A753
Q1405,A726
Q1406,A662
Q1407,A329
Q1408,A503
Q1409,A697
Q1410,A899
Q1411,A901
Q1412,A777
Q1413,A433
Q1414,A386
Q1415,A542
Q1416,A931
Q1417,A60
Q1418,A851
Q1419,A346
Q1420,A502
Q1421,A49
Q1422,A961
Q1423,A703
Q1424,A311
Q1425,A534
Q1426,A797
Q1427,A784
Q1428,A52
Q1429,A923
Q1430,A568
Q1431,A360
Q1432,A775
Q1433,A681
Q1434,A935
Q1435,A492
Q1436,A536
Q1437,A494
Q1438,A267
Q1439,A544
Q1440,A852
Q1441,A692
Q1442,A383
Q1443,A213
Q1444,A386
Q1445,A49
Q1446,A335
Q1447,A126
Q1448,A869
Q1449,A151
Q1450,A266
Q1451,A402
Q1452,A581
Q1453,A894
Q1454,A881
Q1455,A485
Q1456,A439
Q1457,A490
Q1458,A501
Q1459,A676
Q1460,A110
Q1461,A703
Q1462,A192
Q1463,A898
Q1464,A493
Q1465,A158
Q1466,A208
Q1467,A826
Q1468,A427
Q1469,A590
Q1470,A542
Q1471,A855
Q1472,A423
Q1473,A161
Q1474,A459
Q1475,A489
Q1476,A857
Q1477,A966
Q1478,A77
Q1479,A650
Q1480,A829
Q1481,A167
Q1482,A871
Q1483,A998
Q1484,A572
Q1485,A108
Q1486,A154
Q1487,A762
Q1488,A972
Q1489,A461
Q1490,A278
Q1491,A848
Q1492,A526
Q1493,A529
Q1494,A349
Q1495,A557
Q1496,A51
Q1497,A838
Q1498,A716
Q1499,A756
Q1500,A861
Q1501,A857
Q1502,A201
Q1503,A326
Q1504,A500
Q1505,A922
Q1506,A844
Q1507,A773
Q1508,A519
Q1509,A524
Q1510,A450
Q1511,A970
Q1512,A566
Q1513,A280
Q1514,A839
Q1515,A776
Q1516,A712
Q1517,A386
Q1518,A846
Q1519,A542
Q1520,A159
Q1521,A562
Q1522,A36
Q1523,A969
Q1524,A200
Q1525,A106
Q1526,A119
Q1527,A529
Q1528,A29
Q1529,A838
Q1530,A64
Q1531,A423
Q1532,A428
Q1533,A973
Q1534,A461
Q1535,A504
Q1536,A657
Q1537,A336
Q1538,A738
Q1539,A334
Q1540,A353
Q1541,A194
Q1542,A657
Q1543,A109
Q1544,A674
Q1545,A539
Q1546,A911
Q1547,A718
Q1548,A493
Q1549,A505
Q1550,A349
Q1551,A410
Q1552,A340
Q1553,A841
Q1554,A193
Q1555,A595
Q1556,A374
Q1557,A584
Q1558,A623
Q1559,A775
Q1560,A758
Q1561,A155
Q1562,A856
Q1563,A526
Q1564,A968
Q1565,A809
Q1566,A4
Q1567,A692
Q1568,A226
Q1569,A824
Q1570,A757
Q1571,A656
Q1572,A869
Q1573,A663
Q1574,A271
Q1575,A907
Q1576,A836
Q1577,A943
Q1578,A204
Q1579,A202
Q1580,A590
Q1581,A249
Q1582,A931
Q1583,A743
Q1584,A676
Q1585,A8
Q1586,A867
Q1587,A807
Q1588,A668
Q1589,A167
Q1590,A949
Q1591,A895
Q1592,A697
Q1593,A586
Q1594,A716
Q1595,A657
Q1596,A349
Q1597,A646
Q1598,A559
Q1599,A445
Q1600,A385
Q1601,A453
Q1602,A508
Q1603,A742
Q1604,A193
Q1605,A453
Q1606,A170
Q1607,A89
Q1608,A763
Q1609,A231
Q1610,A765
Q1611,A478
Q1612,A140
Q1613,A718
Q1614,A827
Q1615,A49
Q1616,A415
Q1617,A725
Q1618,A846
Q1619,A975
Q1620,A918
Q1621,A922
Q1622,A773
Q1623,A655
Q1624,A860
Q1625,A928
Q1626,A622
Q1627,A762
Q1628,A620
Q1629,A412
Q1630,A748
Q1631,A893
Q1632,A469
Q1633,A330
Q1634,A750
Q1635,A250
Q1636,A718
Q1637,A582
Q1638,A464
Q1639,A908
Q1640,A265
Q1641,A598
Q1642,A513
Q1643,A463
Q1644,A226
Q1645,A168
Q1646,A810
Q1647,A731
Q1648,A287
Q1649,A494
Q1650,A82
Q1651,A978
Q1652,A490
Q1653,A752
Q1654,A643
Q1655,A860
Q1656,A62
Q1657,A385
Q1658,A742
Q1659,A385
Q1660,A55
Q1661,A771
Q1662,A818
Q1663,A813
Q1664,A971
Q1665,A30
Q1666,A725
Q1667,A97
Q1668,A525
Q1669,A402
Q1670,A899
Q1671,A879
Q1672,A794
Q1673,A722
Q1674,A377
Q1675,A34
Q1676,A850
Q1677,A901
Q1678,A580
Q1679,A849
Q1680,A267
Q1681,A235
Q1682,A497
Q1683,A421
Q1684,A978
Q1685,A452
Q1686,A813
Q1687,A905
Q1688,A552
Q1689,A732
Q1690,A839
Q1691,A239
Q1692,A602
Q1693,A631
Q1694,A769
Q1695,A218
Q1696,A772
Q1697,A433
Q1698,A688
Q1699,A904
Q1700,A917
Q1701,A659
Q1702,A684
Q1703,A968
Q1704,A922
Q1705,A903
Q1706,A883
Q1707,A651
Q1708,A195
Q1709,A657
Q1710,A631
Q1711,A967
Q1712,A122
Q1713,A845
Q1714,A562
Q1715,A167
Q1716,A608
Q1717,A173
Q1718,A724
Q1719,A673
Q1720,A319
Q1721,A866
Q1722,A353
Q1723,A469
Q1724,A497
Q1725,A961
Q1726,A818
Q1727,A872
Q1728,A99
Q1729,A433
Q1730,A999
Q1731,A796
Q1732,A311
Q1733,A242
Q1734,A155
Q1735,A600
Q1736,A911
Q1737,A132
Q1738,A920
Q1739,A630
Q1740,A84
Q1741,A945
Q1742,A600
Q1743,A488
Q1744,A175
Q1745,A379
Q1746,A151
Q1747,A920
Q1748,A103
Q1749,A764
Q1750,A46
Q1751,A153
Q1752,A216
Q1753,A904
Q1754,A821
Q1755,A112
Q1756,A360
Q1757,A967
Q1758,A780
Q1759,A81
Q1760,A750
Q1761,A848
Q1762,A166
Q1763,A659
Q1764,A263
Q1765,A159
Q1766,A652
Q1767,A999
Q1768,A905
Q1769,A885
Q1770,A367
Q1771,A660
Q1772,A68
Q1773,A656
Q1774,A327
Q1775,A596
Q1776,A542
Q1777,A62
Q1778,A911
Q1779,A328
Q1780,A485
Q1781,A938
Q1782,A241
Q1783,A857
Q1784,A285
Q1785,A596
Q1786,A337
Q1787,A528
Q1788,A115
Q1789,A775
Q1790,A352
Q1791,A917
Q1792,A689
Q1793,A231
Q1794,A186
Q1795,A711
Q1796,A264
Q1797,A752
Q1798,A754
Q1799,A165
Q1800,A559
Q1801,A427
Q1802,A123
Q1803,A846
Q1804,A774
Q1805,A374
Q1806,A665
Q1807,A201
Q1808,A587
Q1809,A744
Q1810,A495
Q1811,A444
Q1812,A928
Q1813,A633
Q1814,A879
Q1815,A202
Q1816,A86
Q1817,A828
Q1818,A21
Q1819,A557
Q1820,A538
Q1821,A949
Q1822,A631
Q1823,A898
Q1824,A60
Q1825,A821
Q1826,A809
Q1827,A195
Q1828,A49
Q1829,A944
Q1830,A808
Q1831,A865
Q1832,A38
Q1833,A966
Q1834,A631
Q1835,A642
Q1836,A892
Q1837,A98
Q1838,A806
Q1839,A175
Q1840,A248
Q1841,A784
Q1842,A243
Q1843,A413
Q1844,A383
Q1845,A754
Q1846,A766
Q1847,A163
Q1848,A684
Q1849,A5
Q1850,A391
Q1851,A20
Q1852,A644
Q1853,A352
Q1854,A3
Q1855,A467
Q1856,A318
Q1857,A358
Q1858,A542
Q1859,A770
Q1860,A502
Q1861,A556
Q1862,A644
Q1863,A266
Q1864,A127
Q1865,A304
Q1866,A623
Q1867,A966
Q1868,A98
Q1869,A692
Q1870,A754
Q1871,A908
Q1872,A932
Q1873,A542
Q1874,A174
Q1875,A623
Q1876,A427
Q1877,A887
Q1878,A482
Q1879,A567
Q1880,A453
Q1881,A539
Q1882,A452
Q1883,A877
Q1884,A799
Q1885,A519
Q1886,A485
Q1887,A901
Q1888,A966
Q1889,A453
Q1890,A969
Q1891,A419
Q1892,A733
Q1893,A623
Q1894,A423
Q1895,A249
Q1896,A59
Q1897,A733
Q1898,A620
Q1899,A557
Q1900,A999
Q1901,A587
Q1902,A385
Q1903,A25
Q1904,A584
Q1905,A533
Q1906,A635
Q1907,A851
Q1908,A165
Q1909,A741
Q1910,A796
Q1911,A231
Q1912,A366
Q1913,A782
Q1914,A774
Q1915,A962
Q1916,A383
Q1917,A811
Q1918,A654
Q1919,A836
Q1920,A179
Q1921,A856
Q1922,A773
Q1923,A581
Q1924,A232
Q1925,A626
Q1926,A574
Q1927,A941
Q1928,A669
Q1929,A703
Q1930,A65
Q1931,A500
Q1932,A978
Q1933,A731
Q1934,A421
Q1935,A835
Q1936,A948
Q1937,A489
Q1938,A167
Q1939,A46
Q1940,A59
Q1941,A924
Q1942,A792
Q1943,A455
Q1944,A549
Q1945,A68
Q1946,A530
Q1947,A429
Q1948,A976
Q1949,A710
Q1950,A860
Q1951,A671
Q1952,A790
Q1953,A536
Q1954,A215
Q1955,A152
Q1956,A737
Q1957,A493
Q1958,A435
Q1959,A813
Q1960,A167
Q1961,A818
Q1962,A998
Q1963,A940
Q1964,A193
Q1965,A976
Q1966,A466
Q1967,A691
Q1968,A883
Q1969,A706
Q1970,A876
Q1971,A517
Q1972,A52
Q1973,A767
Q1974,A748
Q1975,A965
Q1976,A180
Q1977,A444
Q1978,A962
Q1979,A941
Q1980,A622
Q1981,A792
Q1982,A165
Q1983,A423
Q1984,A960
Q1985,A222
Q1986,A652
Q1987,A553
Q1988,A30
Q1989,A36
Q1990,A780
Q1991,A689
Q1992,A419
Q1993,A976
Q1994,A732
Q1995,A978
Q1996,A811
Q1997,A638
Q1998,A659
Q1999,A640
Q2000,A320
Q2001,A848
Q2002,A667
Q2003,A698
Q2004,A578
Q2005,A987
Q2006,A241
Q2007,A49
Q2008,A523
Q2009,A683
Q2010,A610
Q2011,A285
Q2012,A414
Q2013,A248
Q2014,A643
Q2015,A68
Q2016,A541
Q2017,A201
Q2018,A39
Q2019,A424
Q2020,A834
Q2021,A657
Q2022,A77
Q2023,A46
Q2024,A427
Q2025,A498
Q2026,A884
Q2027,A637
Q2028,A839
Q2029,A548
Q2030,A851
Q2031,A400
Q2032,A976
Q2033,A737
Q2034,A907
Q2035,A224
Q2036,A462
Q2037,A86
Q2038,A532
Q2039,A954
Q2040,A153
Q2041,A602
Q2042,A529
Q2043,A527
Q2044,A242
Q2045,A630
Q2046,A681
Q2047,A808
Q2048,A585
Q2049,A624
Q2050,A780
Q2051,A281
Q2052,A470
Q2053,A435
Q2054,A762
Q2055,A680
Q2056,A906
Q2057,A781
Q2058,A482
Q2059,A195
Q2060,A485
Q2061,A185
Q2062,A118
Q2063,A970
Q2064,A600
Q2065,A776
Q2066,A923
Q2067,A52
Q2068,A658
Q2069,A434
Q2070,A599
Q2071,A689
Q2072,A778
Q2073,A499
Q2074,A792
Q2075,A670
Q2076,A854
Q2077,A234
Q2078,A544
Q2079,A452
Q2080,A570
Q2081,A158
Q2082,A729
Q2083,A813
Q2084,A516
Q2085,A506
Q2086,A497
Q2087,A479
Q2088,A647
Q2089,A725
Q2090,A859
Q2091,A386
Q2092,A3
Q2093,A541
Q2094,A942
Q2095,A66
Q2096,A519
Q2097,A853
Q2098,A470
Q2099,A573
Q2100,A525
Q2101,A608
Q2102,A775
Q2103,A433
Q2104,A278
Q2105,A207
Q2106,A513
Q2107,A162
Q2108,A950
Q2109,A504
Q2110,A748
Q2111,A409
Q2112,A180
Q2113,A709
Q2114,A861
Q2115,A864
Q2116,A657
Q2117,A606
Q2118,A501
Q2119,A961
Q2120,A772
Q2121,A463
Q2122,A748
Q2123,A654
Q2124,A204
Q2125,A804
Q2126,A681
Q2127,A431
Q2128,A662
Q2129,A541
Q2130,A32
Q2131,A448
Q2132,A904
Q2133,A398
Q2134,A616
Q2135,A709
Q2136,A638
Q2137,A987
Q2138,A876
Q2139,A390
Q2140,A861
Q2141,A601
Q2142,A869
Q2143,A170
Q2144,A233
Q2145,A639
Q2146,A697
Q2147,A636
Q2148,A414
Q2149,A494
Q2150,A622
Q2151,A686
Q2152,A945
Q2153,A899
Q2154,A527
Q2155,A824
Q2156,A460
Q2157,A390
Q2158,A499
Q2159,A799
Q2160,A77
Q2161,A193
Q2162,A557
Q2163,A544
Q2164,A507
Q2165,A42
Q2166,A684
Q2167,A671
Q2168,A473
Q2169,A314
Q2170,A454
Q2171,A405
Q2172,A502
Q2173,A180
Q2174,A228
Q2175,A708
Q2176,A870
Q2177,A712
Q2178,A787
Q2179,A524
Q2180,A817
Q2181,A662
Q2182,A790
Q2183,A808
Q2184,A459
Q2185,A716
Q2186,A825
Q2187,A695
Q2188,A917
Q2189,A618
Q2190,A828
Q2191,A191
Q2192,A482
Q2193,A923
Q2194,A366
Q2195,A858
Q2196,A282
Q2197,A653
Q2198,A142
Q2199,A342
Q2200,A240
Q2201,A675
Q2202,A652
Q2203,A891
Q2204,A590
Q2205,A772
Q2206,A660
Q2207,A618
Q2208,A441
Q2209,A909
Q2210,A59
Q2211,A358
Q2212,A523
Q2213,A811
Q2214,A784
Q2215,A920
Q2216,A438
Q2217,A925
Q2218,A871
Q2219,A643
Q2220,A656
Q2221,A729
Q2222,A962
Q2223,A493
Q2224,A729
Q2225,A519
Q2226,A939
Q2227,A948
Q2228,A867
Q2229,A750
Q2230,A542
Q2231,A141
Q2232,A180
Q2233,A248
Q2234,A987
Q2235,A682
Q2236,A765
Q2237,A282
Q2238,A620
Q2239,A979
Q2240,A553
Q2241,A518
Q2242,A744
Q2243,A167
Q2244,A399
Q2245,A168
Q2246,A857
Q2247,A526
Q2248,A406
Q2249,A602
Q2250,A718
Q2251,A264
Q2252,A192
Q2253,A481
Q2254,A449
Q2255,A865
Q2256,A32
Q2257,A524
Q2258,A636
Q2259,A675
Q2260,A72
Q2261,A837
Q2262,A584
Q2263,A63
Q2264,A226
Q2265,A891
Q2266,A733
Q2267,A360
Q2268,A609
Q2269,A495
Q2270,A522
Q2271,A110
Q2272,A907
Q2273,A123
Q2274,A296
Q2275,A189
Q2276,A765
Q2277,A206
Q2278,A787
Q2279,A557
Q2280,A344
Q2281,A850
Q2282,A760
Q2283,A270
Q2284,A987
Q2285,A809
Q2286,A689
Q2287,A233
Q2288,A893
Q2289,A892
Q2290,A204
Q2291,A839
Q2292,A947
Q2293,A746
Q2294,A609
Q2295,A601
Q2296,A580
Q2297,A170
Q2298,A532
Q2299,A240
Q2300,A627
Q2301,A131
Q2302,A192
Q2303,A733
Q2304,A211
Q2305,A608
Q2306,A895
Q2307,A411
Q2308,A250
Q2309,A841
Q2310,A467
Q2311,A441
Q2312,A517
Q2313,A546
Q2314,A798
Q2315,A315
Q2316,A240
Q2317,A520
Q2318,A253
Q2319,A914
Q2320,A153
Q2321,A764
Q2322,A762
Q2323,A634
Q2324,A519
Q2325,A676
Q2326,A892
Q2327,A481
Q2328,A860
Q2329,A202
Q2330,A126
Q2331,A435
Q2332,A845
Q2333,A588
Q2334,A747
Q2335,A894
Q2336,A675
Q2337,A261
Q2338,A897
Q2339,A930
Q2340,A773
Q2341,A987
Q2342,A600
Q2343,A623
Q2344,A61
Q2345,A967
Q2346,A465
Q2347,A248
Q2348,A578
Q2349,A633
Q2350,A452
Q2351,A73
Q2352,A557
Q2353,A697
Q2354,A106
Q2355,A418
Q2356,A60
Q2357,A777
Q2358,A623
Q2359,A864
Q2360,A527
Q2361,A436
Q2362,A773
Q2363,A118
Q2364,A222
Q2365,A633
Q2366,A477
Q2367,A368
Q2368,A329
Q2369,A950
Q2370,A498
Q2371,A405
Q2372,A639
Q2373,A876
Q2374,A303
Q2375,A638
Q2376,A830
Q2377,A181
Q2378,A975
Q2379,A381
Q2380,A108
Q2381,A485
Q2382,A601
Q2383,A171
Q2384,A935
Q2385,A40
Q2386,A118
Q2387,A428
Q2388,A937
Q2389,A113
Q2390,A124
Q2391,A489
Q2392,A435
Q2393,A846
Q2394,A524
Q2395,A506
Q2396,A477
Q2397,A469
Q2398,A273
Q2399,A58
Q2400,A483
Q2401,A329
Q2402,A975
Q2403,A968
Q2404,A803
Q2405,A773
Q2406,A199
Q2407,A885
Q2408,A441
Q2409,A830
Q2410,A413
Q2411,A493
Q2412,A619
Q2413,A835
Q2414,A782
Q2415,A487
Q2416,A341
Q2417,A846
Q2418,A731
Q2419,A710
Q2420,A338
Q2421,A764
Q2422,A504
Q2423,A155
Q2424,A743
Q2425,A899
Q2426,A58
Q2427,A310
Q2428,A745
Q2429,A327
Q2430,A743
Q2431,A383
Q2432,A269
Q2433,A855
Q2434,A32
Q2435,A693
Q2436,A913
Q2437,A567
Q2438,A390
Q2439,A281
Q2440,A166
Q2441,A841
Q2442,A503
Q2443,A4
Q2444,A32
Q2445,A891
Q2446,A826
Q2447,A455
Q2448,A365
Q2449,A341
Q2450,A18
Q2451,A731
Q2452,A509
Q2453,A770
Q2454,A186
Q2455,A440
Q2456,A523
Q2457,A794
Q2458,A683
Q2459,A446
Q2460,A231
Q2461,A200
Q2462,A266
Q2463,A451
Q2464,A899
Q2465,A310
Q2466,A835
Q2467,A213
Q2468,A839
Q2469,A240
Q2470,A961
Q2471,A923
Q2472,A174
Q2473,A775
Q2474,A578
Q2475,A446
Q2476,A664
Q2477,A97
Q2478,A882
Q2479,A686
Q2480,A845
Q2481,A412
Q2482,A776
Q2483,A327
Q2484,A526
Q2485,A35
Q2486,A837
Q2487,A202
Q2488,A265
Q2489,A998
Q2490,A994
Q2491,A804
Q2492,A655
Q2493,A667
Q2494,A864
Q2495,A59
Q2496,A617
Q2497,A433
Q2498,A799
Q2499,A715
Q2500,A561
Q2501,A494
Q2502,A651
Q2503,A123
Q2504,A704
Q2505,A473
Q2506,A517
Q2507,A424
Q2508,A909
Q2509,A424
Q2510,A212
Q2511,A691
Q2512,A282
Q2513,A68
Q2514,A600
Q2515,A837
Q2516,A452
Q2517,A964
Q2518,A342
Q2519,A883
Q2520,A68
Q2521,A423
Q2522,A709
Q2523,A116
Q2524,A244
Q2525,A969
Q2526,A298
Q2527,A348
Q2528,A248
Q2529,A503
Q2530,A248
Q2531,A655
Q2532,A530
Q2533,A457
Q2534,A382
Q2535,A883
Q2536,A824
Q2537,A879
Q2538,A516
Q2539,A981
Q2540,A912
Q2541,A269
Q2542,A848
Q2543,A885
Q2544,A960
Q2545,A941
Q2546,A617
Q2547,A427
Q2548,A85
Q2549,A643
Q2550,A68
Q2551,A762
Q2552,A876
Q2553,A934
Q2554,A737
Q2555,A911
Q2556,A825
Q2557,A926
Q2558,A651
Q2559,A991
Q2560,A150
Q2561,A453
Q2562,A599
Q2563,A852
Q2564,A463
Q2565,A180
Q2566,A539
Q2567,A313
Q2568,A641
Q2569,A457
Q2570,A836
Q2571,A759
Q2572,A725
Q2573,A977
Q2574,A304
Q2575,A68
Q2576,A39
Q2577,A657
Q2578,A594
Q2579,A436
Q2580,A600
Q2581,A494
Q2582,A916
Q2583,A396
Q2584,A837
Q2585,A773
Q2586,A610
Q2587,A660
Q2588,A513
Q2589,A431
Q2590,A619
Q2591,A654
Q2592,A600
Q2593,A481
Q2594,A66
Q2595,A651
Q2596,A498
Q2597,A844
Q2598,A772
Q2599,A909
Q2600,A725
Q2601,A481
Q2602,A598
Q2603,A615
Q2604,A590
Q2605,A632
Q2606,A411
Q2607,A106
Q2608,A878
Q2609,A555
Q2610,A703
Q2611,A703
Q2612,A529
Q2613,A158
Q2614,A976
Q2615,A930
Q2616,A402
Q2617,A723
Q2618,A709
Q2619,A651
Q2620,A844
Q2621,A281
Q2622,A62
Q2623,A600
Q2624,A506
Q2625,A639
Q2626,A193
Q2627,A60
Q2628,A898
Q2629,A506
Q2630,A222
Q2631,A400
Q2632,A615
Q2633,A621
Q2634,A282
Q2635,A600
Q2636,A640
Q2637,A240
Q2638,A629
Q2639,A453
Q2640,A886
Q2641,A978
Q2642,A700
Q2643,A509
Q2644,A16
Q2645,A782
Q2646,A906
Q2647,A299
Q2648,A775
Q2649,A646
Q2650,A742
Q2651,A348
Q2652,A413
Q2653,A930
Q2654,A103
Q2655,A901
Q2656,A830
Q2657,A68
Q2658,A489
Q2659,A613
Q2660,A567
Q2661,A265
Q2662,A184
Q2663,A42
Q2664,A728
Q2665,A871
Q2666,A899
Q2667,A919
Q2668,A905
Q2669,A181
Q2670,A876
Q2671,A459
Q2672,A744
Q2673,A191
Q2674,A671
Q2675,A68
Q2676,A438
Q2677,A917
Q2678,A454
Q2679,A960
Q2680,A314
Q2681,A981
Q2682,A807
Q2683,A798
Q2684,A950
Q2685,A413
Q2686,A675
Q2687,A889
Q2688,A391
Q2689,A802
Q2690,A204
Q2691,A248
Q2692,A520
Q2693,A399
Q2694,A541
Q2695,A360
Q2696,A567
Q2697,A623
Q2698,A875
Q2699,A906
Q2700,A436
Q2701,A246
Q2702,A454
Q2703,A450
Q2704,A652
Q2705,A584
Q2706,A966
Q2707,A885
Q2708,A748
Q2709,A108
Q2710,A415
Q2711,A134
Q2712,A744
Q2713,A194
Q2714,A243
Q2715,A858
Q2716,A66
Q2717,A466
Q2718,A362
Q2719,A427
Q2720,A705
Q2721,A541
Q2722,A663
Q2723,A147
Q2724,A183
Q2725,A838
Q2726,A548
Q2727,A896
Q2728,A926
Q2729,A445
Q2730,A74
Q2731,A909
Q2732,A190
Q2733,A963
Q2734,A193
Q2735,A452
Q2736,A446
Q2737,A62
Q2738,A151
Q2739,A941
Q2740,A588
Q2741,A123
Q2742,A787
Q2743,A762
Q2744,A126
Q2745,A400
Q2746,A836
Q2747,A61
Q2748,A415
Q2749,A189
Q2750,A577
Q2751,A782
Q2752,A835
Q2753,A785
Q2754,A536
Q2755,A318
Q2756,A969
Q2757,A465
Q2758,A187
Q2759,A838
Q2760,A492
Q2761,A159
Q2762,A45
Q2763,A457
Q2764,A474
Q2765,A962
Q2766,A758
Q2767,A454
Q2768,A590
Q2769,A528
Q2770,A372
Q2771,A536
Q2772,A856
Q2773,A740
Q2774,A728
Q2775,A639
Q2776,A821
Q2777,A578
Q2778,A706
Q2779,A815
Q2780,A683
Q2781,A516
Q2782,A630
Q2783,A678
Q2784,A242
Q2785,A750
Q2786,A577
Q2787,A556
Q2788,A512
Q2789,A728
Q2790,A925
Q2791,A738
Q2792,A636
Q2793,A367
Q2794,A303
Q2795,A895
Q2796,A107
Q2797,A813
Q2798,A897
Q2799,A505
Q2800,A549
Q2801,A534
Q2802,A352
Q2803,A572
Q2804,A459
Q2805,A902
Q2806,A504
Q2807,A681
Q2808,A248
Q2809,A782
Q2810,A708
Q2811,A179
Q2812,A673
Q2813,A806
Q2814,A836
Q2815,A397
Q2816,A59
Q2817,A204
Q2818,A481
Q2819,A183
Q2820,A509
Q2821,A163
Q2822,A331
Q2823,A588
Q2824,A757
Q2825,A478
Q2826,A445
Q2827,A963
Q2828,A623
Q2829,A883
Q2830,A597
Q2831,A159
Q2832,A479
Q2833,A885
Q2834,A417
Q2835,A799
Q2836,A74
Q2837,A473
Q2838,A186
Q2839,A224
Q2840,A743
Q2841,A704
Q2842,A460
Q2843,A714
Q2844,A584
Q2845,A166
Q2846,A615
Q2847,A908
Q2848,A735
Q2849,A442
Q2850,A659
Q2851,A618
Q2852,A747
Q2853,A692
Q2854,A482
Q2855,A864
Q2856,A854
Q2857,A225
Q2858,A815
Q2859,A663
Q2860,A285
Q2861,A551
Q2862,A52
Q2863,A848
Q2864,A629
Q2865,A5
Q2866,A700
Q2867,A851
Q2868,A907
Q2869,A905
Q2870,A119
Q2871,A663
Q2872,A589
Q2873,A66
Q2874,A413
Q2875,A584
Q2876,A218
Q2877,A435
Q2878,A816
Q2879,A736
Q2880,A501
Q2881,A966
Q2882,A64
Q2883,A968
Q2884,A386
Q2885,A413
Q2886,A722
Q2887,A848
Q2888,A633
Q2889,A946
Q2890,A714
Q2891,A748
Q2892,A996
Q2893,A489
Q2894,A827
Q2895,A639
Q2896,A348
Q2897,A192
Q2898,A678
Q2899,A686
Q2900,A766
Q2901,A712
Q2902,A887
Q2903,A395
Q2904,A456
Q2905,A876
Q2906,A748
Q2907,A664
Q2908,A836
Q2909,A922
Q2910,A746
Q2911,A891
Q2912,A79
Q2913,A280
Q2914,A400
Q2915,A846
Q2916,A788
Q2917,A632
Q2918,A584
Q2919,A370
Q2920,A761
Q2921,A796
Q2922,A40
Q2923,A876
Q2924,A863
Q2925,A469
Q2926,A79
Q2927,A608
Q2928,A404
Q2929,A884
Q2930,A119
Q2931,A825
Q2932,A817
Q2933,A460
Q2934,A861
Q2935,A601
Q2936,A976
Q2937,A230
Q2938,A735
Q2939,A487
Q2940,A429
Q2941,A348
Q2942,A445
Q2943,A485
Q2944,A555
Q2945,A624
Q2946,A818
Q2947,A675
Q2948,A34
Q2949,A38
Q2950,A208
Q2951,A856
Q2952,A705
Q2953,A614
Q2954,A848
Q2955,A447
Q2956,A570
Q2957,A767
Q2958,A835
Q2959,A706
Q2960,A665
Q2961,A248
Q2962,A34
Q2963,A7
Q2964,A692
Q2965,A391
Q2966,A549
Q2967,A68
Q2968,A457
Q2969,A312
Q2970,A972
Q2971,A124
Q2972,A664
Q2973,A278
Q2974,A369
Q2975,A692
Q2976,A958
Q2977,A339
Q2978,A414
Q2979,A524
Q2980,A597
Q2981,A844
Q2982,A626
Q2983,A345
Q2984,A526
Q2985,A542
Q2986,A803
Q2987,A698
Q2988,A402
Q2989,A428
Q2990,A210
Q2991,A250
Q2992,A658
Q2993,A818
Q2994,A598
Q2995,A808
Q2996,A889
Q2997,A523
Q2998,A264
Q2999,A516
Q3000,A836
Q3001,A964
Q3002,A689
Q3003,A519
Q3004,A764
Q3005,A950
Q3006,A3
Q3007,A841
Q3008,A330
Q3009,A246
Q3010,A265
Q3011,A862
Q3012,A876
Q3013,A469
Q3014,A837
Q3015,A975
Q3016,A513
Q3017,A801
Q3018,A390
Q3019,A544
Q3020,A543
Q3021,A390
Q3022,A799
Q3023,A308
Q3024,A429
Q3025,A913
Q3026,A669
Q3027,A692
Q3028,A66
Q3029,A208
Q3030,A173
Q3031,A329
Q3032,A65
Q3033,A826
Q3034,A876
Q3035,A265
Q3036,A703
Q3037,A537
Q3038,A517
Q3039,A848
Q3040,A249
Q3041,A754
Q3042,A865
Q3043,A435
Q3044,A444
Q3045,A838
Q3046,A317
Q3047,A824
Q3048,A619
Q3049,A270
Q3050,A879
Q3051,A431
Q3052,A516
Q3053,A673
Q3054,A183
Q3055,A525
Q3056,A666
Q3057,A735
Q3058,A228
Q3059,A534
Q3060,A524
Q3061,A971
Q3062,A682
Q3063,A837
Q3064,A369
Q3065,A650
Q3066,A598
Q3067,A860
Q3068,A839
Q3069,A67
Q3070,A749
Q3071,A609
Q3072,A892
Q3073,A534
Q3074,A306
Q3075,A504
Q3076,A889
Q3077,A114
Q3078,A939
Q3079,A480
Q3080,A961
Q3081,A818
Q3082,A817
Q3083,A848
Q3084,A830
Q3085,A846
Q3086,A844
Q3087,A873
Q3088,A538
Q3089,A923
Q3090,A721
Q3091,A464
Q3092,A681
Q3093,A791
Q3094,A39
Q3095,A612
Q3096,A689
Q3097,A733
Q3098,A349
Q3099,A248
Q3100,A168
Q3101,A784
Q3102,A201
Q3103,A536
Q3104,A619
Q3105,A32
Q3106,A526
Q3107,A595
Q3108,A40
Q3109,A303
Q3110,A426
Q3111,A884
Q3112,A930
Q3113,A655
Q3114,A151
Q3115,A377
Q3116,A695
Q3117,A173
Q3118,A310
Q3119,A552
Q3120,A383
Q3121,A58
Q3122,A551
Q3123,A838
Q3124,A67
Q3125,A295
Q3126,A358
Q3127,A643
Q3128,A905
Q3129,A266
Q3130,A142
Q3131,A443
Q3132,A631
Q3133,A447
Q3134,A914
Q3135,A724
Q3136,A265
Q3137,A473
Q3138,A854
Q3139,A683
Q3140,A155
Q3141,A772
Q3142,A427
Q3143,A180
Q3144,A978
Q3145,A167
Q3146,A589
Q3147,A519
Q3148,A412
Q3149,A60
Q3150,A542
Q3151,A244
Q3152,A921
Q3153,A964
Q3154,A692
Q3155,A931
Q3156,A638
Q3157,A585
Q3158,A664
Q3159,A665
Q3160,A668
Q3161,A300
Q3162,A459
Q3163,A848
Q3164,A52
Q3165,A596
Q3166,A30
Q3167,A691
Q3168,A287
Q3169,A976
Q3170,A898
Q3171,A960
Q3172,A235
Q3173,A709
Q3174,A523
Q3175,A776
Q3176,A578
Q3177,A445
Q3178,A405
Q3179,A419
Q3180,A651
Q3181,A968
Q3182,A282
Q3183,A549
Q3184,A499
Q3185,A265
Q3186,A695
Q3187,A227
Q3188,A599
Q3189,A930
Q3190,A190
Q3191,A462
Q3192,A523
Q3193,A895
Q3194,A675
Q3195,A608
Q3196,A858
Q3197,A610
Q3198,A961
Q3199,A493
Q3200,A101
Q3201,A457
Q3202,A447
Q3203,A582
Q3204,A78
Q3205,A602
Q3206,A881
Q3207,A710
Q3208,A857
Q3209,A496
Q3210,A871
Q3211,A373
Q3212,A699
Q3213,A418
Q3214,A885
Q3215,A478
Q3216,A765
Q3217,A693
Q3218,A836
Q3219,A911
Q3220,A826
Q3221,A872
Q3222,A702
Q3223,A473
Q3224,A684
Q3225,A477
Q3226,A238
Q3227,A484
Q3228,A57
Q3229,A445
Q3230,A725
Q3231,A538
Q3232,A689
Q3233,A124
Q3234,A546
Q3235,A532
Q3236,A414
Q3237,A837
Q3238,A250
Q3239,A311
Q3240,A751
Q3241,A652
Q3242,A23
Q3243,A813
Q3244,A928
Q3245,A377
Q3246,A269
Q3247,A10
Q3248,A862
Q3249,A367
Q3250,A969
Q3251,A492
Q3252,A237
Q3253,A737
Q3254,A881
Q3255,A222
Q3256,A656
Q3257,A702
Q3258,A954
Q3259,A974
Q3260,A400
Q3261,A185
Q3262,A377
Q3263,A423
Q3264,A846
Q3265,A605
Q3266,A836
Q3267,A348
Q3268,A36
Q3269,A366
Q3270,A97
Q3271,A70
Q3272,A165
Q3273,A151
Q3274,A516
Q3275,A488
Q3276,A587
Q3277,A943
Q3278,A445
Q3279,A198
Q3280,A925
Q3281,A424
Q3282,A309
Q3283,A243
Q3284,A977
Q3285,A911
Q3286,A725
Q3287,A386
Q3288,A910
Q3289,A592
Q3290,A601
Q3291,A446
Q3292,A524
Q3293,A385
Q3294,A855
Q3295,A385
Q3296,A416
Q3297,A764
Q3298,A949
Q3299,A318
Q3300,A907
Q3301,A271
Q3302,A26
Q3303,A787
Q3304,A409
Q3305,A692
Q3306,A432
Q3307,A358
Q3308,A316
Q3309,A919
Q3310,A290
Q3311,A706
Q3312,A406
Q3313,A769
Q3314,A240
Q3315,A622
Q3316,A348
Q3317,A173
Q3318,A186
Q3319,A961
Q3320,A6
Q3321,A660
Q3322,A949
Q3323,A868
Q3324,A587
Q3325,A505
Q3326,A34
Q3327,A684
Q3328,A650
Q3329,A975
Q3330,A482
Q3331,A464
Q3332,A577
Q3333,A618
Q3334,A670
Q3335,A117
Q3336,A391
Q3337,A689
Q3338,A429
Q3339,A395
Q3340,A0
Q3341,A834
Q3342,A975
Q3343,A327
Q3344,A671
Q3345,A855
Q3346,A623
Q3347,A902
Q3348,A633
Q3349,A370
Q3350,A836
Q3351,A827
Q3352,A504
Q3353,A620
Q3354,A918
Q3355,A96
Q3356,A446
Q3357,A526
Q3358,A608
Q3359,A979
Q3360,A898
Q3361,A781
Q3362,A123
Q3363,A909
Q3364,A594
Q3365,A876
Q3366,A633
Q3367,A608
Q3368,A501
Q3369,A782
Q3370,A953
Q3371,A524
Q3372,A526
Q3373,A607
Q3374,A703
Q3375,A977
Q3376,A754
Q3377,A490
Q3378,A851
Q3379,A623
Q3380,A427
Q3381,A762
Q3382,A188
Q3383,A33
Q3384,A162
Q3385,A522
Q3386,A599
Q3387,A21
Q3388,A124
Q3389,A930
Q3390,A869
Q3391,A681
Q3392,A601
Q3393,A846
Q3394,A772
Q3395,A568
Q3396,A211
Q3397,A54
Q3398,A33
Q3399,A839
Q3400,A121
Q3401,A805
Q3402,A898
Q3403,A248
Q3404,A4
Q3405,A660
Q3406,A899
Q3407,A73
Q3408,A584
Q3409,A293
Q3410,A54
Q3411,A381
Q3412,A610
Q3413,A46
Q3414,A896
Q3415,A866
Q3416,A556
Q3417,A151
Q3418,A817
Q3419,A769
Q3420,A52
Q3421,A599
Q3422,A539
Q3423,A531
Q3424,A907
Q3425,A884
Q3426,A655
Q3427,A501
Q3428,A623
Q3429,A474
Q3430,A656
Q3431,A199
Q3432,A461
Q3433,A976
Q3434,A708
Q3435,A999
Q3436,A478
Q3437,A605
Q3438,A600
Q3439,A85
Q3440,A549
Q3441,A693
Q3442,A415
Q3443,A221
Q3444,A687
Q3445,A70
Q3446,A484
Q3447,A901
Q3448,A414
Q3449,A271
Q3450,A656
Q3451,A697
Q3452,A731
Q3453,A681
Q3454,A861
Q3455,A464
Q3456,A487
Q3457,A852
Q3458,A488
Q3459,A485
Q3460,A745
Q3461,A981
Q3462,A842
Q3463,A105
Q3464,A40
Q3465,A680
Q3466,A757
Q3467,A267
Q3468,A696
Q3469,A632
Q3470,A735
Q3471,A485
Q3472,A963
Q3473,A232
Q3474,A415
Q3475,A482
Q3476,A966
Q3477,A493
Q3478,A431
Q3479,A911
Q3480,A811
Q3481,A975
Q3482,A751
Q3483,A481
Q3484,A775
Q3485,A414
Q3486,A312
Q3487,A485
Q3488,A101
Q3489,A757
Q3490,A844
Q3491,A499
Q3492,A958
Q3493,A477
Q3494,A985
Q3495,A930
Q3496,A838
Q3497,A733
Q3498,A635
Q3499,A875
Q3500,A665
Q3501,A161
Q3502,A623
Q3503,A602
Q3504,A356
Q3505,A967
Q3506,A381
Q3507,A185
Q3508,A852
Q3509,A925
Q3510,A633
Q3511,A524
Q3512,A328
Q3513,A761
Q3514,A624
Q3515,A996
Q3516,A412
Q3517,A799
Q3518,A474
Q3519,A445
Q3520,A341
Q3521,A444
Q3522,A943
Q3523,A357
Q3524,A665
Q3525,A879
Q3526,A799
Q3527,A473
Q3528,A50
Q3529,A670
Q3530,A381
Q3531,A748
Q3532,A999
Q3533,A619
Q3534,A221
Q3535,A601
Q3536,A657
Q3537,A639
Q3538,A445
Q3539,A804
Q3540,A504
Q3541,A446
Q3542,A837
Q3543,A907
Q3544,A976
Q3545,A374
Q3546,A706
Q3547,A264
Q3548,A632
Q3549,A960
Q3550,A600
Q3551,A383
Q3552,A541
Q3553,A240
Q3554,A409
Q3555,A694
Q3556,A969
Q3557,A292
Q3558,A862
Q3559,A183
Q3560,A450
Q3561,A663
Q3562,A633
Q3563,A485
Q3564,A917
Q3565,A590
Q3566,A533
Q3567,A469
Q3568,A799
Q3569,A438
Q3570,A869
Q3571,A787
Q3572,A207
Q3573,A830
Q3574,A921
Q3575,A308
Q3576,A116
Q3577,A526
Q3578,A773
Q3579,A526
Q3580,A200
Q3581,A797
Q3582,A931
Q3583,A896
Q3584,A407
Q3585,A591
Q3586,A470
Q3587,A598
Q3588,A501
Q3589,A755
Q3590,A879
Q3591,A556
Q3592,A252
Q3593,A478
Q3594,A885
Q3595,A577
Q3596,A828
Q3597,A415
Q3598,A752
Q3599,A507
Q3600,A664
Q3601,A41
Q3602,A358
Q3603,A515
Q3604,A464
Q3605,A876
Q3606,A409
Q3607,A860
Q3608,A888
Q3609,A902
Q3610,A209
Q3611,A353
Q3612,A796
Q3613,A981
Q3614,A638
Q3615,A617
Q3616,A832
Q3617,A730
Q3618,A464
Q3619,A384
Q3620,A481
Q3621,A101
Q3622,A272
Q3623,A374
Q3624,A488
Q3625,A931
Q3626,A231
Q3627,A246
Q3628,A615
Q3629,A633
Q3630,A513
Q3631,A506
Q3632,A898
Q3633,A358
Q3634,A315
Q3635,A843
Q3636,A555
Q3637,A710
Q3638,A443
Q3639,A776
Q3640,A217
Q3641,A596
Q3642,A415
Q3643,A541
Q3644,A926
Q3645,A627
Q3646,A551
Q3647,A449
Q3648,A923
Q3649,A360
Q3650,A982
Q3651,A499
Q3652,A710
Q3653,A837
Q3654,A954
Q3655,A842
Q3656,A961
Q3657,A184
Q3658,A68
Q3659,A793
Q3660,A52
Q3661,A192
Q3662,A672
Q3663,A673
Q3664,A337
Q3665,A710
Q3666,A574
Q3667,A802
Q3668,A498
Q3669,A791
Q3670,A862
Q3671,A981
Q3672,A655
Q3673,A677
Q3674,A826
Q3675,A163
Q3676,A954
Q3677,A830
Q3678,A903
Q3679,A212
Q3680,A973
Q3681,A867
Q3682,A673
Q3683,A906
Q3684,A968
Q3685,A740
Q3686,A925
Q3687,A250
Q3688,A424
Q3689,A798
Q3690,A889
Q3691,A85
Q3692,A657
Q3693,A390
Q3694,A879
Q3695,A967
Q3696,A975
Q3697,A702
Q3698,A847
Q3699,A999
Q3700,A482
Q3701,A909
Q3702,A386
Q3703,A658
Q3704,A38
Q3705,A486
Q3706,A883
Q3707,A528
Q3708,A868
Q3709,A639
Q3710,A718
Q3711,A907
Q3712,A758
Q3713,A73
Q3714,A647
Q3715,A854
Q3716,A63
Q3717,A743
Q3718,A254
Q3719,A883
Q3720,A832
Q3721,A389
Q3722,A819
Q3723,A482
Q3724,A493
Q3725,A937
Q3726,A671
Q3727,A919
Q3728,A68
Q3729,A694
Q3730,A122
Q3731,A830
Q3732,A823
Q3733,A815
Q3734,A975
Q3735,A142
Q3736,A470
Q3737,A278
Q3738,A411
Q3739,A968
Q3740,A514
Q3741,A767
Q3742,A733
Q3743,A66
Q3744,A368
Q3745,A810
Q3746,A409
Q3747,A883
Q3748,A584
Q3749,A240
Q3750,A436
Q3751,A784
Q3752,A705
Q3753,A436
Q3754,A664
Q3755,A229
Q3756,A549
Q3757,A268
Q3758,A968
Q3759,A972
Q3760,A834
Q3761,A638
Q3762,A526
Q3763,A223
Q3764,A846
Q3765,A608
Q3766,A248
Q3767,A714
Q3768,A741
Q3769,A265
Q3770,A815
Q3771,A703
Q3772,A441
Q3773,A241
Q3774,A581
Q3775,A415
Q3776,A755
Q3777,A36
Q3778,A91
Q3779,A542
Q3780,A515
Q3781,A610
Q3782,A536
Q3783,A163
Q3784,A987
Q3785,A578
Q3786,A848
Q3787,A403
Q3788,A54
Q3789,A962
Q3790,A824
Q3791,A184
Q3792,A914
Q3793,A513
Q3794,A689
Q3795,A496
Q3796,A2
Q3797,A894
Q3798,A465
Q3799,A222
Q3800,A103
Q3801,A979
Q3802,A911
Q3803,A436
Q3804,A250
Q3805,A170
Q3806,A435
Q3807,A893
Q3808,A977
Q3809,A486
Q3810,A897
Q3811,A141
Q3812,A103
Q3813,A219
Q3814,A78
Q3815,A681
Q3816,A322
Q3817,A265
Q3818,A717
Q3819,A819
Q3820,A969
Q3821,A93
Q3822,A978
Q3823,A893
Q3824,A32
Q3825,A443
Q3826,A567
Q3827,A448
Q3828,A579
Q3829,A107
Q3830,A677
Q3831,A837
Q3832,A185
Q3833,A502
Q3834,A290
Q3835,A618
Q3836,A847
Q3837,A407
Q3838,A24
Q3839,A793
Q3840,A964
Q3841,A677
Q3842,A563
Q3843,A596
Q3844,A31
Q3845,A994
Q3846,A368
Q3847,A530
Q3848,A310
Q3849,A390
Q3850,A582
Q3851,A360
Q3852,A829
Q3853,A131
Q3854,A567
Q3855,A877
Q3856,A413
Q3857,A631
Q3858,A580
Q3859,A418
Q3860,A215
Q3861,A734
Q3862,A768
Q3863,A856
Q3864,A809
Q3865,A409
Q3866,A782
Q3867,A650
Q3868,A524
Q3869,A712
Q3870,A456
Q3871,A539
Q3872,A60
Q3873,A828
Q3874,A6
Q3875,A686
Q3876,A499
Q3877,A82
Q3878,A124
Q3879,A538
Q3880,A534
Q3881,A210
Q3882,A632
Q3883,A415
Q3884,A600
Q3885,A232
Q3886,A834
Q3887,A635
Q3888,A657
Q3889,A844
Q3890,A880
Q3891,A875
Q3892,A204
Q3893,A35
Q3894,A727
Q3895,A386
Q3896,A490
Q3897,A827
Q3898,A200
Q3899,A197
Q3900,A923
Q3901,A161
Q3902,A241
Q3903,A424
Q3904,A47
Q3905,A32
Q3906,A659
Q3907,A32
Q3908,A686
Q3909,A305
Q3910,A848
Q3911,A823
Q3912,A903
Q3913,A837
Q3914,A893
Q3915,A742
Q3916,A634
Q3917,A589
Q3918,A359
Q3919,A428
Q3920,A485
Q3921,A591
Q3922,A906
Q3923,A536
Q3924,A285
Q3925,A846
Q3926,A674
Q3927,A899
Q3928,A422
Q3929,A165
Q3930,A977
Q3931,A750
Q3932,A804
Q3933,A970
Q3934,A813
Q3935,A265
Q3936,A176
Q3937,A970
Q3938,A824
Q3939,A32
Q3940,A513
Q3941,A435
Q3942,A680
Q3943,A531
Q3944,A166
Q3945,A979
Q3946,A525
Q3947,A449
Q3948,A826
Q3949,A551
Q3950,A950
Q3951,A836
Q3952,A381
Q3953,A725
Q3954,A872
Q3955,A74
Q3956,A377
Q3957,A283
Q3958,A556
Q3959,A246
Q3960,A932
Q3961,A856
Q3962,A588
Q3963,A972
Q3964,A824
Q3965,A932
Q3966,A558
Q3967,A911
Q3968,A433
Q3969,A765
Q3970,A598
Q3971,A40
Q3972,A205
Q3973,A104
Q3974,A222
Q3975,A541
Q3976,A163
Q3977,A885
Q3978,A138
Q3979,A632
Q3980,A113
Q3981,A239
Q3982,A409
Q3983,A894
Q3984,A849
Q3985,A973
Q3986,A584
Q3987,A906
Q3988,A377
Q3989,A879
Q3990,A482
Q3991,A226
Q3992,A489
Q3993,A74
Q3994,A879
Q3995,A778
Q3996,A634
Q3997,A438
Q3998,A264
Q3999,A973
Q4000,A818
Q4001,A68
Q4002,A708
Q4003,A441
Q4004,A538
Q4005,A366
Q4006,A314
Q4007,A569
Q4008,A382
Q4009,A490
Q4010,A916
Q4011,A763
Q4012,A844
Q4013,A975
Q4014,A670
Q4015,A371
Q4016,A667
Q4017,A205
Q4018,A412
Q4019,A455
Q4020,A653
Q4021,A361
Q4022,A482
Q4023,A827
Q4024,A635
Q4025,A729
Q4026,A931
Q4027,A968
Q4028,A598
Q4029,A514
Q4030,A865
Q4031,A494
Q4032,A741
Q4033,A468
Q4034,A678
Q4035,A657
Q4036,A36
Q4037,A479
Q4038,A505
Q4039,A811
Q4040,A454
Q4041,A667
Q4042,A328
Q4043,A662
Q4044,A159
Q4045,A202
Q4046,A914
Q4047,A706
Q4048,A32
Q4049,A231
Q4050,A836
Q4051,A166
Q4052,A696
Q4053,A162
Q4054,A128
Q4055,A600
Q4056,A424
Q4057,A86
Q4058,A774
Q4059,A108
Q4060,A106
Q4061,A644
Q4062,A85
Q4063,A996
Q4064,A884
Q4065,A878
Q4066,A442
Q4067,A830
Q4068,A686
Q4069,A856
Q4070,A193
Q4071,A964
Q4072,A822
Q4073,A751
Q4074,A923
Q4075,A840
Q4076,A836
Q4077,A236
Q4078,A784
Q4079,A164
Q4080,A827
Q4081,A782
Q4082,A623
Q4083,A475
Q4084,A719
Q4085,A553
Q4086,A485
Q4087,A564
Q4088,A564
Q4089,A73
Q4090,A175
Q4091,A31
Q4092,A507
Q4093,A635
Q4094,A222
Q4095,A909
Q4096,A562
Q4097,A663
Q4098,A767
Q4099,A235
Q4100,A463
Q4101,A964
Q4102,A711
Q4103,A879
Q4104,A862
Q4105,A164
Q4106,A887
Q4107,A20
Q4108,A398
Q4109,A386
Q4110,A889
Q4111,A231
Q4112,A431
Q4113,A791
Q4114,A947
Q4115,A468
Q4116,A532
Q4117,A817
Q4118,A782
Q4119,A911
Q4120,A696
Q4121,A502
Q4122,A465
Q4123,A422
Q4124,A108
Q4125,A799
Q4126,A523
Q4127,A663
Q4128,A559
Q4129,A583
Q4130,A446
Q4131,A762
Q4132,A63
Q4133,A978
Q4134,A250
Q4135,A776
Q4136,A389
Q4137,A111
Q4138,A378
Q4139,A899
Q4140,A499
Q4141,A728
Q4142,A269
Q4143,A232
Q4144,A721
Q4145,A673
Q4146,A949
Q4147,A689
Q4148,A678
Q4149,A610
Q4150,A848
Q4151,A852
Q4152,A865
Q4153,A636
Q4154,A787
Q4155,A65
Q4156,A345
Q4157,A818
Q4158,A711
Q4159,A60
Q4160,A485
Q4161,A272
Q4162,A62
Q4163,A862
Q4164,A744
Q4165,A742
Q4166,A282
Q4167,A817
Q4168,A86
Q4169,A663
Q4170,A516
Q4171,A358
Q4172,A691
Q4173,A925
Q4174,A446
Q4175,A830
Q4176,A744
Q4177,A230
Q4178,A827
Q4179,A273
Q4180,A501
Q4181,A120
Q4182,A942
Q4183,A503
Q4184,A369
Q4185,A86
Q4186,A880
Q4187,A844
Q4188,A201
Q4189,A586
Q4190,A66
Q4191,A130
Q4192,A549
Q4193,A844
Q4194,A665
Q4195,A785
Q4196,A250
Q4197,A461
Q4198,A751
Q4199,A620
Q4200,A112
Q4201,A700
Q4202,A341
Q4203,A842
Q4204,A273
Q4205,A784
Q4206,A903
Q4207,A728
Q4208,A86
Q4209,A901
Q4210,A498
Q4211,A675
Q4212,A744
Q4213,A849
Q4214,A858
Q4215,A462
Q4216,A7
Q4217,A691
Q4218,A154
Q4219,A530
Q4220,A772
Q4221,A46
Q4222,A536
Q4223,A928
Q4224,A775
Q4225,A35
Q4226,A77
Q4227,A897
Q4228,A912
Q4229,A744
Q4230,A790
Q4231,A664
Q4232,A710
Q4233,A517
Q4234,A572
Q4235,A577
Q4236,A761
Q4237,A435
Q4238,A817
Q4239,A745
Q4240,A151
Q4241,A793
Q4242,A834
Q4243,A161
Q4244,A386
Q4245,A187
Q4246,A49
Q4247,A242
Q4248,A725
Q4249,A666
Q4250,A457
Q4251,A378
Q4252,A482
Q4253,A584
Q4254,A193
Q4255,A927
Q4256,A414
Q4257,A929
Q4258,A489
Q4259,A588
Q4260,A808
Q4261,A806
Q4262,A46
Q4263,A51
Q4264,A547
Q4265,A463
Q4266,A673
Q4267,A590
Q4268,A189
Q4269,A247
Q4270,A766
Q4271,A952
Q4272,A795
Q4273,A907
Q4274,A999
Q4275,A544
Q4276,A846
Q4277,A740
Q4278,A651
Q4279,A56
Q4280,A513
Q4281,A667
Q4282,A878
Q4283,A393
Q4284,A801
Q4285,A66
Q4286,A161
Q4287,A807
Q4288,A643
Q4289,A532
Q4290,A575
Q4291,A479
Q4292,A973
Q4293,A202
Q4294,A828
Q4295,A969
Q4296,A648
Q4297,A743
Q4298,A516
Q4299,A978
Q4300,A285
Q4301,A56
Q4302,A960
Q4303,A747
Q4304,A485
Q4305,A572
Q4306,A538
Q4307,A461
Q4308,A77
Q4309,A837
Q4310,A413
Q4311,A837
Q4312,A657
Q4313,A513
Q4314,A505
Q4315,A297
Q4316,A728
Q4317,A2
Q4318,A35
Q4319,A511
Q4320,A306
Q4321,A394
Q4322,A744
Q4323,A497
Q4324,A430
Q4325,A666
Q4326,A637
Q4327,A970
Q4328,A513
Q4329,A684
Q4330,A281
Q4331,A769
Q4332,A319
Q4333,A287
Q4334,A119
Q4335,A639
Q4336,A118
Q4337,A543
Q4338,A74
Q4339,A304
Q4340,A862
Q4341,A692
Q4342,A43
Q4343,A886
Q4344,A418
Q4345,A750
Q4346,A167
Q4347,A383
Q4348,A226
Q4349,A159
Q4350,A876
Q4351,A285
Q4352,A701
Q4353,A660
Q4354,A245
Q4355,A693
Q4356,A727
Q4357,A119
Q4358,A39
Q4359,A847
Q4360,A434
Q4361,A653
Q4362,A842
Q4363,A414
Q4364,A393
Q4365,A589
Q4366,A353
Q4367,A860
Q4368,A547
Q4369,A68
Q4370,A850
Q4371,A972
Q4372,A968
Q4373,A837
Q4374,A978
Q4375,A848
Q4376,A851
Q4377,A920
Q4378,A312
Q4379,A906
Q4380,A398
Q4381,A715
Q4382,A386
Q4383,A747
Q4384,A46
Q4385,A557
Q4386,A394
Q4387,A979
Q4388,A942
Q4389,A646
Q4390,A679
Q4391,A824
Q4392,A285
Q4393,A808
Q4394,A623
Q4395,A277
Q4396,A706
Q4397,A997
Q4398,A910
Q4399,A386
Q4400,A755
Q4401,A873
Q4402,A865
Q4403,A636
Q4404,A980
Q4405,A237
Q4406,A481
Q4407,A290
Q4408,A405
Q4409,A844
Q4410,A650
Q4411,A393
Q4412,A692
Q4413,A984
Q4414,A794
Q4415,A478
Q4416,A61
Q4417,A821
Q4418,A751
Q4419,A906
Q4420,A817
Q4421,A718
Q4422,A156
Q4423,A435
Q4424,A524
Q4425,A590
Q4426,A655
Q4427,A722
Q4428,A999
Q4429,A502
Q4430,A923
Q4431,A441
Q4432,A724
Q4433,A503
Q4434,A276
Q4435,A796
Q4436,A860
Q4437,A970
Q4438,A948
Q4439,A567
Q4440,A224
Q4441,A458
Q4442,A818
Q4443,A695
Q4444,A620
Q4445,A775
Q4446,A485
Q4447,A629
Q4448,A808
Q4449,A602
Q4450,A265
Q4451,A949
Q4452,A787
Q4453,A177
Q4454,A764
Q4455,A725
Q4456,A784
Q4457,A493
Q4458,A662
Q4459,A515
Q4460,A818
Q4461,A858
Q4462,A435
Q4463,A885
Q4464,A597
Q4465,A714
Q4466,A217
Q4467,A238
Q4468,A170
Q4469,A571
Q4470,A639
Q4471,A191
Q4472,A164
Q4473,A330
Q4474,A567
Q4475,A629
Q4476,A493
Q4477,A347
Q4478,A531
Q4479,A638
Q4480,A742
Q4481,A351
Q4482,A817
Q4483,A308
Q4484,A482
Q4485,A841
Q4486,A556
Q4487,A695
Q4488,A821
Q4489,A534
Q4490,A202
Q4491,A819
Q4492,A892
Q4493,A6
Q4494,A803
Q4495,A705
Q4496,A922
Q4497,A124
Q4498,A28
Q4499,A514
Q4500,A771
Q4501,A878
Q4502,A105
Q4503,A717
Q4504,A557
Q4505,A944
Q4506,A415
Q4507,A474
Q4508,A63
Q4509,A879
Q4510,A66
Q4511,A790
Q4512,A501
Q4513,A801
Q4514,A173
Q4515,A132
Q4516,A617
Q4517,A386
Q4518,A959
Q4519,A877
Q4520,A492
Q4521,A569
Q4522,A20
Q4523,A488
Q4524,A253
Q4525,A581
Q4526,A328
Q4527,A549
Q4528,A887
Q4529,A484
Q4530,A71
Q4531,A188
Q4532,A567
Q4533,A572
Q4534,A483
Q4535,A473
Q4536,A764
Q4537,A814
Q4538,A906
Q4539,A733
Q4540,A893
Q4541,A60
Q4542,A540
Q4543,A434
Q4544,A5
Q4545,A771
Q4546,A876
Q4547,A764
Q4548,A959
Q4549,A844
Q4550,A638
Q4551,A729
Q4552,A998
Q4553,A526
Q4554,A817
Q4555,A348
Q4556,A635
Q4557,A976
Q4558,A114
Q4559,A170
Q4560,A167
Q4561,A499
Q4562,A864
Q4563,A197
Q4564,A497
Q4565,A911
Q4566,A707
Q4567,A427
Q4568,A499
Q4569,A358
Q4570,A805
Q4571,A379
Q4572,A635
Q4573,A225
Q4574,A559
Q4575,A570
Q4576,A155
Q4577,A60
Q4578,A504
Q4579,A431
Q4580,A162
Q4581,A273
Q4582,A417
Q4583,A925
Q4584,A629
Q4585,A233
Q4586,A924
Q4587,A183
Q4588,A123
Q4589,A408
Q4590,A841
Q4591,A493
Q4592,A461
Q4593,A667
Q4594,A363
Q4595,A266
Q4596,A935
Q4597,A743
Q4598,A695
Q4599,A531
Q4600,A189
Q4601,A896
Q4602,A40
Q4603,A181
Q4604,A449
Q4605,A219
Q4606,A155
Q4607,A77
Q4608,A808
Q4609,A813
Q4610,A527
Q4611,A101
Q4612,A447
Q4613,A249
Q4614,A740
Q4615,A821
Q4616,A222
Q4617,A622
Q4618,A271
Q4619,A101
Q4620,A801
Q4621,A814
Q4622,A289
Q4623,A418
Q4624,A196
Q4625,A880
Q4626,A886
Q4627,A504
Q4628,A666
Q4629,A638
Q4630,A818
Q4631,A860
Q4632,A349
Q4633,A248
Q4634,A214
Q4635,A516
Q4636,A581
Q4637,A440
Q4638,A700
Q4639,A497
Q4640,A864
Q4641,A853
Q4642,A808
Q4643,A818
Q4644,A163
Q4645,A967
Q4646,A521
Q4647,A262
Q4648,A601
Q4649,A474
Q4650,A502
Q4651,A841
Q4652,A657
Q4653,A541
Q4654,A907
Q4655,A271
Q4656,A179
Q4657,A221
Q4658,A445
Q4659,A966
Q4660,A578
Q4661,A101
Q4662,A228
Q4663,A200
Q4664,A345
Q4665,A834
Q4666,A117
Q4667,A759
Q4668,A804
Q4669,A165
Q4670,A734
Q4671,A536
Q4672,A932
Q4673,A731
Q4674,A35
Q4675,A743
Q4676,A585
Q4677,A634
Q4678,A42
Q4679,A373
Q4680,A265
Q4681,A126
Q4682,A608
Q4683,A730
Q4684,A68
Q4685,A967
Q4686,A138
Q4687,A272
Q4688,A822
Q4689,A128
Q4690,A617
Q4691,A140
Q4692,A846
Q4693,A744
Q4694,A994
Q4695,A301
Q4696,A887
Q4697,A978
Q4698,A931
Q4699,A923
Q4700,A158
Q4701,A468
Q4702,A223
Q4703,A660
Q4704,A73
Q4705,A556
Q4706,A536
Q4707,A856
Q4708,A916
Q4709,A804
Q4710,A935
Q4711,A2
Q4712,A35
Q4713,A558
Q4714,A517
Q4715,A485
Q4716,A980
Q4717,A266
Q4718,A440
Q4719,A866
Q4720,A987
Q4721,A665
Q4722,A250
Q4723,A510
Q4724,A920
Q4725,A489
Q4726,A655
Q4727,A584
Q4728,A263
Q4729,A542
Q4730,A887
Q4731,A637
Q4732,A14
Q4733,A696
Q4734,A879
Q4735,A861
Q4736,A493
Q4737,A588
Q4738,A731
Q4739,A842
Q4740,A515
Q4741,A68
Q4742,A541
Q4743,A32
Q4744,A698
Q4745,A219
Q4746,A978
Q4747,A834
Q4748,A854
Q4749,A424
Q4750,A847
Q4751,A482
Q4752,A446
Q4753,A717
Q4754,A765
Q4755,A40
Q4756,A196
Q4757,A878
Q4758,A350
Q4759,A380
Q4760,A873
Q4761,A311
Q4762,A311
Q4763,A488
Q4764,A590
Q4765,A698
Q4766,A395
Q4767,A799
Q4768,A808
Q4769,A534
Q4770,A553
Q4771,A523
Q4772,A173
Q4773,A740
Q4774,A959
Q4775,A184
Q4776,A921
Q4777,A664
Q4778,A778
Q4779,A981
Q4780,A623
Q4781,A724
Q4782,A743
Q4783,A631
Q4784,A761
Q4785,A428
Q4786,A467
Q4787,A530
Q4788,A643
Q4789,A734
Q4790,A636
Q4791,A519
Q4792,A812
Q4793,A366
Q4794,A485
Q4795,A901
Q4796,A733
Q4797,A558
Q4798,A714
Q4799,A924
Q4800,A813
Q4801,A856
Q4802,A730
Q4803,A465
Q4804,A962
Q4805,A329
Q4806,A977
Q4807,A108
Q4808,A919
Q4809,A693
Q4810,A730
Q4811,A828
Q4812,A664
Q4813,A52
Q4814,A457
Q4815,A689
Q4816,A725
Q4817,A538
Q4818,A860
Q4819,A622
Q4820,A806
Q4821,A239
Q4822,A680
Q4823,A591
Q4824,A898
Q4825,A394
Q4826,A153
Q4827,A773
Q4828,A681
Q4829,A978
Q4830,A413
Q4831,A978
Q4832,A474
Q4833,A585
Q4834,A485
Q4835,A760
Q4836,A383
Q4837,A725
Q4838,A836
Q4839,A446
Q4840,A131
Q4841,A925
Q4842,A127
Q4843,A155
Q4844,A497
Q4845,A885
Q4846,A263
Q4847,A633
Q4848,A232
Q4849,A272
Q4850,A834
Q4851,A465
Q4852,A848
Q4853,A747
Q4854,A835
Q4855,A99
Q4856,A689
Q4857,A743
Q4858,A615
Q4859,A562
Q4860,A116
Q4861,A740
Q4862,A579
Q4863,A966
Q4864,A715
Q4865,A266
Q4866,A969
Q4867,A165
Q4868,A674
Q4869,A980
Q4870,A658
Q4871,A585
Q4872,A877
Q4873,A406
Q4874,A689
Q4875,A389
Q4876,A706
Q4877,A504
Q4878,A143
Q4879,A907
Q4880,A474
Q4881,A598
Q4882,A754
Q4883,A449
Q4884,A845
Q4885,A438
Q4886,A421
Q4887,A435
Q4888,A230
Q4889,A504
Q4890,A843
Q4891,A271
Q4892,A67
Q4893,A479
Q4894,A267
Q4895,A926
Q4896,A711
Q4897,A807
Q4898,A921
Q4899,A585
Q4900,A767
Q4901,A638
Q4902,A7
Q4903,A593
Q4904,A622
Q4905,A754
Q4906,A600
Q4907,A882
Q4908,A252
Q4909,A549
Q4910,A885
Q4911,A484
Q4912,A62
Q4913,A633
Q4914,A434
Q4915,A623
Q4916,A413
Q4917,A485
Q4918,A352
Q4919,A837
Q4920,A520
Q4921,A506
Q4922,A688
Q4923,A632
Q4924,A455
Q4925,A134
Q4926,A32
Q4927,A744
Q4928,A964
Q4929,A200
Q4930,A999
Q4931,A300
Q4932,A277
Q4933,A926
Q4934,A482
Q4935,A846
Q4936,A664
Q4937,A449
Q4938,A513
Q4939,A662
Q4940,A205
Q4941,A230
Q4942,A457
Q4943,A712
Q4944,A227
Q4945,A488
Q4946,A745
Q4947,A180
Q4948,A767
Q4949,A415
Q4950,A633
Q4951,A931
Q4952,A619
Q4953,A885
Q4954,A894
Q4955,A172
Q4956,A651
Q4957,A646
Q4958,A899
Q4959,A689
Q4960,A45
Q4961,A152
Q4962,A592
Q4963,A400
Q4964,A599
Q4965,A810
Q4966,A976
Q4967,A180
Q4968,A885
Q4969,A792
Q4970,A778
Q4971,A34
Q4972,A138
Q4973,A418
Q4974,A925
Q4975,A193
Q4976,A702
Q4977,A824
Q4978,A37
Q4979,A527
Q4980,A781
Q4981,A865
Q4982,A623
Q4983,A446
Q4984,A836
Q4985,A998
Q4986,A657
Q4987,A893
Q4988,A421
Q4989,A705
Q4990,A29
Q4991,A634
Q4992,A385
Q4993,A724
Q4994,A385
Q4995,A784
Q4996,A469
Q4997,A357
Q4998,A501
Q4999,A484
Q5000,A624
Q5001,A730
Q5002,A158
Q5003,A515
Q5004,A731
Q5005,A630
Q5006,A153
Q5007,A531
Q5008,A620
Q5009,A195
Q5010,A992
Q5011,A240
Q5012,A475
Q5013,A884
Q5014,A620
Q5015,A47
Q5016,A329
Q5017,A809
Q5018,A454
Q5019,A889
Q5020,A867
Q5021,A624
Q5022,A186
Q5023,A735
Q5024,A207
Q5025,A16
Q5026,A415
Q5027,A818
Q5028,A849
Q5029,A390
Q5030,A314
Q5031,A503
Q5032,A177
Q5033,A946
Q5034,A651
Q5035,A213
Q5036,A958
Q5037,A564
Q5038,A827
Q5039,A493
Q5040,A250
Q5041,A266
Q5042,A841
Q5043,A656
Q5044,A349
Q5045,A838
Q5046,A657
Q5047,A527
Q5048,A511
Q5049,A738
Q5050,A991
Q5051,A638
Q5052,A532
Q5053,A8
Q5054,A207
Q5055,A619
Q5056,A47
Q5057,A505
Q5058,A851
Q5059,A66
Q5060,A167
Q5061,A834
Q5062,A368
Q5063,A858
Q5064,A349
Q5065,A967
Q5066,A689
Q5067,A620
Q5068,A411
Q5069,A483
Q5070,A409
Q5071,A846
Q5072,A216
Q5073,A313
Q5074,A737
Q5075,A237
Q5076,A447
Q5077,A237
Q5078,A735
Q5079,A769
Q5080,A651
Q5081,A461
Q5082,A750
Q5083,A463
Q5084,A167
Q5085,A444
Q5086,A758
Q5087,A77
Q5088,A757
Q5089,A587
Q5090,A68
Q5091,A928
Q5092,A278
Q5093,A448
Q5094,A987
Q5095,A638
Q5096,A438
Q5097,A696
Q5098,A415
Q5099,A714
Q5100,A894
Q5101,A316
Q5102,A544
Q5103,A191
Q5104,A789
Q5105,A909
Q5106,A869
Q5107,A445
Q5108,A975
Q5109,A547
Q5110,A711
Q5111,A535
Q5112,A641
Q5113,A443
Q5114,A787
Q5115,A233
Q5116,A811
Q5117,A166
Q5118,A836
Q5119,A446
Q5120,A438
Q5121,A445
Q5122,A415
Q5123,A146
Q5124,A596
Q5125,A961
Q5126,A769
Q5127,A639
Q5128,A454
Q5129,A61
Q5130,A912
Q5131,A740
Q5132,A926
Q5133,A219
Q5134,A865
Q5135,A845
Q5136,A248
Q5137,A691
Q5138,A269
Q5139,A728
Q5140,A502
Q5141,A420
Q5142,A872
Q5143,A446
Q5144,A589
Q5145,A987
Q5146,A68
Q5147,A842
Q5148,A652
Q5149,A628
Q5150,A461
Q5151,A794
Q5152,A490
Q5153,A435
Q5154,A799
Q5155,A619
Q5156,A578
Q5157,A285
Q5158,A57
Q5159,A510
Q5160,A824
Q5161,A211
Q5162,A726
Q5163,A441
Q5164,A813
Q5165,A315
Q5166,A400
Q5167,A636
Q5168,A782
Q5169,A806
Q5170,A935
Q5171,A926
Q5172,A622
Q5173,A857
Q5174,A975
Q5175,A409
Q5176,A38
Q5177,A961
Q5178,A66
Q5179,A309
Q5180,A114
Q5181,A277
Q5182,A158
Q5183,A761
Q5184,A623
Q5185,A558
Q5186,A633
Q5187,A402
Q5188,A586
Q5189,A530
Q5190,A551
Q5191,A961
Q5192,A468
Q5193,A600
Q5194,A602
Q5195,A558
Q5196,A780
Q5197,A838
Q5198,A434
Q5199,A538
Q5200,A905
Q5201,A892
Q5202,A657
Q5203,A777
Q5204,A884
Q5205,A422
Q5206,A482
Q5207,A453
Q5208,A998
Q5209,A407
Q5210,A462
Q5211,A875
Q5212,A811
Q5213,A660
Q5214,A597
Q5215,A45
Q5216,A201
Q5217,A878
Q5218,A507
Q5219,A947
Q5220,A742
Q5221,A674
Q5222,A725
Q5223,A269
Q5224,A906
Q5225,A966
Q5226,A698
Q5227,A416
Q5228,A482
Q5229,A297
Q5230,A7
Q5231,A657
Q5232,A741
Q5233,A220
Q5234,A643
Q5235,A195
Q5236,A349
Q5237,A492
Q5238,A119
Q5239,A823
Q5240,A133
Q5241,A523
Q5242,A732
Q5243,A409
Q5244,A8
Q5245,A567
Q5246,A604
Q5247,A865
Q5248,A287
Q5249,A288
Q5250,A996
Q5251,A595
Q5252,A396
Q5253,A236
Q5254,A809
Q5255,A168
Q5256,A782
Q5257,A529
Q5258,A790
Q5259,A543
Q5260,A664
Q5261,A795
Q5262,A515
Q5263,A193
Q5264,A675
Q5265,A784
Q5266,A643
Q5267,A492
Q5268,A773
Q5269,A922
Q5270,A386
Q5271,A177
Q5272,A272
Q5273,A523
Q5274,A485
Q5275,A201
Q5276,A598
Q5277,A888
Q5278,A412
Q5279,A202
Q5280,A616
Q5281,A155
Q5282,A150
Q5283,A892
Q5284,A849
Q5285,A614
Q5286,A967
Q5287,A44
Q5288,A658
Q5289,A818
Q5290,A493
Q5291,A885
Q5292,A190
Q5293,A514
Q5294,A237
Q5295,A895
Q5296,A479
Q5297,A885
Q5298,A503
Q5299,A879
Q5300,A629
Q5301,A524
Q5302,A914
Q5303,A618
Q5304,A910
Q5305,A583
Q5306,A544
Q5307,A493
Q5308,A760
Q5309,A518
Q5310,A925
Q5311,A693
Q5312,A795
Q5313,A939
Q5314,A748
Q5315,A535
Q5316,A695
Q5317,A860
Q5318,A619
Q5319,A197
Q5320,A525
Q5321,A204
Q5322,A731
Q5323,A629
Q5324,A987
Q5325,A634
Q5326,A490
Q5327,A627
Q5328,A761
Q5329,A128
Q5330,A836
Q5331,A211
Q5332,A794
Q5333,A458
Q5334,A673
Q5335,A871
Q5336,A272
Q5337,A201
Q5338,A663
Q5339,A434
Q5340,A940
Q5341,A633
Q5342,A788
Q5343,A435
Q5344,A968
Q5345,A414
Q5346,A970
Q5347,A680
Q5348,A767
Q5349,A475
Q5350,A443
Q5351,A952
Q5352,A531
Q5353,A617
Q5354,A725
Q5355,A459
Q5356,A944
Q5357,A474
Q5358,A178
Q5359,A545
Q5360,A389
Q5361,A501
Q5362,A628
Q5363,A808
Q5364,A504
Q5365,A742
Q5366,A66
Q5367,A636
Q5368,A619
Q5369,A768
Q5370,A888
Q5371,A762
Q5372,A754
Q5373,A864
Q5374,A782
Q5375,A828
Q5376,A835
Q5377,A884
Q5378,A966
Q5379,A62
Q5380,A389
Q5381,A73
Q5382,A921
Q5383,A653
Q5384,A893
Q5385,A57
Q5386,A539
Q5387,A536
Q5388,A622
Q5389,A737
Q5390,A823
Q5391,A77
Q5392,A696
Q5393,A245
Q5394,A939
Q5395,A411
Q5396,A526
Q5397,A361
Q5398,A930
Q5399,A269
Q5400,A893
Q5401,A741
Q5402,A876
Q5403,A923
Q5404,A461
Q5405,A414
Q5406,A738
Q5407,A383
Q5408,A401
Q5409,A836
Q5410,A103
Q5411,A534
Q5412,A412
Q5413,A844
Q5414,A738
Q5415,A891
Q5416,A196
Q5417,A480
Q5418,A819
Q5419,A126
Q5420,A499
Q5421,A469
Q5422,A720
Q5423,A213
Q5424,A224
Q5425,A727
Q5426,A860
Q5427,A708
Q5428,A678
Q5429,A60
Q5430,A68
Q5431,A477
Q5432,A375
Q5433,A818
Q5434,A75
Q5435,A365
Q5436,A35
Q5437,A453
Q5438,A883
Q5439,A744
Q5440,A852
Q5441,A298
Q5442,A956
Q5443,A68
Q5444,A431
Q5445,A433
Q5446,A454
Q5447,A497
Q5448,A774
Q5449,A401
Q5450,A799
Q5451,A705
Q5452,A266
Q5453,A693
Q5454,A717
Q5455,A505
Q5456,A281
Q5457,A36
Q5458,A73
Q5459,A238
Q5460,A274
Q5461,A210
Q5462,A872
Q5463,A349
Q5464,A813
Q5465,A226
Q5466,A869
Q5467,A49
Q5468,A503
Q5469,A942
Q5470,A592
Q5471,A77
Q5472,A428
Q5473,A193
Q5474,A690
Q5475,A501
Q5476,A649
Q5477,A167
Q5478,A759
Q5479,A671
Q5480,A537
Q5481,A75
Q5482,A893
Q5483,A519
Q5484,A815
Q5485,A705
Q5486,A460
Q5487,A541
Q5488,A653
Q5489,A912
Q5490,A624
Q5491,A46
Q5492,A60
Q5493,A943
Q5494,A883
Q5495,A765
Q5496,A873
Q5497,A997
Q5498,A173
Q5499,A408
Q5500,A906
Q5501,A412
Q5502,A838
Q5503,A487
Q5504,A804
Q5505,A156
Q5506,A167
Q5507,A818
Q5508,A557
Q5509,A617
Q5510,A784
Q5511,A265
Q5512,A675
Q5513,A485
Q5514,A278
Q5515,A469
Q5516,A650
Q5517,A721
Q5518,A586
Q5519,A692
Q5520,A608
Q5521,A479
Q5522,A483
Q5523,A278
Q5524,A299
Q5525,A741
Q5526,A167
Q5527,A66
Q5528,A556
Q5529,A817
Q5530,A885
Q5531,A187
Q5532,A620
Q5533,A728
Q5534,A110
Q5535,A566
Q5536,A23
Q5537,A121
Q5538,A932
Q5539,A913
Q5540,A935
Q5541,A302
Q5542,A263
Q5543,A305
Q5544,A457
Q5545,A514
Q5546,A575
Q5547,A876
Q5548,A495
Q5549,A708
Q5550,A318
Q5551,A827
Q5552,A733
Q5553,A461
Q5554,A638
Q5555,A456
Q5556,A413
Q5557,A619
Q5558,A470
Q5559,A531
Q5560,A418
Q5561,A900
Q5562,A151
Q5563,A389
Q5564,A880
Q5565,A972
Q5566,A620
Q5567,A238
Q5568,A982
Q5569,A715
Q5570,A774
Q5571,A822
Q5572,A969
Q5573,A845
Q5574,A819
Q5575,A602
Q5576,A158
Q5577,A931
Q5578,A970
Q5579,A505
Q5580,A965
Q5581,A728
Q5582,A647
Q5583,A222
Q5584,A72
Q5585,A473
Q5586,A661
Q5587,A857
Q5588,A879
Q5589,A421
Q5590,A639
Q5591,A837
Q5592,A901
Q5593,A501
Q5594,A774
Q5595,A541
Q5596,A406
Q5597,A488
Q5598,A222
Q5599,A930
Q5600,A966
Q5601,A528
Q5602,A171
Q5603,A536
Q5604,A435
Q5605,A75
Q5606,A419
Q5607,A633
Q5608,A791
Q5609,A694
Q5610,A523
Q5611,A895
Q5612,A981
Q5613,A703
Q5614,A690
Q5615,A633
Q5616,A978
Q5617,A876
Q5618,A904
Q5619,A774
Q5620,A806
Q5621,A166
Q5622,A149
Q5623,A166
Q5624,A521
Q5625,A490
Q5626,A648
Q5627,A868
Q5628,A188
Q5629,A821
Q5630,A492
Q5631,A508
Q5632,A836
Q5633,A567
Q5634,A114
Q5635,A829
Q5636,A107
Q5637,A697
Q5638,A962
Q5639,A878
Q5640,A592
Q5641,A923
Q5642,A928
Q5643,A647
Q5644,A618
Q5645,A101
Q5646,A438
Q5647,A660
Q5648,A656
Q5649,A432
Q5650,A676
Q5651,A232
Q5652,A345
Q5653,A747
Q5654,A587
Q5655,A837
Q5656,A786
Q5657,A149
Q5658,A359
Q5659,A581
Q5660,A586
Q5661,A402
Q5662,A27
Q5663,A707
Q5664,A576
Q5665,A847
Q5666,A489
Q5667,A782
Q5668,A748
Q5669,A414
Q5670,A799
Q5671,A445
Q5672,A488
Q5673,A730
Q5674,A101
Q5675,A113
Q5676,A819
Q5677,A836
Q5678,A843
Q5679,A45
Q5680,A998
Q5681,A598
Q5682,A857
Q5683,A463
Q5684,A624
Q5685,A526
Q5686,A267
Q5687,A358
Q5688,A762
Q5689,A957
Q5690,A537
Q5691,A593
Q5692,A817
Q5693,A928
Q5694,A804
Q5695,A636
Q5696,A471
Q5697,A165
Q5698,A899
Q5699,A206
Q5700,A539
Q5701,A532
Q5702,A383
Q5703,A272
Q5704,A240
Q5705,A631
Q5706,A155
Q5707,A504
Q5708,A636
Q5709,A438
Q5710,A965
Q5711,A380
Q5712,A269
Q5713,A564
Q5714,A108
Q5715,A860
Q5716,A159
Q5717,A977
Q5718,A762
Q5719,A857
Q5720,A825
Q5721,A898
Q5722,A652
Q5723,A153
Q5724,A260
Q5725,A536
Q5726,A412
Q5727,A201
Q5728,A790
Q5729,A395
Q5730,A113
Q5731,A526
Q5732,A951
Q5733,A634
Q5734,A787
Q5735,A547
Q5736,A248
Q5737,A433
Q5738,A780
Q5739,A692
Q5740,A591
Q5741,A639
Q5742,A248
Q5743,A218
Q5744,A911
Q5745,A527
Q5746,A836
Q5747,A6
Q5748,A936
Q5749,A408
Q5750,A777
Q5751,A266
Q5752,A488
Q5753,A911
Q5754,A348
Q5755,A657
Q5756,A658
Q5757,A975
Q5758,A240
Q5759,A312
Q5760,A303
Q5761,A735
Q5762,A438
Q5763,A489
Q5764,A409
Q5765,A382
Q5766,A245
Q5767,A196
Q5768,A922
Q5769,A499
Q5770,A856
Q5771,A320
Q5772,A278
Q5773,A509
Q5774,A598
Q5775,A744
Q5776,A46
Q5777,A978
Q5778,A951
Q5779,A894
Q5780,A620
Q5781,A482
Q5782,A641
Q5783,A484
Q5784,A686
Q5785,A96
Q5786,A636
Q5787,A465
Q5788,A180
Q5789,A635
Q5790,A896
Q5791,A972
Q5792,A747
Q5793,A841
Q5794,A987
Q5795,A452
Q5796,A529
Q5797,A50
Q5798,A620
Q5799,A693
Q5800,A414
Q5801,A740
Q5802,A73
Q5803,A653
Q5804,A657
Q5805,A435
Q5806,A568
Q5807,A226
Q5808,A905
Q5809,A226
Q5810,A33
Q5811,A478
Q5812,A609
Q5813,A676
Q5814,A784
Q5815,A997
Q5816,A463
Q5817,A592
Q5818,A434
Q5819,A925
Q5820,A520
Q5821,A524
Q5822,A818
Q5823,A36
Q5824,A369
Q5825,A733
Q5826,A749
Q5827,A924
Q5828,A695
Q5829,A747
Q5830,A791
Q5831,A222
Q5832,A762
Q5833,A841
Q5834,A967
Q5835,A911
Q5836,A656
Q5837,A173
Q5838,A637
Q5839,A754
Q5840,A509
Q5841,A436
Q5842,A217
Q5843,A945
Q5844,A631
Q5845,A673
Q5846,A587
Q5847,A192
Q5848,A315
Q5849,A638
Q5850,A249
Q5851,A876
Q5852,A636
Q5853,A34
Q5854,A692
Q5855,A698
Q5856,A374
Q5857,A80
Q5858,A921
Q5859,A765
Q5860,A460
Q5861,A854
Q5862,A834
Q5863,A526
Q5864,A764
Q5865,A549
Q5866,A828
Q5867,A368
Q5868,A492
Q5869,A642
Q5870,A382
Q5871,A383
Q5872,A469
Q5873,A878
Q5874,A528
Q5875,A411
Q5876,A901
Q5877,A454
Q5878,A623
Q5879,A184
Q5880,A834
Q5881,A362
Q5882,A818
Q5883,A667
Q5884,A206
Q5885,A836
Q5886,A584
Q5887,A290
Q5888,A415
Q5889,A16
Q5890,A119
Q5891,A883
Q5892,A464
Q5893,A111
Q5894,A620
Q5895,A359
Q5896,A499
Q5897,A477
Q5898,A304
Q5899,A670
Q5900,A482
Q5901,A243
Q5902,A238
Q5903,A885
Q5904,A166
Q5905,A404
Q5906,A531
Q5907,A712
Q5908,A697
Q5909,A534
Q5910,A799
Q5911,A476
Q5912,A56
Q5913,A717
Q5914,A655
Q5915,A413
Q5916,A128
Q5917,A809
Q5918,A278
Q5919,A540
Q5920,A949
Q5921,A374
Q5922,A878
Q5923,A618
Q5924,A883
Q5925,A846
Q5926,A741
Q5927,A819
Q5928,A408
Q5929,A493
Q5930,A728
Q5931,A677
Q5932,A266
Q5933,A975
Q5934,A689
Q5935,A470
Q5936,A689
Q5937,A982
Q5938,A47
Q5939,A413
Q5940,A970
Q5941,A738
Q5942,A921
Q5943,A557
Q5944,A461
Q5945,A977
Q5946,A916
Q5947,A607
Q5948,A811
Q5949,A624
Q5950,A422
Q5951,A415
Q5952,A390
Q5953,A497
Q5954,A179
Q5955,A43
Q5956,A976
Q5957,A897
Q5958,A909
Q5959,A867
Q5960,A462
Q5961,A260
Q5962,A557
Q5963,A373
Q5964,A677
Q5965,A956
Q5966,A123
Q5967,A978
Q5968,A930
Q5969,A412
Q5970,A776
Q5971,A266
Q5972,A94
Q5973,A999
Q5974,A165
Q5975,A460
Q5976,A976
Q5977,A484
Q5978,A591
Q5979,A434
Q5980,A479
Q5981,A782
Q5982,A577
Q5983,A647
Q5984,A601
Q5985,A493
Q5986,A111
Q5987,A664
Q5988,A189
Q5989,A949
Q5990,A572
Q5991,A806
Q5992,A250
Q5993,A456
Q5994,A878
Q5995,A681
Q5996,A484
Q5997,A892
Q5998,A983
Q5999,A285
Q6000,A634
Q6001,A117
Q6002,A302
Q6003,A158
Q6004,A126
Q6005,A689
Q6006,A987
Q6007,A144
Q6008,A729
Q6009,A642
Q6010,A852
Q6011,A757
Q6012,A841
Q6013,A639
Q6014,A305
Q6015,A797
Q6016,A942
Q6017,A282
Q6018,A902
Q6019,A373
Q6020,A887
Q6021,A633
Q6022,A484
Q6023,A758
Q6024,A691
Q6025,A896
Q6026,A309
Q6027,A710
Q6028,A509
Q6029,A865
Q6030,A717
Q6031,A785
Q6032,A677
Q6033,A664
Q6034,A308
Q6035,A709
Q6036,A418
Q6037,A250
Q6038,A349
Q6039,A240
Q6040,A386
Q6041,A699
Q6042,A815
Q6043,A557
Q6044,A932
Q6045,A515
Q6046,A543
Q6047,A434
Q6048,A193
Q6049,A731
Q6050,A751
Q6051,A823
Q6052,A834
Q6053,A926
Q6054,A782
Q6055,A541
Q6056,A773
Q6057,A228
Q6058,A184
Q6059,A346
Q6060,A811
Q6061,A158
Q6062,A359
Q6063,A689
Q6064,A890
Q6065,A265
Q6066,A587
Q6067,A661
Q6068,A167
Q6069,A898
Q6070,A505
Q6071,A806
Q6072,A792
Q6073,A75
Q6074,A580
Q6075,A545
Q6076,A657
Q6077,A266
Q6078,A358
Q6079,A712
Q6080,A691
Q6081,A65
Q6082,A278
Q6083,A520
Q6084,A917
Q6085,A797
Q6086,A59
Q6087,A587
Q6088,A445
Q6089,A818
Q6090,A807
Q6091,A710
Q6092,A62
Q6093,A764
Q6094,A917
Q6095,A675
Q6096,A58
Q6097,A319
Q6098,A883
Q6099,A344
Q6100,A889
Q6101,A632
Q6102,A420
Q6103,A447
Q6104,A448
Q6105,A806
Q6106,A920
Q6107,A457
Q6108,A445
Q6109,A162
Q6110,A654
Q6111,A702
Q6112,A617
Q6113,A264
Q6114,A492
Q6115,A186
Q6116,A409
Q6117,A377
Q6118,A511
Q6119,A710
Q6120,A824
Q6121,A302
Q6122,A415
Q6123,A68
Q6124,A872
Q6125,A115
Q6126,A273
Q6127,A12
Q6128,A558
Q6129,A770
Q6130,A305
Q6131,A792
Q6132,A550
Q6133,A454
Q6134,A617
Q6135,A960
Q6136,A78
Q6137,A923
Q6138,A979
Q6139,A437
Q6140,A636
Q6141,A232
Q6142,A912
Q6143,A412
Q6144,A733
Q6145,A43
Q6146,A567
Q6147,A731
Q6148,A811
Q6149,A418
Q6150,A982
Q6151,A210
Q6152,A187
Q6153,A618
Q6154,A483
Q6155,A46
Q6156,A732
Q6157,A648
Q6158,A503
Q6159,A969
Q6160,A240
Q6161,A536
Q6162,A855
Q6163,A906
Q6164,A228
Q6165,A923
Q6166,A620
Q6167,A593
Q6168,A74
Q6169,A654
Q6170,A901
Q6171,A461
Q6172,A414
Q6173,A372
Q6174,A795
Q6175,A837
Q6176,A559
Q6177,A825
Q6178,A930
Q6179,A68
Q6180,A675
Q6181,A896
Q6182,A609
Q6183,A575
Q6184,A838
Q6185,A907
Q6186,A782
Q6187,A270
Q6188,A168
Q6189,A64
Q6190,A572
Q6191,A482
Q6192,A447
Q6193,A440
Q6194,A527
Q6195,A452
Q6196,A703
Q6197,A756
Q6198,A478
Q6199,A907
Q6200,A434
Q6201,A457
Q6202,A499
Q6203,A908
Q6204,A630
Q6205,A326
Q6206,A642
Q6207,A310
Q6208,A749
Q6209,A462
Q6210,A200
Q6211,A638
Q6212,A526
Q6213,A64
Q6214,A978
Q6215,A725
Q6216,A373
Q6217,A714
Q6218,A639
Q6219,A636
Q6220,A513
Q6221,A432
Q6222,A809
Q6223,A771
Q6224,A358
Q6225,A862
Q6226,A638
Q6227,A848
Q6228,A789
Q6229,A655
Q6230,A309
Q6231,A681
Q6232,A349
Q6233,A697
Q6234,A664
Q6235,A732
Q6236,A907
Q6237,A530
Q6238,A725
Q6239,A982
Q6240,A646
Q6241,A838
Q6242,A424
Q6243,A463
Q6244,A786
Q6245,A667
Q6246,A73
Q6247,A104
Q6248,A692
Q6249,A189
Q6250,A99
Q6251,A754
Q6252,A309
Q6253,A657
Q6254,A590
Q6255,A660
Q6256,A268
Q6257,A600
Q6258,A548
Q6259,A689
Q6260,A708
Q6261,A602
Q6262,A140
Q6263,A151
Q6264,A427
Q6265,A979
Q6266,A452
Q6267,A731
Q6268,A540
Q6269,A652
Q6270,A754
Q6271,A124
Q6272,A124
Q6273,A233
Q6274,A825
Q6275,A964
Q6276,A619
Q6277,A182
Q6278,A187
Q6279,A941
Q6280,A203
Q6281,A733
Q6282,A150
Q6283,A647
Q6284,A167
Q6285,A883
Q6286,A600
Q6287,A227
Q6288,A726
Q6289,A638
Q6290,A744
Q6291,A818
Q6292,A960
Q6293,A793
Q6294,A519
Q6295,A790
Q6296,A523
Q6297,A868
Q6298,A799
Q6299,A120
Q6300,A897
Q6301,A66
Q6302,A415
Q6303,A465
Q6304,A743
Q6305,A440
Q6306,A348
Q6307,A153
Q6308,A278
Q6309,A724
Q6310,A709
Q6311,A338
Q6312,A683
Q6313,A536
Q6314,A240
Q6315,A624
Q6316,A414
Q6317,A250
Q6318,A876
Q6319,A885
Q6320,A549
Q6321,A740
Q6322,A326
Q6323,A304
Q6324,A60
Q6325,A478
Q6326,A4
Q6327,A233
Q6328,A532
Q6329,A632
Q6330,A824
Q6331,A636
Q6332,A477
Q6333,A555
Q6334,A599
Q6335,A909
Q6336,A902
Q6337,A196
Q6338,A349
Q6339,A442
Q6340,A935
Q6341,A778
Q6342,A120
Q6343,A747
Q6344,A120
Q6345,A551
Q6346,A869
Q6347,A911
Q6348,A882
Q6349,A250
Q6350,A704
Q6351,A455
Q6352,A752
Q6353,A72
Q6354,A662
Q6355,A77
Q6356,A787
Q6357,A397
Q6358,A445
Q6359,A663
Q6360,A147
Q6361,A550
Q6362,A497
Q6363,A709
Q6364,A844
Q6365,A799
Q6366,A593
Q6367,A767
Q6368,A434
Q6369,A813
Q6370,A728
Q6371,A689
Q6372,A969
Q6373,A836
Q6374,A414
Q6375,A813
Q6376,A901
Q6377,A68
Q6378,A243
Q6379,A903
Q6380,A729
Q6381,A877
Q6382,A412
Q6383,A119
Q6384,A775
Q6385,A79
Q6386,A899
Q6387,A341
Q6388,A659
Q6389,A893
Q6390,A834
Q6391,A606
Q6392,A431
Q6393,A838
Q6394,A866
Q6395,A263
Q6396,A377
Q6397,A782
Q6398,A764
Q6399,A281
Q6400,A514
Q6401,A733
Q6402,A35
Q6403,A632
Q6404,A698
Q6405,A68
Q6406,A513
Q6407,A415
Q6408,A828
Q6409,A543
Q6410,A975
Q6411,A436
Q6412,A615
Q6413,A846
Q6414,A530
Q6415,A810
Q6416,A740
Q6417,A675
Q6418,A443
Q6419,A77
Q6420,A904
Q6421,A748
Q6422,A163
Q6423,A593
Q6424,A740
Q6425,A690
Q6426,A575
Q6427,A619
Q6428,A910
Q6429,A883
Q6430,A667
Q6431,A831
Q6432,A809
Q6433,A273
Q6434,A424
Q6435,A68
Q6436,A285
Q6437,A115
Q6438,A925
Q6439,A77
Q6440,A358
Q6441,A750
Q6442,A725
Q6443,A591
Q6444,A582
Q6445,A596
Q6446,A46
Q6447,A529
Q6448,A272
Q6449,A508
Q6450,A938
Q6451,A552
Q6452,A922
Q6453,A940
Q6454,A515
Q6455,A670
Q6456,A526
Q6457,A235
Q6458,A124
Q6459,A610
Q6460,A4
Q6461,A935
Q6462,A516
Q6463,A925
Q6464,A856
Q6465,A786
Q6466,A889
Q6467,A232
Q6468,A634
Q6469,A478
Q6470,A449
Q6471,A710
Q6472,A558
Q6473,A775
Q6474,A240
Q6475,A965
Q6476,A36
Q6477,A961
Q6478,A875
Q6479,A36
Q6480,A883
Q6481,A629
Q6482,A976
Q6483,A273
Q6484,A872
Q6485,A435
Q6486,A866
Q6487,A10
Q6488,A893
Q6489,A271
Q6490,A706
Q6491,A577
Q6492,A747
Q6493,A949
Q6494,A588
Q6495,A741
Q6496,A516
Q6497,A46
Q6498,A743
Q6499,A550
Q6500,A193
Q6501,A632
Q6502,A870
Q6503,A759
Q6504,A609
Q6505,A285
Q6506,A631
Q6507,A413
Q6508,A708
Q6509,A175
Q6510,A73
Q6511,A575
Q6512,A202
Q6513,A534
Q6514,A428
Q6515,A342
Q6516,A706
Q6517,A248
Q6518,A657
Q6519,A852
Q6520,A403
Q6521,A961
Q6522,A287
Q6523,A861
Q6524,A810
Q6525,A180
Q6526,A73
Q6527,A390
Q6528,A413
Q6529,A885
Q6530,A495
Q6531,A782
Q6532,A917
Q6533,A527
Q6534,A883
Q6535,A681
Q6536,A485
Q6537,A54
Q6538,A635
Q6539,A270
Q6540,A729
Q6541,A644
Q6542,A906
Q6543,A653
Q6544,A158
Q6545,A536
Q6546,A844
Q6547,A110
Q6548,A635
Q6549,A841
Q6550,A66
Q6551,A186
Q6552,A673
Q6553,A767
Q6554,A972
Q6555,A623
Q6556,A823
Q6557,A504
Q6558,A764
Q6559,A971
Q6560,A781
Q6561,A411
Q6562,A963
Q6563,A696
Q6564,A58
Q6565,A782
Q6566,A201
Q6567,A883
Q6568,A399
Q6569,A578
Q6570,A16
Q6571,A762
Q6572,A778
Q6573,A582
Q6574,A751
Q6575,A825
Q6576,A470
Q6577,A572
Q6578,A894
Q6579,A799
Q6580,A737
Q6581,A600
Q6582,A580
Q6583,A971
Q6584,A219
Q6585,A32
Q6586,A526
Q6587,A338
Q6588,A861
Q6589,A398
Q6590,A131
Q6591,A633
Q6592,A747
Q6593,A542
Q6594,A414
Q6595,A618
Q6596,A765
Q6597,A868
Q6598,A631
Q6599,A44
Q6600,A506
Q6601,A380
Q6602,A67
Q6603,A86
Q6604,A718
Q6605,A605
Q6606,A744
Q6607,A356
Q6608,A851
Q6609,A509
Q6610,A548
Q6611,A524
Q6612,A409
Q6613,A278
Q6614,A862
Q6615,A733
Q6616,A758
Q6617,A529
Q6618,A587
Q6619,A930
Q6620,A524
Q6621,A467
Q6622,A962
Q6623,A643
Q6624,A42
Q6625,A380
Q6626,A592
Q6627,A753
Q6628,A914
Q6629,A525
Q6630,A657
Q6631,A68
Q6632,A72
Q6633,A753
Q6634,A622
Q6635,A855
Q6636,A167
Q6637,A717
Q6638,A503
Q6639,A434
Q6640,A501
Q6641,A358
Q6642,A731
Q6643,A859
Q6644,A257
Q6645,A906
Q6646,A977
Q6647,A665
Q6648,A813
Q6649,A514
Q6650,A158
Q6651,A252
Q6652,A558
Q6653,A728
Q6654,A789
Q6655,A151
Q6656,A197
Q6657,A460
Q6658,A621
Q6659,A159
Q6660,A567
Q6661,A585
Q6662,A987
Q6663,A835
Q6664,A167
Q6665,A539
Q6666,A543
Q6667,A921
Q6668,A935
Q6669,A839
Q6670,A493
Q6671,A570
Q6672,A482
Q6673,A842
Q6674,A445
Q6675,A248
Q6676,A753
Q6677,A786
Q6678,A745
Q6679,A833
Q6680,A938
Q6681,A151
Q6682,A708
Q6683,A114
Q6684,A657
Q6685,A54
Q6686,A543
Q6687,A468
Q6688,A899
Q6689,A369
Q6690,A549
Q6691,A709
Q6692,A118
Q6693,A774
Q6694,A386
Q6695,A597
Q6696,A885
Q6697,A951
Q6698,A260
Q6699,A509
Q6700,A718
Q6701,A623
Q6702,A580
Q6703,A120
Q6704,A799
Q6705,A464
Q6706,A681
Q6707,A159
Q6708,A856
Q6709,A582
Q6710,A925
Q6711,A572
Q6712,A60
Q6713,A935
Q6714,A468
Q6715,A765
Q6716,A493
Q6717,A733
Q6718,A650
Q6719,A327
Q6720,A818
Q6721,A847
Q6722,A363
Q6723,A236
Q6724,A945
Q6725,A659
Q6726,A691
Q6727,A913
Q6728,A629
Q6729,A620
Q6730,A206
Q6731,A431
Q6732,A41
Q6733,A850
Q6734,A427
Q6735,A246
Q6736,A681
Q6737,A464
Q6738,A454
Q6739,A620
Q6740,A888
Q6741,A201
Q6742,A581
Q6743,A793
Q6744,A504
Q6745,A454
Q6746,A539
Q6747,A558
Q6748,A750
Q6749,A909
Q6750,A620
Q6751,A983
Q6752,A514
Q6753,A419
Q6754,A761
Q6755,A297
Q6756,A677
Q6757,A272
Q6758,A718
Q6759,A650
Q6760,A360
Q6761,A46
Q6762,A749
Q6763,A943
Q6764,A558
Q6765,A232
Q6766,A681
Q6767,A663
Q6768,A999
Q6769,A702
Q6770,A329
Q6771,A544
Q6772,A170
Q6773,A950
Q6774,A461
Q6775,A869
Q6776,A830
Q6777,A933
Q6778,A86
Q6779,A241
Q6780,A381
Q6781,A839
Q6782,A876
Q6783,A40
Q6784,A530
Q6785,A165
Q6786,A634
Q6787,A416
Q6788,A659
Q6789,A928
Q6790,A938
Q6791,A217
Q6792,A708
Q6793,A205
Q6794,A709
Q6795,A848
Q6796,A271
Q6797,A34
Q6798,A841
Q6799,A129
Q6800,A386
Q6801,A975
Q6802,A153
Q6803,A638
Q6804,A461
Q6805,A706
Q6806,A741
Q6807,A383
Q6808,A883
Q6809,A189
Q6810,A876
Q6811,A736
Q6812,A775
Q6813,A759
Q6814,A858
Q6815,A62
Q6816,A657
Q6817,A823
Q6818,A563
Q6819,A527
Q6820,A899
Q6821,A485
Q6822,A544
Q6823,A680
Q6824,A725
Q6825,A294
Q6826,A636
Q6827,A819
Q6828,A898
Q6829,A744
Q6830,A917
Q6831,A492
Q6832,A894
Q6833,A834
Q6834,A654
Q6835,A999
Q6836,A212
Q6837,A74
Q6838,A707
Q6839,A543
Q6840,A957
Q6841,A895
Q6842,A567
Q6843,A498
Q6844,A979
Q6845,A630
Q6846,A983
Q6847,A947
Q6848,A180
Q6849,A818
Q6850,A731
Q6851,A598
Q6852,A222
Q6853,A295
Q6854,A663
Q6855,A717
Q6856,A849
Q6857,A934
Q6858,A435
Q6859,A319
Q6860,A559
Q6861,A916
Q6862,A558
Q6863,A598
Q6864,A710
Q6865,A505
Q6866,A347
Q6867,A84
Q6868,A770
Q6869,A780
Q6870,A226
Q6871,A101
Q6872,A199
Q6873,A549
Q6874,A402
Q6875,A504
Q6876,A165
Q6877,A705
Q6878,A762
Q6879,A348
Q6880,A819
Q6881,A613
Q6882,A558
Q6883,A999
Q6884,A416
Q6885,A952
Q6886,A438
Q6887,A500
Q6888,A133
Q6889,A99
Q6890,A752
Q6891,A797
Q6892,A831
Q6893,A235
Q6894,A366
Q6895,A34
Q6896,A730
Q6897,A453
Q6898,A345
Q6899,A556
Q6900,A970
Q6901,A806
Q6902,A845
Q6903,A881
Q6904,A566
Q6905,A657
Q6906,A836
Q6907,A678
Q6908,A104
Q6909,A919
Q6910,A205
Q6911,A586
Q6912,A639
Q6913,A310
Q6914,A643
Q6915,A836
Q6916,A467
Q6917,A964
Q6918,A601
Q6919,A179
Q6920,A435
Q6921,A827
Q6922,A657
Q6923,A857
Q6924,A981
Q6925,A678
Q6926,A599
Q6927,A568
Q6928,A60
Q6929,A598
Q6930,A395
Q6931,A398
Q6932,A882
Q6933,A855
Q6934,A442
Q6935,A519
Q6936,A636
Q6937,A577
Q6938,A527
Q6939,A461
Q6940,A32
Q6941,A494
Q6942,A585
Q6943,A503
Q6944,A414
Q6945,A461
Q6946,A664
Q6947,A884
Q6948,A521
Q6949,A167
Q6950,A758
Q6951,A712
Q6952,A789
Q6953,A381
Q6954,A526
Q6955,A68
Q6956,A907
Q6957,A599
Q6958,A541
Q6959,A860
Q6960,A64
Q6961,A658
Q6962,A750
Q6963,A202
Q6964,A731
Q6965,A657
Q6966,A28
Q6967,A871
Q6968,A663
Q6969,A68
Q6970,A894
Q6971,A724
Q6972,A44
Q6973,A516
Q6974,A358
Q6975,A968
Q6976,A837
Q6977,A885
Q6978,A527
Q6979,A588
Q6980,A653
Q6981,A929
Q6982,A639
Q6983,A723
Q6984,A671
Q6985,A597
Q6986,A587
Q6987,A163
Q6988,A728
Q6989,A976
Q6990,A907
Q6991,A864
Q6992,A231
Q6993,A317
Q6994,A670
Q6995,A842
Q6996,A996
Q6997,A885
Q6998,A539
Q6999,A191
Q7000,A780
Q7001,A928
Q7002,A140
Q7003,A318
Q7004,A502
Q7005,A414
Q7006,A503
Q7007,A826
Q7008,A799
Q7009,A943
Q7010,A81
Q7011,A177
Q7012,A954
Q7013,A784
Q7014,A173
Q7015,A8
Q7016,A542
Q7017,A62
Q7018,A68
Q7019,A590
Q7020,A521
Q7021,A638
Q7022,A700
Q7023,A887
Q7024,A764
Q7025,A828
Q7026,A453
Q7027,A690
Q7028,A204
Q7029,A968
Q7030,A833
Q7031,A636
Q7032,A454
Q7033,A846
Q7034,A496
Q7035,A448
Q7036,A380
Q7037,A872
Q7038,A901
Q7039,A2
Q7040,A550
Q7041,A582
Q7042,A345
Q7043,A79
Q7044,A888
Q7045,A903
Q7046,A703
Q7047,A782
Q7048,A901
Q7049,A827
Q7050,A358
Q7051,A163
Q7052,A600
Q7053,A949
Q7054,A687
Q7055,A663
Q7056,A809
Q7057,A590
Q7058,A319
Q7059,A578
Q7060,A810
Q7061,A510
Q7062,A859
Q7063,A469
Q7064,A902
Q7065,A877
Q7066,A899
Q7067,A733
Q7068,A402
Q7069,A650
Q7070,A305
Q7071,A734
Q7072,A705
Q7073,A272
Q7074,A553
Q7075,A981
Q7076,A857
Q7077,A865
Q7078,A513
Q7079,A545
Q7080,A158
Q7081,A715
Q7082,A923
Q7083,A230
Q7084,A968
Q7085,A526
Q7086,A527
Q7087,A959
Q7088,A289
Q7089,A619
Q7090,A431
Q7091,A839
Q7092,A388
Q7093,A767
Q7094,A272
Q7095,A709
Q7096,A610
Q7097,A706
Q7098,A451
Q7099,A443
Q7100,A662
Q7101,A499
Q7102,A748
Q7103,A40
Q7104,A405
Q7105,A904
Q7106,A635
Q7107,A633
Q7108,A171
Q7109,A664
Q7110,A797
Q7111,A519
Q7112,A745
Q7113,A26
Q7114,A970
Q7115,A1
Q7116,A777
Q7117,A39
Q7118,A911
Q7119,A663
Q7120,A412
Q7121,A452
Q7122,A477
Q7123,A810
Q7124,A817
Q7125,A526
Q7126,A199
Q7127,A63
Q7128,A823
Q7129,A782
Q7130,A924
Q7131,A852
Q7132,A581
Q7133,A493
Q7134,A587
Q7135,A861
Q7136,A478
Q7137,A5
Q7138,A437
Q7139,A425
Q7140,A309
Q7141,A883
Q7142,A948
Q7143,A203
Q7144,A272
Q7145,A428
Q7146,A754
Q7147,A905
Q7148,A77
Q7149,A935
Q7150,A597
Q7151,A230
Q7152,A26
Q7153,A183
Q7154,A847
Q7155,A442
Q7156,A813
Q7157,A442
Q7158,A234
Q7159,A708
Q7160,A631
Q7161,A859
Q7162,A664
Q7163,A788
Q7164,A836
Q7165,A914
Q7166,A114
Q7167,A897
Q7168,A980
Q7169,A857
Q7170,A887
Q7171,A841
Q7172,A734
Q7173,A968
Q7174,A972
Q7175,A849
Q7176,A527
Q7177,A157
Q7178,A834
Q7179,A285
Q7180,A976
Q7181,A599
Q7182,A911
Q7183,A681
Q7184,A479
Q7185,A23
Q7186,A187
Q7187,A585
Q7188,A744
Q7189,A892
Q7190,A824
Q7191,A841
Q7192,A585
Q7193,A664
Q7194,A388
Q7195,A813
Q7196,A960
Q7197,A767
Q7198,A618
Q7199,A179
Q7200,A636
Q7201,A646
Q7202,A868
Q7203,A748
Q7204,A760
Q7205,A446
Q7206,A818
Q7207,A427
Q7208,A692
Q7209,A341
Q7210,A579
Q7211,A151
Q7212,A539
Q7213,A650
Q7214,A743
Q7215,A200
Q7216,A653
Q7217,A478
Q7218,A933
Q7219,A675
Q7220,A151
Q7221,A632
Q7222,A429
Q7223,A888
Q7224,A997
Q7225,A40
Q7226,A980
Q7227,A160
Q7228,A633
Q7229,A695
Q7230,A681
Q7231,A341
Q7232,A506
Q7233,A911
Q7234,A794
Q7235,A474
Q7236,A386
Q7237,A345
Q7238,A478
Q7239,A750
Q7240,A744
Q7241,A919
Q7242,A923
Q7243,A895
Q7244,A968
Q7245,A240
Q7246,A36
Q7247,A155
Q7248,A495
Q7249,A445
Q7250,A597
Q7251,A750
Q7252,A422
Q7253,A782
Q7254,A295
Q7255,A531
Q7256,A813
Q7257,A358
Q7258,A257
Q7259,A908
Q7260,A579
Q7261,A126
Q7262,A501
Q7263,A454
Q7264,A977
Q7265,A794
Q7266,A159
Q7267,A461
Q7268,A647
Q7269,A559
Q7270,A412
Q7271,A250
Q7272,A302
Q7273,A733
Q7274,A841
Q7275,A598
Q7276,A895
Q7277,A738
Q7278,A683
Q7279,A559
Q7280,A1
Q7281,A271
Q7282,A359
Q7283,A585
Q7284,A601
Q7285,A305
Q7286,A415
Q7287,A602
Q7288,A797
Q7289,A596
Q7290,A962
Q7291,A189
Q7292,A591
Q7293,A356
Q7294,A40
Q7295,A233
Q7296,A819
Q7297,A928
Q7298,A473
Q7299,A987
Q7300,A330
Q7301,A161
Q7302,A506
Q7303,A170
Q7304,A164
Q7305,A242
Q7306,A42
Q7307,A553
Q7308,A939
Q7309,A728
Q7310,A465
Q7311,A860
Q7312,A921
Q7313,A653
Q7314,A999
Q7315,A744
Q7316,A865
Q7317,A640
Q7318,A762
Q7319,A838
Q7320,A992
Q7321,A163
Q7322,A383
Q7323,A116
Q7324,A590
Q7325,A706
Q7326,A623
Q7327,A41
Q7328,A846
Q7329,A250
Q7330,A584
Q7331,A824
Q7332,A549
Q7333,A60
Q7334,A220
Q7335,A493
Q7336,A909
Q7337,A634
Q7338,A799
Q7339,A289
Q7340,A750
Q7341,A845
Q7342,A527
Q7343,A158
Q7344,A686
Q7345,A59
Q7346,A520
Q7347,A452
Q7348,A935
Q7349,A380
Q7350,A639
Q7351,A676
Q7352,A400
Q7353,A30
Q7354,A165
Q7355,A860
Q7356,A891
Q7357,A982
Q7358,A314
Q7359,A550
Q7360,A774
Q7361,A168
Q7362,A438
Q7363,A509
Q7364,A651
Q7365,A322
Q7366,A462
Q7367,A180
Q7368,A828
Q7369,A540
Q7370,A997
Q7371,A501
Q7372,A947
Q7373,A423
Q7374,A400
Q7375,A559
Q7376,A733
Q7377,A767
Q7378,A975
Q7379,A77
Q7380,A667
Q7381,A414
Q7382,A205
Q7383,A438
Q7384,A830
Q7385,A196
Q7386,A526
Q7387,A896
Q7388,A151
Q7389,A371
Q7390,A735
Q7391,A454
Q7392,A243
Q7393,A226
Q7394,A314
Q7395,A631
Q7396,A738
Q7397,A691
Q7398,A899
Q7399,A904
Q7400,A487
Q7401,A950
Q7402,A804
Q7403,A77
Q7404,A709
Q7405,A187
Q7406,A437
Q7407,A253
Q7408,A836
Q7409,A349
Q7410,A281
Q7411,A999
Q7412,A40
Q7413,A68
Q7414,A937
Q7415,A219
Q7416,A374
Q7417,A886
Q7418,A248
Q7419,A698
Q7420,A443
Q7421,A166
Q7422,A602
Q7423,A221
Q7424,A868
Q7425,A678
Q7426,A682
Q7427,A201
Q7428,A240
Q7429,A973
Q7430,A760
Q7431,A758
Q7432,A704
Q7433,A504
Q7434,A970
Q7435,A698
Q7436,A35
Q7437,A436
Q7438,A336
Q7439,A708
Q7440,A272
Q7441,A692
Q7442,A698
Q7443,A328
Q7444,A869
Q7445,A3
Q7446,A52
Q7447,A626
Q7448,A548
Q7449,A55
Q7450,A552
Q7451,A488
Q7452,A651
Q7453,A266
Q7454,A690
Q7455,A469
Q7456,A479
Q7457,A958
Q7458,A510
Q7459,A841
Q7460,A961
Q7461,A826
Q7462,A7
Q7463,A876
Q7464,A725
Q7465,A410
Q7466,A541
Q7467,A743
Q7468,A777
Q7469,A664
Q7470,A906
Q7471,A202
Q7472,A478
Q7473,A704
Q7474,A348
Q7475,A478
Q7476,A257
Q7477,A600
Q7478,A681
Q7479,A950
Q7480,A650
Q7481,A44
Q7482,A922
Q7483,A787
Q7484,A393
Q7485,A15
Q7486,A932
Q7487,A436
Q7488,A807
Q7489,A664
Q7490,A637
Q7491,A619
Q7492,A406
Q7493,A559
Q7494,A664
Q7495,A778
Q7496,A589
Q7497,A434
Q7498,A346
Q7499,A888
Q7500,A643
Q7501,A358
Q7502,A538
Q7503,A746
Q7504,A421
Q7505,A728
Q7506,A885
Q7507,A63
Q7508,A787
Q7509,A445
Q7510,A837
Q7511,A629
Q7512,A839
Q7513,A482
Q7514,A655
Q7515,A501
Q7516,A679
Q7517,A173
Q7518,A427
Q7519,A65
Q7520,A848
Q7521,A437
Q7522,A455
Q7523,A7
Q7524,A966
Q7525,A371
Q7526,A280
Q7527,A753
Q7528,A638
Q7529,A983
Q7530,A790
Q7531,A201
Q7532,A60
Q7533,A433
Q7534,A391
Q7535,A134
Q7536,A971
Q7537,A639
Q7538,A596
Q7539,A269
Q7540,A489
Q7541,A635
Q7542,A276
Q7543,A587
Q7544,A432
Q7545,A266
Q7546,A654
Q7547,A598
Q7548,A314
Q7549,A744
Q7550,A880
Q7551,A782
Q7552,A284
Q7553,A231
Q7554,A855
Q7555,A21
Q7556,A903
Q7557,A969
Q7558,A559
Q7559,A960
Q7560,A374
Q7561,A585
Q7562,A516
Q7563,A211
Q7564,A137
Q7565,A172
Q7566,A359
Q7567,A527
Q7568,A65
Q7569,A386
Q7570,A610
Q7571,A728
Q7572,A243
Q7573,A627
Q7574,A836
Q7575,A482
Q7576,A365
Q7577,A517
Q7578,A623
Q7579,A227
Q7580,A735
Q7581,A511
Q7582,A66
Q7583,A502
Q7584,A978
Q7585,A706
Q7586,A765
Q7587,A46
Q7588,A149
Q7589,A637
Q7590,A999
Q7591,A349
Q7592,A165
Q7593,A717
Q7594,A497
Q7595,A403
Q7596,A446
Q7597,A906
Q7598,A917
Q7599,A759
Q7600,A818
Q7601,A998
Q7602,A527
Q7603,A836
Q7604,A869
Q7605,A740
Q7606,A501
Q7607,A40
Q7608,A852
Q7609,A158
Q7610,A490
Q7611,A467
Q7612,A917
Q7613,A560
Q7614,A390
Q7615,A502
Q7616,A359
Q7617,A899
Q7618,A762
Q7619,A735
Q7620,A702
Q7621,A563
Q7622,A700
Q7623,A689
Q7624,A651
Q7625,A44
Q7626,A795
Q7627,A597
Q7628,A577
Q7629,A770
Q7630,A841
Q7631,A443
Q7632,A513
Q7633,A906
Q7634,A769
Q7635,A524
Q7636,A826
Q7637,A473
Q7638,A605
Q7639,A666
Q7640,A662
Q7641,A656
Q7642,A126
Q7643,A186
Q7644,A907
Q7645,A650
Q7646,A979
Q7647,A572
Q7648,A638
Q7649,A524
Q7650,A66
Q7651,A495
Q7652,A202
Q7653,A545
Q7654,A508
Q7655,A708
Q7656,A277
Q7657,A503
Q7658,A796
Q7659,A437
Q7660,A865
Q7661,A797
Q7662,A605
Q7663,A848
Q7664,A999
Q7665,A59
Q7666,A622
Q7667,A624
Q7668,A480
Q7669,A66
Q7670,A357
Q7671,A190
Q7672,A269
Q7673,A608
Q7674,A227
Q7675,A680
Q7676,A590
Q7677,A470
Q7678,A558
Q7679,A778
Q7680,A349
Q7681,A960
Q7682,A456
Q7683,A999
Q7684,A523
Q7685,A591
Q7686,A769
Q7687,A632
Q7688,A771
Q7689,A861
Q7690,A288
Q7691,A79
Q7692,A767
Q7693,A352
Q7694,A811
Q7695,A168
Q7696,A744
Q7697,A809
Q7698,A424
Q7699,A786
Q7700,A495
Q7701,A399
Q7702,A841
Q7703,A423
Q7704,A827
Q7705,A712
Q7706,A463
Q7707,A770
Q7708,A619
Q7709,A504
Q7710,A526
Q7711,A237
Q7712,A538
Q7713,A245
Q7714,A378
Q7715,A517
Q7716,A435
Q7717,A791
Q7718,A686
Q7719,A738
Q7720,A971
Q7721,A112
Q7722,A677
Q7723,A7
Q7724,A285
Q7725,A380
Q7726,A266
Q7727,A848
Q7728,A122
Q7729,A551
Q7730,A464
Q7731,A481
Q7732,A745
Q7733,A324
Q7734,A208
Q7735,A394
Q7736,A725
Q7737,A549
Q7738,A619
Q7739,A748
Q7740,A960
Q7741,A588
Q7742,A823
Q7743,A754
Q7744,A406
Q7745,A683
Q7746,A55
Q7747,A504
Q7748,A282
Q7749,A307
Q7750,A189
Q7751,A312
Q7752,A813
Q7753,A578
Q7754,A733
Q7755,A524
Q7756,A798
Q7757,A948
Q7758,A679
Q7759,A813
Q7760,A987
Q7761,A992
Q7762,A218
Q7763,A641
Q7764,A564
Q7765,A818
Q7766,A100
Q7767,A531
Q7768,A720
Q7769,A46
Q7770,A598
Q7771,A839
Q7772,A590
Q7773,A62
Q7774,A706
Q7775,A167
Q7776,A753
Q7777,A813
Q7778,A405
Q7779,A919
Q7780,A927
Q7781,A687
Q7782,A641
Q7783,A823
Q7784,A810
Q7785,A968
Q7786,A465
Q7787,A512
Q7788,A65
Q7789,A503
Q7790,A639
Q7791,A77
Q7792,A145
Q7793,A283
Q7794,A945
Q7795,A789
Q7796,A298
Q7797,A828
Q7798,A50
Q7799,A689
Q7800,A423
Q7801,A423
Q7802,A957
Q7803,A969
Q7804,A66
Q7805,A860
Q7806,A871
Q7807,A526
Q7808,A718
Q7809,A460
Q7810,A271
Q7811,A470
Q7812,A461
Q7813,A543
Q7814,A710
Q7815,A402
Q7816,A209
Q7817,A464
Q7818,A405
Q7819,A555
Q7820,A556
Q7821,A812
Q7822,A509
Q7823,A689
Q7824,A549
Q7825,A848
Q7826,A912
Q7827,A748
Q7828,A431
Q7829,A709
Q7830,A62
Q7831,A971
Q7832,A795
Q7833,A587
Q7834,A421
Q7835,A923
Q7836,A926
Q7837,A457
Q7838,A241
Q7839,A810
Q7840,A478
Q7841,A939
Q7842,A884
Q7843,A62
Q7844,A908
Q7845,A101
Q7846,A664
Q7847,A997
Q7848,A493
Q7849,A841
Q7850,A792
Q7851,A598
Q7852,A503
Q7853,A623
Q7854,A845
Q7855,A876
Q7856,A622
Q7857,A488
Q7858,A648
Q7859,A865
Q7860,A247
Q7861,A887
Q7862,A30
Q7863,A700
Q7864,A32
Q7865,A740
Q7866,A536
Q7867,A867
Q7868,A983
Q7869,A708
Q7870,A588
Q7871,A930
Q7872,A487
Q7873,A563
Q7874,A213
Q7875,A618
Q7876,A847
Q7877,A949
Q7878,A748
Q7879,A664
Q7880,A443
Q7881,A660
Q7882,A700
Q7883,A939
Q7884,A664
Q7885,A490
Q7886,A667
Q7887,A308
Q7888,A285
Q7889,A894
Q7890,A919
Q7891,A524
Q7892,A504
Q7893,A223
Q7894,A532
Q7895,A478
Q7896,A470
Q7897,A733
Q7898,A459
Q7899,A541
Q7900,A477
Q7901,A976
Q7902,A240
Q7903,A600
Q7904,A968
Q7905,A647
Q7906,A250
Q7907,A721
Q7908,A494
Q7909,A622
Q7910,A516
Q7911,A148
Q7912,A681
Q7913,A546
Q7914,A738
Q7915,A470
Q7916,A500
Q7917,A589
Q7918,A792
Q7919,A976
Q7920,A885
Q7921,A979
Q7922,A602
Q7923,A240
Q7924,A740
Q7925,A998
Q7926,A623
Q7927,A673
Q7928,A846
Q7929,A881
Q7930,A659
Q7931,A585
Q7932,A939
Q7933,A436
Q7934,A20
Q7935,A926
Q7936,A444
Q7937,A895
Q7938,A914
Q7939,A408
Q7940,A60
Q7941,A534
Q7942,A204
Q7943,A592
Q7944,A914
Q7945,A673
Q7946,A236
Q7947,A808
Q7948,A843
Q7949,A404
Q7950,A675
Q7951,A325
Q7952,A691
Q7953,A853
Q7954,A175
Q7955,A503
Q7956,A480
Q7957,A612
Q7958,A980
Q7959,A985
Q7960,A345
Q7961,A309
Q7962,A447
Q7963,A501
Q7964,A624
Q7965,A887
Q7966,A368
Q7967,A749
Q7968,A662
Q7969,A562
Q7970,A706
Q7971,A478
Q7972,A464
Q7973,A962
Q7974,A281
Q7975,A459
Q7976,A624
Q7977,A717
Q7978,A680
Q7979,A66
Q7980,A558
Q7981,A265
Q7982,A247
Q7983,A479
Q7984,A403
Q7985,A618
Q7986,A520
Q7987,A558
Q7988,A345
Q7989,A273
Q7990,A676
Q7991,A602
Q7992,A146
Q7993,A166
Q7994,A101
Q7995,A925
Q7996,A837
Q7997,A299
Q7998,A165
Q7999,A202
Q8000,A838
Q8001,A787
Q8002,A753
Q8003,A257
Q8004,A237
Q8005,A210
Q8006,A599
Q8007,A385
Q8008,A766
Q8009,A848
Q8010,A848
Q8011,A115
Q8012,A857
Q8013,A193
Q8014,A908
Q8015,A860
Q8016,A906
Q8017,A881
Q8018,A979
Q8019,A836
Q8020,A176
Q8021,A186
Q8022,A200
Q8023,A862
Q8024,A997
Q8025,A838
Q8026,A12
Q8027,A479
Q8028,A891
Q8029,A690
Q8030,A544
Q8031,A683
Q8032,A424
Q8033,A931
Q8034,A839
Q8035,A413
Q8036,A226
Q8037,A126
Q8038,A183
Q8039,A766
Q8040,A141
Q8041,A929
Q8042,A240
Q8043,A313
Q8044,A238
Q8045,A167
Q8046,A623
Q8047,A108
Q8048,A395
Q8049,A644
Q8050,A455
Q8051,A151
Q8052,A182
Q8053,A968
Q8054,A265
Q8055,A742
Q8056,A776
Q8057,A20
Q8058,A761
Q8059,A782
Q8060,A223
Q8061,A807
Q8062,A558
Q8063,A219
Q8064,A507
Q8065,A831
Q8066,A994
Q8067,A246
Q8068,A238
Q8069,A735
Q8070,A241
Q8071,A484
Q8072,A567
Q8073,A847
Q8074,A138
Q8075,A482
Q8076,A447
Q8077,A336
Q8078,A33
Q8079,A284
Q8080,A559
Q8081,A846
Q8082,A93
Q8083,A461
Q8084,A931
Q8085,A717
Q8086,A823
Q8087,A465
Q8088,A689
Q8089,A224
Q8090,A62
Q8091,A105
Q8092,A507
Q8093,A617
Q8094,A461
Q8095,A40
Q8096,A639
Q8097,A567
Q8098,A121
Q8099,A593
Q8100,A729
Q8101,A287
Q8102,A183
Q8103,A201
Q8104,A497
Q8105,A797
Q8106,A65
Q8107,A312
Q8108,A741
Q8109,A418
Q8110,A600
Q8111,A943
Q8112,A792
Q8113,A718
Q8114,A547
Q8115,A161
Q8116,A463
Q8117,A585
Q8118,A807
Q8119,A214
Q8120,A404
Q8121,A256
Q8122,A789
Q8123,A233
Q8124,A157
Q8125,A53
Q8126,A914
Q8127,A505
Q8128,A385
Q8129,A579
Q8130,A516
Q8131,A132
Q8132,A714
Q8133,A241
Q8134,A58
Q8135,A960
Q8136,A764
Q8137,A987
Q8138,A693
Q8139,A412
Q8140,A847
Q8141,A666
Q8142,A488
Q8143,A198
Q8144,A438
Q8145,A171
Q8146,A582
Q8147,A892
Q8148,A731
Q8149,A710
Q8150,A730
Q8151,A134
Q8152,A627
Q8153,A631
Q8154,A663
Q8155,A705
Q8156,A818
Q8157,A301
Q8158,A847
Q8159,A373
Q8160,A499
Q8161,A740
Q8162,A349
Q8163,A626
Q8164,A963
Q8165,A588
Q8166,A446
Q8167,A620
Q8168,A615
Q8169,A382
Q8170,A566
Q8171,A767
Q8172,A250
Q8173,A841
Q8174,A185
Q8175,A590
Q8176,A238
Q8177,A175
Q8178,A707
Q8179,A591
Q8180,A119
Q8181,A385
Q8182,A717
Q8183,A81
Q8184,A924
Q8185,A443
Q8186,A411
Q8187,A924
Q8188,A425
Q8189,A331
Q8190,A758
Q8191,A280
Q8192,A210
Q8193,A271
Q8194,A863
Q8195,A692
Q8196,A78
Q8197,A35
Q8198,A483
Q8199,A467
Q8200,A584
Q8201,A285
Q8202,A690
Q8203,A453
Q8204,A987
Q8205,A471
Q8206,A902
Q8207,A638
Q8208,A944
Q8209,A281
Q8210,A897
Q8211,A204
Q8212,A349
Q8213,A678
Q8214,A431
Q8215,A506
Q8216,A824
Q8217,A67
Q8218,A187
Q8219,A584
Q8220,A851
Q8221,A400
Q8222,A608
Q8223,A633
