Q0,A9
Q1,A3
Q2,A10
Q3,A20
Q4,A4
Q5,A3
Q6,A15
Q7,A13
Q8,A11
Q9,A17
Q10,A0
Q11,A19
Q12,A4
Q13,A1
Q14,A23
Q15,A2
Q16,A8
Q17,A1
Q18,A25
Q19,A16
Q20,A0
Q21,A14
Q22,A21
Q23,A19
Q24,A22
Q25,A17
Q26,A7
Q27,A19
Q28,A12
Q29,A11
Q30,A4
Q31,A1
Q32,A7
Q33,A21
Q34,A21
Q35,A2
Q36,A17
Q37,A3
Q38,A14
Q39,A25
Q40,A3
Q41,A3
Q42,A17
Q43,A13
Q44,A11
Q45,A8
Q46,A16
Q47,A14
Q48,A11
Q49,A2
Q50,A24
Q51,A2
Q52,A22
Q53,A25
Q54,A25
Q55,A3
Q56,A25
Q57,A23
Q58,A15
Q59,A24
Q60,A14
Q61,A23
Q62,A23
Q63,A14
Q64,A3
Q65,A16
Q66,A11
Q67,A21
Q68,A21
Q69,A24
Q70,A13
Q71,A12
Q72,A11
Q73,A16
Q74,A21
Q75,A3
Q76,A6
Q77,A25
Q78,A16
Q79,A19
Q80,A21
Q81,A6
Q82,A6
Q83,A1
Q84,A3
Q85,A14
Q86,A24
Q87,A12
Q88,A5
Q89,A7
Q90,A0
Q91,A25
Q92,A15
Q93,A19
Q94,A11
Q95,A4
Q96,A7
Q97,A15
Q98,A25
Q99,A9
Q100,A7
Q101,A12
Q102,A10
Q103,A22
Q104,A3
Q105,A14
Q106,A16
Q107,A21
Q108,A14
Q109,A17
Q110,A16
Q111,A11
Q112,A25
Q113,A23
Q114,A5
Q115,A12
Q116,A1
Q117,A0
Q118,A23
Q119,A21
Q120,A12
Q121,A12
Q122,A2
Q123,A13
Q124,A3
Q125,A3
Q126,A14
Q127,A2
Q128,A6
Q129,A3
Q130,A17
Q131,A18
Q132,A18
Q133,A14
Q134,A7
Q135,A11
Q136,A15
Q137,A4
Q138,A19
Q139,A21
Q140,A11
Q141,A14
Q142,A15
Q143,A21
Q144,A21
Q145,A16
Q146,A3
Q147,A22
Q148,A8
Q149,A0
Q150,A0
Q151,A23
Q152,A13
Q153,A17
Q154,A18
Q155,A7
Q156,A15
Q157,A9
Q158,A13
Q159,A0
Q160,A4
Q161,A23
Q162,A0
Q163,A10
Q164,A11
Q165,A18
Q166,A15
Q167,A25
Q168,A6
Q169,A17
Q170,A9
Q171,A10
Q172,A5
Q173,A25
Q174,A9
Q175,A25
Q176,A25
Q177,A1
Q178,A16
Q179,A18
Q180,A19
Q181,A9
Q182,A9
Q183,A8
Q184,A22
Q185,A1
Q186,A16
Q187,A3
Q188,A13
Q189,A21
Q190,A15
Q191,A6
Q192,A3
Q193,A11
Q194,A1
Q195,A9
Q196,A13
Q197,A9
Q198,A20
Q199,A16
Q200,A4
Q201,A24
Q202,A22
Q203,A13
Q204,A7
Q205,A25
Q206,A10
Q207,A10
Q208,A13
Q209,A10
Q210,A23
Q211,A24
Q212,A18
Q213,A19
Q214,A10
Q215,A1
Q216,A13
Q217,A12
Q218,A25
Q219,A18
Q220,A24
Q221,A23
Q222,A13
Q223,A23
Q224,A10
Q225,A14
Q226,A13
Q227,A1
Q228,A4
Q229,A7
Q230,A19
Q231,A11
Q232,A9
Q233,A5
Q234,A19
Q235,A24
Q236,A24
Q237,A22
Q238,A8
Q239,A15
Q240,A25
Q241,A13
Q242,A11
Q243,A21
Q244,A6
Q245,A14
Q246,A20
Q247,A18
Q248,A17
Q249,A10
Q250,A1
Q251,A13
Q252,A18
Q253,A6
Q254,A13
Q255,A3
Q256,A8
Q257,A9
Q258,A16
Q259,A4
Q260,A12
Q261,A2
Q262,A5
Q263,A13
Q264,A23
Q265,A4
Q266,A25
Q267,A16
Q268,A16
Q269,A25
Q270,A18
Q271,A1
Q272,A0
Q273,A22
Q274,A21
Q275,A13
Q276,A2
Q277,A4
Q278,A1
Q279,A4
Q280,A7
Q281,A22
Q282,A2
Q283,A20
Q284,A17
Q285,A24
Q286,A10
Q287,A9
Q288,A6
Q289,A25
Q290,A10
Q291,A6
Q292,A8
Q293,A8
Q294,A23
Q295,A7
Q296,A21
Q297,A13
Q298,A2
Q299,A17
Q300,A3
Q301,A15
Q302,A0
Q303,A20
Q304,A2
Q305,A0
Q306,A0
Q307,A7
Q308,A25
Q309,A0
Q310,A25
Q311,A3
Q312,A13
Q313,A16
Q314,A13
Q315,A14
Q316,A25
Q317,A15
Q318,A6
Q319,A25
Q320,A22
Q321,A4
Q322,A17
Q323,A17
Q324,A3
Q325,A5
Q326,A9
Q327,A8
Q328,A23
Q329,A6
Q330,A24
Q331,A14
Q332,A3
Q333,A10
Q334,A16
Q335,A25
Q336,A19
Q337,A5
Q338,A4
Q339,A13
Q340,A16
Q341,A21
Q342,A24
Q343,A13
Q344,A5
Q345,A2
Q346,A16
Q347,A23
Q348,A9
Q349,A24
Q350,A7
Q351,A22
Q352,A14
Q353,A5
Q354,A14
Q355,A22
Q356,A2
Q357,A19
Q358,A0
Q359,A25
Q360,A2
Q361,A9
Q362,A10
Q363,A25
Q364,A19
Q365,A6
Q366,A7
Q367,A11
Q368,A1
Q369,A21
Q370,A18
Q371,A21
Q372,A16
Q373,A13
Q374,A12
Q375,A15
Q376,A21
Q377,A24
Q378,A25
Q379,A25
Q380,A13
Q381,A20
Q382,A5
Q383,A4
Q384,A14
Q385,A6
Q386,A12
Q387,A7
Q388,A9
Q389,A10
Q390,A9
Q391,A17
Q392,A13
Q393,A11
Q394,A24
Q395,A6
Q396,A11
Q397,A19
Q398,A6
Q399,A6
Q400,A22
Q401,A5
Q402,A2
Q403,A20
Q404,A19
Q405,A20
Q406,A25
Q407,A10
Q408,A21
Q409,A20
Q410,A16
Q411,A7
Q412,A2
Q413,A25
Q414,A13
Q415,A1
Q416,A5
Q417,A12
Q418,A18
Q419,A7
Q420,A24
Q421,A12
Q422,A14
Q423,A22
Q424,A4
Q425,A21
Q426,A3
Q427,A12
Q428,A4
Q429,A12
Q430,A7
Q431,A20
Q432,A16
Q433,A12
Q434,A25
Q435,A6
Q436,A15
Q437,A25
Q438,A9
Q439,A17
Q440,A19
Q441,A5
Q442,A10
Q443,A1
Q444,A7
Q445,A4
Q446,A13
Q447,A13
Q448,A7
Q449,A0
Q450,A15
Q451,A25
Q452,A16
Q453,A13
Q454,A24
Q455,A16
Q456,A9
Q457,A8
Q458,A3
Q459,A10
Q460,A6
Q461,A10
Q462,A23
Q463,A12
Q464,A6
Q465,A11
Q466,A1
Q467,A18
Q468,A21
Q469,A22
Q470,A23
Q471,A23
Q472,A21
Q473,A22
Q474,A13
Q475,A16
Q476,A12
Q477,A14
Q478,A4
Q479,A20
Q480,A4
Q481,A17
Q482,A0
Q483,A21
Q484,A20
Q485,A18
Q486,A1
Q487,A13
Q488,A3
Q489,A5
Q490,A9
Q491,A18
Q492,A23
Q493,A12
Q494,A6
Q495,A24
Q496,A20
Q497,A19
Q498,A17
Q499,A1
Q500,A3
Q501,A10
Q502,A21
Q503,A18
Q504,A14
Q505,A9
Q506,A3
Q507,A8
Q508,A23
Q509,A5
Q510,A23
Q511,A22
Q512,A17
Q513,A21
Q514,A10
Q515,A18
Q516,A4
Q517,A16
Q518,A13
Q519,A23
Q520,A4
Q521,A6
Q522,A20
Q523,A1
Q524,A5
Q525,A25
Q526,A24
Q527,A23
Q528,A6
Q529,A6
Q530,A10
Q531,A1
Q532,A2
Q533,A9
Q534,A12
Q535,A9
Q536,A0
Q537,A3
Q538,A22
Q539,A14
Q540,A24
Q541,A18
Q542,A3
Q543,A19
Q544,A16
Q545,A20
Q546,A7
Q547,A5
Q548,A16
Q549,A7
Q550,A13
Q551,A15
Q552,A21
Q553,A7
Q554,A2
Q555,A20
Q556,A12
Q557,A25
Q558,A1
Q559,A24
Q560,A24
Q561,A6
Q562,A4
Q563,A20
Q564,A4
Q565,A22
Q566,A10
Q567,A5
Q568,A16
Q569,A16
Q570,A2
Q571,A1
Q572,A5
Q573,A12
Q574,A15
Q575,A20
Q576,A20
Q577,A25
Q578,A18
Q579,A4
Q580,A1
Q581,A24
Q582,A20
Q583,A2
Q584,A0
Q585,A6
Q586,A3
Q587,A23
Q588,A14
Q589,A2
Q590,A0
Q591,A3
Q592,A24
Q593,A9
Q594,A16
Q595,A14
Q596,A14
Q597,A7
Q598,A14
Q599,A13
Q600,A17
Q601,A4
Q602,A18
Q603,A17
Q604,A13
Q605,A25
Q606,A24
Q607,A21
Q608,A20
Q609,A19
Q610,A7
Q611,A0
Q612,A19
Q613,A14
Q614,A7
Q615,A0
Q616,A21
Q617,A14
Q618,A7
Q619,A23
Q620,A15
Q621,A6
Q622,A11
Q623,A15
Q624,A3
Q625,A15
Q626,A3
Q627,A7
Q628,A6
Q629,A6
Q630,A11
Q631,A22
Q632,A22
Q633,A10
Q634,A4
Q635,A13
Q636,A12
Q637,A14
Q638,A18
Q639,A23
Q640,A10
Q641,A24
Q642,A15
Q643,A18
Q644,A10
Q645,A22
Q646,A1
Q647,A22
Q648,A19
Q649,A25
Q650,A8
Q651,A15
Q652,A7
Q653,A20
Q654,A17
Q655,A12
Q656,A22
Q657,A4
Q658,A17
Q659,A14
Q660,A15
Q661,A18
Q662,A21
Q663,A18
Q664,A11
Q665,A18
Q666,A5
Q667,A1
Q668,A17
Q669,A2
Q670,A11
Q671,A3
Q672,A14
Q673,A8
Q674,A0
Q675,A0
Q676,A22
Q677,A2
Q678,A1
Q679,A10
Q680,A25
Q681,A3
Q682,A25
Q683,A17
Q684,A8
Q685,A4
Q686,A21
Q687,A21
Q688,A24
Q689,A14
Q690,A6
Q691,A21
Q692,A13
Q693,A4
Q694,A12
Q695,A6
Q696,A11
Q697,A4
Q698,A22
Q699,A5
Q700,A18
Q701,A11
Q702,A24
Q703,A3
Q704,A25
Q705,A14
Q706,A13
Q707,A25
Q708,A10
Q709,A3
Q710,A1
Q711,A24
Q712,A9
Q713,A15
Q714,A15
Q715,A17
Q716,A7
Q717,A16
Q718,A0
Q719,A22
Q720,A21
Q721,A3
Q722,A24
Q723,A2
Q724,A15
Q725,A11
Q726,A19
Q727,A14
Q728,A20
Q729,A0
Q730,A16
Q731,A10
Q732,A20
Q733,A9
Q734,A19
Q735,A3
Q736,A22
Q737,A18
Q738,A8
Q739,A11
Q740,A3
Q741,A15
Q742,A25
Q743,A7
Q744,A25
Q745,A9
Q746,A8
Q747,A9
Q748,A6
Q749,A15
Q750,A17
Q751,A16
Q752,A4
Q753,A12
Q754,A18
Q755,A10
Q756,A1
Q757,A3
Q758,A12
Q759,A5
Q760,A12
Q761,A25
Q762,A11
Q763,A16
Q764,A25
Q765,A17
Q766,A5
Q767,A3
Q768,A14
Q769,A7
Q770,A4
Q771,A6
Q772,A22
Q773,A25
Q774,A25
Q775,A1
Q776,A18
Q777,A2
Q778,A24
Q779,A21
Q780,A4
Q781,A3
Q782,A5
Q783,A21
Q784,A25
Q785,A3
Q786,A25
Q787,A19
Q788,A8
Q789,A21
Q790,A22
Q791,A3
Q792,A12
Q793,A14
Q794,A1
Q795,A16
Q796,A6
Q797,A14
Q798,A11
Q799,A1
Q800,A5
Q801,A24
Q802,A17
Q803,A0
Q804,A16
Q805,A13
Q806,A13
Q807,A3
Q808,A14
Q809,A11
Q810,A12
Q811,A9
Q812,A0
Q813,A25
Q814,A9
Q815,A14
Q816,A9
Q817,A15
Q818,A15
Q819,A18
Q820,A19
Q821,A6
Q822,A10
Q823,A17
Q824,A7
Q825,A23
Q826,A12
Q827,A2
Q828,A18
Q829,A24
Q830,A24
Q831,A23
Q832,A1
Q833,A19
Q834,A19
Q835,A14
Q836,A0
Q837,A14
Q838,A20
Q839,A8
Q840,A24
Q841,A7
Q842,A9
Q843,A9
Q844,A24
Q845,A9
Q846,A23
Q847,A5
Q848,A2
Q849,A19
Q850,A5
Q851,A10
Q852,A5
Q853,A15
Q854,A14
Q855,A4
Q856,A23
Q857,A19
Q858,A0
Q859,A25
Q860,A8
Q861,A1
Q862,A20
Q863,A4
Q864,A22
Q865,A15
Q866,A3
Q867,A6
Q868,A16
Q869,A8
Q870,A1
Q871,A7
Q872,A0
Q873,A20
Q874,A1
Q875,A17
Q876,A8
Q877,A25
Q878,A6
Q879,A2
Q880,A23
Q881,A20
Q882,A15
Q883,A17
Q884,A13
Q885,A20
Q886,A16
Q887,A3
Q888,A22
Q889,A20
Q890,A7
Q891,A21
Q892,A22
Q893,A23
Q894,A0
Q895,A24
Q896,A4
Q897,A11
Q898,A17
Q899,A11
Q900,A10
Q901,A5
Q902,A13
Q903,A4
Q904,A8
Q905,A3
Q906,A25
Q907,A18
Q908,A8
Q909,A12
Q910,A21
Q911,A15
Q912,A12
Q913,A22
Q914,A18
Q915,A9
Q916,A11
Q917,A10
Q918,A9
Q919,A14
Q920,A1
Q921,A20
Q922,A16
Q923,A2
Q924,A5
Q925,A3
Q926,A5
Q927,A14
Q928,A9
Q929,A12
Q930,A1
Q931,A14
Q932,A12
Q933,A19
Q934,A7
Q935,A5
Q936,A18
Q937,A13
Q938,A12
Q939,A1
Q940,A7
Q941,A18
Q942,A20
Q943,A9
Q944,A24
Q945,A8
Q946,A1
Q947,A10
Q948,A18
Q949,A5
Q950,A2
Q951,A24
Q952,A20
Q953,A15
Q954,A14
Q955,A24
Q956,A20
Q957,A21
Q958,A21
Q959,A11
Q960,A24
Q961,A19
Q962,A20
Q963,A5
Q964,A25
Q965,A23
Q966,A16
Q967,A23
Q968,A21
Q969,A1
Q970,A13
Q971,A19
Q972,A22
Q973,A9
Q974,A14
Q975,A1
Q976,A18
Q977,A8
Q978,A20
Q979,A12
Q980,A18
Q981,A9
Q982,A16
Q983,A6
Q984,A12
Q985,A12
Q986,A8
Q987,A2
Q988,A10
Q989,A12
Q990,A8
Q991,A9
Q992,A2
Q993,A19
Q994,A24
Q995,A18
Q996,A22
Q997,A1
Q998,A12
Q999,A15
Q1000,A1
Q1001,A5
Q1002,A14
Q1003,A11
Q1004,A11
Q1005,A18
Q1006,A8
Q1007,A5
Q1008,A14
Q1009,A25
Q1010,A11
Q1011,A17
Q1012,A5
Q1013,A17
Q1014,A21
Q1015,A11
Q1016,A4
Q1017,A11
Q1018,A11
Q1019,A20
Q1020,A15
Q1021,A5
Q1022,A9
Q1023,A16
Q1024,A8
Q1025,A18
Q1026,A17
Q1027,A20
Q1028,A3
Q1029,A1
Q1030,A15
Q1031,A11
Q1032,A4
Q1033,A18
Q1034,A1
Q1035,A17
Q1036,A4
Q1037,A24
Q1038,A2
Q1039,A4
Q1040,A19
Q1041,A24
Q1042,A11
Q1043,A19
Q1044,A0
Q1045,A1
Q1046,A15
Q1047,A17
Q1048,A4
Q1049,A22
Q1050,A11
Q1051,A15
Q1052,A18
Q1053,A24
Q1054,A13
Q1055,A12
Q1056,A14
Q1057,A18
Q1058,A25
Q1059,A13
Q1060,A12
Q1061,A4
Q1062,A22
Q1063,A14
Q1064,A10
Q1065,A22
Q1066,A13
Q1067,A2
Q1068,A12
Q1069,A12
Q1070,A5
Q1071,A9
Q1072,A3
Q1073,A7
Q1074,A9
Q1075,A23
Q1076,A0
Q1077,A0
Q1078,A15
Q1079,A25
Q1080,A2
Q1081,A20
Q1082,A11
Q1083,A14
Q1084,A9
Q1085,A17
Q1086,A5
Q1087,A16
Q1088,A6
Q1089,A2
Q1090,A10
Q1091,A25
Q1092,A1
Q1093,A6
Q1094,A21
Q1095,A4
Q1096,A2
Q1097,A19
Q1098,A9
Q1099,A15
Q1100,A12
Q1101,A23
Q1102,A22
Q1103,A15
Q1104,A24
Q1105,A12
Q1106,A10
Q1107,A10
Q1108,A22
Q1109,A0
Q1110,A4
Q1111,A10
Q1112,A21
Q1113,A15
Q1114,A17
Q1115,A6
Q1116,A11
Q1117,A4
Q1118,A24
Q1119,A10
Q1120,A25
Q1121,A16
Q1122,A15
Q1123,A6
Q1124,A21
Q1125,A4
Q1126,A23
Q1127,A14
Q1128,A22
Q1129,A5
Q1130,A1
Q1131,A10
Q1132,A12
Q1133,A3
Q1134,A10
Q1135,A25
Q1136,A17
Q1137,A18
Q1138,A5
Q1139,A6
Q1140,A7
Q1141,A13
Q1142,A1
Q1143,A24
Q1144,A20
Q1145,A24
Q1146,A6
Q1147,A1
Q1148,A3
Q1149,A2
Q1150,A18
Q1151,A3
Q1152,A10
Q1153,A7
Q1154,A15
Q1155,A2
Q1156,A22
Q1157,A13
Q1158,A23
Q1159,A24
Q1160,A13
Q1161,A0
Q1162,A15
Q1163,A13
Q1164,A9
Q1165,A25
Q1166,A9
Q1167,A17
Q1168,A25
Q1169,A0
Q1170,A10
Q1171,A19
Q1172,A9
Q1173,A21
Q1174,A15
Q1175,A19
Q1176,A4
Q1177,A15
Q1178,A0
Q1179,A11
Q1180,A23
Q1181,A15
Q1182,A21
Q1183,A14
Q1184,A20
Q1185,A8
Q1186,A3
Q1187,A5
Q1188,A7
Q1189,A20
Q1190,A1
Q1191,A14
Q1192,A20
Q1193,A5
Q1194,A22
Q1195,A23
Q1196,A18
Q1197,A9
Q1198,A19
Q1199,A1
Q1200,A20
Q1201,A10
Q1202,A23
Q1203,A1
Q1204,A20
Q1205,A18
Q1206,A2
Q1207,A13
Q1208,A22
Q1209,A13
Q1210,A15
Q1211,A1
Q1212,A8
Q1213,A18
Q1214,A6
Q1215,A17
Q1216,A23
Q1217,A8
Q1218,A0
Q1219,A23
Q1220,A10
Q1221,A25
Q1222,A17
Q1223,A15
Q1224,A0
Q1225,A6
Q1226,A19
Q1227,A6
Q1228,A20
Q1229,A15
Q1230,A6
Q1231,A10
Q1232,A25
Q1233,A18
Q1234,A4
Q1235,A22
Q1236,A25
Q1237,A18
Q1238,A10
Q1239,A16
Q1240,A13
Q1241,A9
Q1242,A20
Q1243,A3
Q1244,A20
Q1245,A5
Q1246,A9
Q1247,A12
Q1248,A20
Q1249,A14
Q1250,A17
Q1251,A21
Q1252,A19
Q1253,A24
Q1254,A14
Q1255,A18
Q1256,A11
Q1257,A5
Q1258,A15
Q1259,A21
Q1260,A3
Q1261,A25
Q1262,A0
Q1263,A11
Q1264,A7
Q1265,A21
Q1266,A16
Q1267,A7
Q1268,A18
Q1269,A20
Q1270,A9
Q1271,A20
Q1272,A2
Q1273,A13
Q1274,A5
Q1275,A21
Q1276,A18
Q1277,A17
Q1278,A21
Q1279,A24
Q1280,A24
Q1281,A1
Q1282,A16
Q1283,A17
Q1284,A17
Q1285,A18
Q1286,A3
Q1287,A18
Q1288,A21
Q1289,A12
Q1290,A2
Q1291,A14
Q1292,A10
Q1293,A25
Q1294,A3
Q1295,A5
Q1296,A4
Q1297,A5
Q1298,A24
Q1299,A24
Q1300,A15
Q1301,A8
Q1302,A18
Q1303,A10
Q1304,A0
Q1305,A0
Q1306,A18
Q1307,A21
Q1308,A1
Q1309,A23
Q1310,A20
Q1311,A2
Q1312,A19
Q1313,A11
Q1314,A17
Q1315,A10
Q1316,A19
Q1317,A17
Q1318,A1
Q1319,A7
Q1320,A23
Q1321,A22
Q1322,A3
Q1323,A4
Q1324,A14
Q1325,A14
Q1326,A6
Q1327,A14
Q1328,A20
Q1329,A21
Q1330,A18
Q1331,A21
Q1332,A7
Q1333,A6
Q1334,A14
Q1335,A15
Q1336,A18
Q1337,A19
Q1338,A18
Q1339,A9
Q1340,A24
Q1341,A23
Q1342,A22
Q1343,A7
Q1344,A0
Q1345,A21
Q1346,A1
Q1347,A20
Q1348,A7
Q1349,A7
Q1350,A7
Q1351,A13
Q1352,A7
Q1353,A0
Q1354,A21
Q1355,A4
Q1356,A22
Q1357,A0
Q1358,A25
Q1359,A6
Q1360,A3
Q1361,A22
Q1362,A16
Q1363,A19
Q1364,A0
Q1365,A17
Q1366,A8
Q1367,A5
Q1368,A25
Q1369,A6
Q1370,A3
Q1371,A13
Q1372,A10
Q1373,A22
Q1374,A9
Q1375,A25
Q1376,A6
Q1377,A16
Q1378,A23
Q1379,A7
Q1380,A12
Q1381,A10
Q1382,A1
Q1383,A12
Q1384,A2
Q1385,A18
Q1386,A4
Q1387,A21
Q1388,A6
Q1389,A2
Q1390,A6
Q1391,A20
Q1392,A19
Q1393,A9
Q1394,A20
Q1395,A21
Q1396,A6
Q1397,A10
Q1398,A13
Q1399,A21
Q1400,A12
Q1401,A6
Q1402,A24
Q1403,A20
Q1404,A20
Q1405,A6
Q1406,A8
Q1407,A8
Q1408,A11
Q1409,A12
Q1410,A22
Q1411,A19
Q1412,A9
Q1413,A23
Q1414,A1
Q1415,A16
Q1416,A8
Q1417,A21
Q1418,A14
Q1419,A6
Q1420,A3
Q1421,A3
Q1422,A2
Q1423,A16
Q1424,A1
Q1425,A17
Q1426,A1
Q1427,A22
Q1428,A11
Q1429,A3
Q1430,A24
Q1431,A13
Q1432,A5
Q1433,A21
Q1434,A18
Q1435,A4
Q1436,A17
Q1437,A1
Q1438,A24
Q1439,A22
Q1440,A22
Q1441,A8
Q1442,A4
Q1443,A18
Q1444,A0
Q1445,A20
Q1446,A11
Q1447,A14
Q1448,A1
Q1449,A0
Q1450,A12
Q1451,A15
Q1452,A2
Q1453,A15
Q1454,A10
Q1455,A9
Q1456,A14
Q1457,A5
Q1458,A16
Q1459,A9
Q1460,A3
Q1461,A16
Q1462,A24
Q1463,A9
Q1464,A4
Q1465,A9
Q1466,A14
Q1467,A22
Q1468,A16
Q1469,A25
Q1470,A8
Q1471,A5
Q1472,A0
Q1473,A21
Q1474,A22
Q1475,A20
Q1476,A0
Q1477,A12
Q1478,A15
Q1479,A8
Q1480,A21
Q1481,A16
Q1482,A9
Q1483,A23
Q1484,A16
Q1485,A6
Q1486,A14
Q1487,A0
Q1488,A1
Q1489,A8
Q1490,A11
Q1491,A2
Q1492,A4
Q1493,A12
Q1494,A18
Q1495,A21
Q1496,A25
Q1497,A14
Q1498,A17
Q1499,A19
Q1500,A9
Q1501,A3
Q1502,A24
Q1503,A12
Q1504,A19
Q1505,A13
Q1506,A8
Q1507,A2
Q1508,A9
Q1509,A15
Q1510,A19
Q1511,A1
Q1512,A21
Q1513,A19
Q1514,A9
Q1515,A22
Q1516,A23
Q1517,A24
Q1518,A25
Q1519,A2
Q1520,A3
Q1521,A16
Q1522,A15
Q1523,A10
Q1524,A24
Q1525,A7
Q1526,A13
Q1527,A3
Q1528,A8
Q1529,A19
Q1530,A20
Q1531,A1
Q1532,A24
Q1533,A25
Q1534,A7
Q1535,A16
Q1536,A19
Q1537,A1
Q1538,A14
Q1539,A6
Q1540,A2
Q1541,A10
Q1542,A25
Q1543,A20
Q1544,A7
Q1545,A24
Q1546,A22
Q1547,A12
Q1548,A0
Q1549,A13
Q1550,A0
Q1551,A6
Q1552,A0
Q1553,A2
Q1554,A20
Q1555,A11
Q1556,A0
Q1557,A9
Q1558,A4
Q1559,A4
Q1560,A12
Q1561,A16
Q1562,A9
Q1563,A17
Q1564,A25
Q1565,A16
Q1566,A24
Q1567,A2
Q1568,A20
Q1569,A5
Q1570,A12
Q1571,A19
Q1572,A20
Q1573,A24
Q1574,A13
Q1575,A9
Q1576,A4
Q1577,A10
Q1578,A13
Q1579,A4
Q1580,A20
Q1581,A16
Q1582,A22
Q1583,A17
Q1584,A15
Q1585,A16
Q1586,A22
Q1587,A12
Q1588,A0
Q1589,A18
Q1590,A14
Q1591,A8
Q1592,A6
Q1593,A7
Q1594,A20
Q1595,A1
Q1596,A13
Q1597,A18
Q1598,A6
Q1599,A23
Q1600,A22
Q1601,A13
Q1602,A9
Q1603,A24
Q1604,A3
Q1605,A0
Q1606,A4
Q1607,A15
Q1608,A25
Q1609,A16
Q1610,A4
Q1611,A16
Q1612,A1
Q1613,A23
Q1614,A9
Q1615,A20
Q1616,A4
Q1617,A7
Q1618,A24
Q1619,A3
Q1620,A6
Q1621,A19
Q1622,A2
Q1623,A22
Q1624,A2
Q1625,A7
Q1626,A10
Q1627,A2
Q1628,A5
Q1629,A13
Q1630,A21
Q1631,A23
Q1632,A2
Q1633,A22
Q1634,A4
Q1635,A4
Q1636,A10
Q1637,A24
Q1638,A16
Q1639,A1
Q1640,A12
Q1641,A25
Q1642,A19
Q1643,A7
Q1644,A10
Q1645,A5
Q1646,A4
Q1647,A6
Q1648,A4
Q1649,A15
Q1650,A2
Q1651,A2
Q1652,A2
Q1653,A24
Q1654,A8
Q1655,A3
Q1656,A23
Q1657,A10
Q1658,A19
Q1659,A1
Q1660,A1
Q1661,A6
Q1662,A1
Q1663,A17
Q1664,A13
Q1665,A12
Q1666,A4
Q1667,A20
Q1668,A20
Q1669,A25
Q1670,A24
Q1671,A2
Q1672,A14
Q1673,A3
Q1674,A18
Q1675,A2
Q1676,A21
Q1677,A5
Q1678,A10
Q1679,A24
Q1680,A21
Q1681,A1
Q1682,A17
Q1683,A18
Q1684,A7
Q1685,A24
Q1686,A14
Q1687,A2
Q1688,A13
Q1689,A23
Q1690,A5
Q1691,A1
Q1692,A1
Q1693,A0
Q1694,A6
Q1695,A24
Q1696,A25
Q1697,A12
Q1698,A14
Q1699,A14
Q1700,A8
Q1701,A14
Q1702,A9
Q1703,A23
Q1704,A21
Q1705,A16
Q1706,A23
Q1707,A3
Q1708,A23
Q1709,A23
Q1710,A17
Q1711,A2
Q1712,A23
Q1713,A23
Q1714,A3
Q1715,A5
Q1716,A8
Q1717,A6
Q1718,A16
Q1719,A12
Q1720,A8
Q1721,A24
Q1722,A2
Q1723,A11
Q1724,A11
Q1725,A10
Q1726,A5
Q1727,A13
Q1728,A22
Q1729,A2
Q1730,A23
Q1731,A7
Q1732,A2
Q1733,A1
Q1734,A4
Q1735,A5
Q1736,A12
Q1737,A18
Q1738,A9
Q1739,A2
Q1740,A25
Q1741,A16
Q1742,A17
Q1743,A21
Q1744,A2
Q1745,A8
Q1746,A6
Q1747,A2
Q1748,A12
Q1749,A24
Q1750,A25
Q1751,A19
Q1752,A0
Q1753,A11
Q1754,A1
Q1755,A22
Q1756,A6
Q1757,A16
Q1758,A14
Q1759,A5
Q1760,A12
Q1761,A18
Q1762,A6
Q1763,A3
Q1764,A4
Q1765,A15
Q1766,A14
Q1767,A21
Q1768,A10
Q1769,A2
Q1770,A20
Q1771,A11
Q1772,A7
Q1773,A23
Q1774,A8
Q1775,A4
Q1776,A25
Q1777,A23
Q1778,A24
Q1779,A6
Q1780,A7
Q1781,A20
Q1782,A7
Q1783,A13
Q1784,A20
Q1785,A2
Q1786,A11
Q1787,A6
Q1788,A22
Q1789,A15
Q1790,A11
Q1791,A21
Q1792,A1
Q1793,A5
Q1794,A7
Q1795,A5
Q1796,A18
Q1797,A10
Q1798,A2
Q1799,A9
Q1800,A18
Q1801,A14
Q1802,A1
Q1803,A10
Q1804,A15
Q1805,A8
Q1806,A10
Q1807,A9
Q1808,A19
Q1809,A22
Q1810,A6
Q1811,A9
Q1812,A10
Q1813,A22
Q1814,A5
Q1815,A2
Q1816,A11
Q1817,A25
Q1818,A19
Q1819,A25
Q1820,A6
Q1821,A8
Q1822,A7
Q1823,A11
Q1824,A24
Q1825,A24
Q1826,A15
Q1827,A2
Q1828,A14
Q1829,A11
Q1830,A25
Q1831,A23
Q1832,A24
Q1833,A19
Q1834,A22
Q1835,A14
Q1836,A22
Q1837,A22
Q1838,A10
Q1839,A15
Q1840,A20
Q1841,A16
Q1842,A9
Q1843,A5
Q1844,A13
Q1845,A0
Q1846,A16
Q1847,A10
Q1848,A9
Q1849,A24
Q1850,A7
Q1851,A24
Q1852,A5
Q1853,A6
Q1854,A22
Q1855,A16
Q1856,A6
Q1857,A21
Q1858,A17
Q1859,A2
Q1860,A17
Q1861,A13
Q1862,A9
Q1863,A25
Q1864,A15
Q1865,A6
Q1866,A6
Q1867,A2
Q1868,A20
Q1869,A3
Q1870,A10
Q1871,A25
Q1872,A22
Q1873,A11
Q1874,A13
Q1875,A9
Q1876,A19
Q1877,A25
Q1878,A5
Q1879,A1
Q1880,A5
Q1881,A2
Q1882,A19
Q1883,A5
Q1884,A24
Q1885,A22
Q1886,A20
Q1887,A3
Q1888,A8
Q1889,A0
Q1890,A16
Q1891,A5
Q1892,A19
Q1893,A10
Q1894,A20
Q1895,A23
Q1896,A8
Q1897,A4
Q1898,A17
Q1899,A15
Q1900,A3
Q1901,A23
Q1902,A17
Q1903,A4
Q1904,A2
Q1905,A4
Q1906,A22
Q1907,A16
Q1908,A18
Q1909,A17
Q1910,A18
Q1911,A18
Q1912,A16
Q1913,A21
Q1914,A4
Q1915,A10
Q1916,A8
Q1917,A2
Q1918,A22
Q1919,A0
Q1920,A0
Q1921,A16
Q1922,A25
Q1923,A10
Q1924,A6
Q1925,A0
Q1926,A22
Q1927,A11
Q1928,A5
Q1929,A16
Q1930,A1
Q1931,A18
Q1932,A16
Q1933,A9
Q1934,A21
Q1935,A7
Q1936,A17
Q1937,A7
Q1938,A8
Q1939,A13
Q1940,A11
Q1941,A24
Q1942,A20
Q1943,A25
Q1944,A8
Q1945,A11
Q1946,A25
Q1947,A11
Q1948,A3
Q1949,A2
Q1950,A20
Q1951,A21
Q1952,A25
Q1953,A10
Q1954,A8
Q1955,A5
Q1956,A9
Q1957,A20
Q1958,A8
Q1959,A21
Q1960,A8
Q1961,A16
Q1962,A5
Q1963,A20
Q1964,A7
Q1965,A15
Q1966,A2
Q1967,A6
Q1968,A8
Q1969,A19
Q1970,A23
Q1971,A8
Q1972,A1
Q1973,A15
Q1974,A24
Q1975,A4
Q1976,A9
Q1977,A0
Q1978,A16
Q1979,A1
Q1980,A23
Q1981,A8
Q1982,A15
Q1983,A8
Q1984,A22
Q1985,A25
Q1986,A9
Q1987,A8
Q1988,A20
Q1989,A3
Q1990,A25
Q1991,A18
Q1992,A8
Q1993,A3
Q1994,A9
Q1995,A19
Q1996,A10
Q1997,A18
Q1998,A4
Q1999,A13
Q2000,A10
Q2001,A4
Q2002,A3
Q2003,A16
Q2004,A7
Q2005,A19
Q2006,A14
Q2007,A11
Q2008,A2
Q2009,A16
Q2010,A15
Q2011,A7
Q2012,A12
Q2013,A15
Q2014,A5
Q2015,A25
Q2016,A1
Q2017,A8
Q2018,A4
Q2019,A9
Q2020,A10
Q2021,A21
Q2022,A21
Q2023,A17
Q2024,A22
Q2025,A6
Q2026,A1
Q2027,A13
Q2028,A5
Q2029,A2
Q2030,A16
Q2031,A25
Q2032,A14
Q2033,A7
Q2034,A2
Q2035,A1
Q2036,A4
Q2037,A19
Q2038,A6
Q2039,A4
Q2040,A0
Q2041,A14
Q2042,A5
Q2043,A12
Q2044,A18
Q2045,A4
Q2046,A15
Q2047,A8
Q2048,A13
Q2049,A23
Q2050,A17
Q2051,A0
Q2052,A10
Q2053,A14
Q2054,A21
Q2055,A18
Q2056,A15
Q2057,A7
Q2058,A14
Q2059,A13
Q2060,A5
Q2061,A20
Q2062,A6
Q2063,A15
Q2064,A5
Q2065,A5
Q2066,A4
Q2067,A25
Q2068,A24
Q2069,A18
Q2070,A19
Q2071,A10
Q2072,A5
Q2073,A8
Q2074,A16
Q2075,A14
Q2076,A13
Q2077,A12
Q2078,A7
Q2079,A21
Q2080,A2
Q2081,A19
Q2082,A16
Q2083,A7
Q2084,A8
Q2085,A9
Q2086,A15
Q2087,A0
Q2088,A12
Q2089,A17
Q2090,A16
Q2091,A20
Q2092,A16
Q2093,A19
Q2094,A16
Q2095,A7
Q2096,A25
Q2097,A20
Q2098,A18
Q2099,A25
Q2100,A18
Q2101,A15
Q2102,A14
Q2103,A14
Q2104,A8
Q2105,A15
Q2106,A1
Q2107,A6
Q2108,A4
Q2109,A1
Q2110,A9
Q2111,A15
Q2112,A7
Q2113,A0
Q2114,A15
Q2115,A8
Q2116,A18
Q2117,A23
Q2118,A3
Q2119,A16
Q2120,A13
Q2121,A4
Q2122,A2
Q2123,A23
Q2124,A16
Q2125,A21
Q2126,A17
Q2127,A2
Q2128,A8
Q2129,A11
Q2130,A1
Q2131,A25
Q2132,A17
Q2133,A10
Q2134,A15
Q2135,A24
Q2136,A10
Q2137,A25
Q2138,A0
Q2139,A7
Q2140,A22
Q2141,A7
Q2142,A22
Q2143,A23
Q2144,A9
Q2145,A14
Q2146,A19
Q2147,A13
Q2148,A22
Q2149,A1
Q2150,A13
Q2151,A2
Q2152,A13
Q2153,A11
Q2154,A21
Q2155,A11
Q2156,A8
Q2157,A8
Q2158,A22
Q2159,A1
Q2160,A12
Q2161,A17
Q2162,A4
Q2163,A6
Q2164,A13
Q2165,A3
Q2166,A17
Q2167,A17
Q2168,A4
Q2169,A14
Q2170,A21
Q2171,A10
Q2172,A7
Q2173,A9
Q2174,A6
Q2175,A1
Q2176,A6
Q2177,A17
Q2178,A10
Q2179,A18
Q2180,A13
Q2181,A9
Q2182,A8
Q2183,A1
Q2184,A5
Q2185,A13
Q2186,A5
Q2187,A15
Q2188,A13
Q2189,A16
Q2190,A1
Q2191,A16
Q2192,A8
Q2193,A0
Q2194,A24
Q2195,A4
Q2196,A23
Q2197,A21
Q2198,A2
Q2199,A4
Q2200,A3
Q2201,A22
Q2202,A16
Q2203,A5
Q2204,A7
Q2205,A21
Q2206,A4
Q2207,A9
Q2208,A24
Q2209,A13
Q2210,A7
Q2211,A15
Q2212,A10
Q2213,A8
Q2214,A12
Q2215,A7
Q2216,A2
Q2217,A14
Q2218,A8
Q2219,A16
Q2220,A2
Q2221,A9
Q2222,A11
Q2223,A23
Q2224,A0
Q2225,A3
Q2226,A20
Q2227,A7
Q2228,A8
Q2229,A7
Q2230,A14
Q2231,A10
Q2232,A19
Q2233,A2
Q2234,A19
Q2235,A7
Q2236,A12
Q2237,A19
Q2238,A1
Q2239,A5
Q2240,A16
Q2241,A11
Q2242,A3
Q2243,A10
Q2244,A14
