Q0,A15
Q1,A16
Q2,A15
Q3,A13
Q4,A0
Q5,A15
Q6,A0
Q7,A9
Q8,A17
Q9,A10
Q10,A5
Q11,A16
Q12,A7
Q13,A16
Q14,A15
Q15,A11
Q16,A14
Q17,A13
Q18,A15
Q19,A9
Q20,A8
Q21,A6
Q22,A10
Q23,A6
Q24,A13
Q25,A5
Q26,A12
Q27,A11
Q28,A5
Q29,A14
Q30,A14
Q31,A12
Q32,A11
Q33,A11
Q34,A0
Q35,A16
Q36,A9
Q37,A7
Q38,A12
Q39,A14
Q40,A12
Q41,A11
Q42,A13
Q43,A17
Q44,A0
Q45,A15
Q46,A13
Q47,A10
Q48,A15
Q49,A16
Q50,A15
Q51,A15
Q52,A0
Q53,A15
Q54,A16
Q55,A12
Q56,A11
Q57,A11
Q58,A16
Q59,A13
Q60,A16
Q61,A15
Q62,A10
Q63,A13
Q64,A12
Q65,A12
Q66,A16
Q67,A11
Q68,A14
Q69,A15
Q70,A12
Q71,A12
Q72,A0
Q73,A16
Q74,A2
Q75,A11
Q76,A0
Q77,A12
Q78,A14
Q79,A12
Q80,A10
Q81,A14
Q82,A10
Q83,A12
Q84,A14
Q85,A12
Q86,A13
Q87,A0
Q88,A11
Q89,A0
Q90,A8
Q91,A0
Q92,A10
Q93,A10
Q94,A13
Q95,A9
Q96,A12
Q97,A3
Q98,A13
Q99,A0
Q100,A14
Q101,A15
Q102,A9
Q103,A11
Q104,A13
Q105,A13
Q106,A14
Q107,A0
Q108,A11
Q109,A6
Q110,A14
Q111,A14
Q112,A16
Q113,A16
Q114,A9
Q115,A17
Q116,A12
Q117,A14
Q118,A12
Q119,A16
Q120,A12
Q121,A15
Q122,A14
Q123,A14
Q124,A14
Q125,A12
Q126,A12
Q127,A15
Q128,A14
Q129,A15
Q130,A16
Q131,A10
Q132,A16
Q133,A13
Q134,A12
Q135,A9
Q136,A13
Q137,A13
Q138,A12
Q139,A13
Q140,A15
Q141,A15
Q142,A15
Q143,A16
Q144,A15
Q145,A7
Q146,A17
Q147,A7
Q148,A0
Q149,A12
Q150,A0
Q151,A9
Q152,A3
Q153,A0
Q154,A9
Q155,A15
Q156,A11
Q157,A9
Q158,A14
Q159,A8
Q160,A0
Q161,A0
Q162,A12
Q163,A15
Q164,A0
Q165,A12
Q166,A10
Q167,A0
Q168,A14
Q169,A15
Q170,A12
Q171,A14
Q172,A12
Q173,A15
Q174,A12
Q175,A0
Q176,A13
Q177,A15
Q178,A14
Q179,A13
Q180,A0
Q181,A5
Q182,A12
Q183,A16
Q184,A15
Q185,A16
Q186,A0
Q187,A12
Q188,A17
Q189,A15
Q190,A11
Q191,A15
Q192,A14
Q193,A0
Q194,A14
Q195,A14
Q196,A15
Q197,A13
Q198,A11
Q199,A15
Q200,A16
Q201,A12
Q202,A0
Q203,A0
Q204,A13
Q205,A15
Q206,A13
Q207,A0
Q208,A13
Q209,A13
Q210,A15
Q211,A12
Q212,A14
Q213,A12
Q214,A13
Q215,A13
Q216,A0
Q217,A15
Q218,A12
Q219,A15
Q220,A12
Q221,A5
Q222,A12
Q223,A13
Q224,A0
Q225,A7
Q226,A12
Q227,A0
Q228,A14
Q229,A13
Q230,A16
Q231,A10
Q232,A14
Q233,A0
Q234,A10
Q235,A6
Q236,A16
Q237,A0
Q238,A15
Q239,A14
Q240,A0
Q241,A9
Q242,A14
Q243,A5
Q244,A15
Q245,A12
Q246,A6
Q247,A9
Q248,A15
Q249,A13
Q250,A11
Q251,A16
Q252,A8
Q253,A15
Q254,A10
Q255,A14
Q256,A14
Q257,A0
Q258,A15
Q259,A13
Q260,A12
Q261,A14
Q262,A13
Q263,A15
Q264,A15
Q265,A7
Q266,A13
Q267,A15
Q268,A12
Q269,A15
Q270,A0
Q271,A15
Q272,A10
Q273,A0
Q274,A9
Q275,A0
Q276,A17
Q277,A11
Q278,A17
Q279,A15
Q280,A10
Q281,A14
Q282,A10
Q283,A14
Q284,A16
Q285,A14
Q286,A12
Q287,A0
Q288,A6
Q289,A15
Q290,A9
Q291,A12
Q292,A0
Q293,A14
Q294,A12
Q295,A0
Q296,A14
Q297,A14
Q298,A0
Q299,A12
Q300,A13
Q301,A10
Q302,A9
Q303,A9
Q304,A16
Q305,A13
Q306,A5
Q307,A11
Q308,A11
Q309,A14
Q310,A9
Q311,A12
Q312,A13
Q313,A0
Q314,A14
Q315,A11
Q316,A13
Q317,A12
Q318,A0
Q319,A14
Q320,A16
Q321,A6
Q322,A14
Q323,A13
Q324,A10
Q325,A0
Q326,A16
Q327,A15
Q328,A0
Q329,A9
Q330,A9
Q331,A16
Q332,A14
Q333,A8
Q334,A12
Q335,A11
Q336,A10
Q337,A9
Q338,A10
Q339,A12
Q340,A9
Q341,A14
Q342,A12
Q343,A15
Q344,A14
Q345,A0
Q346,A14
Q347,A12
Q348,A9
Q349,A13
Q350,A14
Q351,A16
Q352,A6
Q353,A14
Q354,A10
Q355,A11
Q356,A14
Q357,A14
Q358,A9
Q359,A13
Q360,A8
Q361,A9
Q362,A14
Q363,A11
Q364,A10
Q365,A10
Q366,A9
Q367,A12
Q368,A0
Q369,A13
Q370,A13
Q371,A14
Q372,A12
Q373,A12
Q374,A13
Q375,A11
Q376,A14
Q377,A13
Q378,A0
Q379,A13
Q380,A9
Q381,A12
Q382,A14
Q383,A13
Q384,A15
Q385,A11
Q386,A9
Q387,A10
Q388,A0
Q389,A15
Q390,A10
Q391,A0
Q392,A11
Q393,A16
Q394,A12
Q395,A14
Q396,A14
Q397,A11
Q398,A15
Q399,A0
Q400,A10
Q401,A11
Q402,A11
Q403,A11
Q404,A7
Q405,A13
Q406,A17
Q407,A15
Q408,A13
Q409,A15
Q410,A17
Q411,A12
Q412,A12
Q413,A13
Q414,A11
Q415,A14
Q416,A16
Q417,A13
Q418,A12
Q419,A6
Q420,A0
Q421,A13
Q422,A6
Q423,A14
Q424,A15
Q425,A14
Q426,A10
Q427,A12
Q428,A12
Q429,A15
Q430,A2
Q431,A14
Q432,A15
Q433,A13
Q434,A16
Q435,A13
Q436,A15
Q437,A13
Q438,A13
Q439,A12
Q440,A16
Q441,A12
Q442,A12
Q443,A14
Q444,A11
Q445,A15
Q446,A13
Q447,A15
Q448,A8
Q449,A0
Q450,A14
Q451,A16
Q452,A14
Q453,A11
Q454,A15
Q455,A13
Q456,A12
Q457,A10
Q458,A16
Q459,A0
Q460,A11
Q461,A13
Q462,A10
Q463,A13
Q464,A13
Q465,A12
Q466,A13
Q467,A14
Q468,A15
Q469,A10
Q470,A12
Q471,A0
Q472,A6
Q473,A14
Q474,A15
Q475,A7
Q476,A7
Q477,A15
Q478,A13
Q479,A8
Q480,A12
Q481,A10
Q482,A16
Q483,A13
Q484,A13
Q485,A15
Q486,A15
Q487,A16
Q488,A10
Q489,A9
Q490,A10
Q491,A0
Q492,A14
Q493,A14
Q494,A13
Q495,A15
Q496,A11
Q497,A13
Q498,A15
Q499,A15
Q500,A13
Q501,A12
Q502,A15
Q503,A7
Q504,A12
Q505,A15
Q506,A15
Q507,A16
Q508,A16
Q509,A17
Q510,A0
Q511,A14
Q512,A13
Q513,A6
Q514,A16
Q515,A14
Q516,A14
Q517,A15
Q518,A15
Q519,A9
Q520,A12
Q521,A14
Q522,A3
Q523,A16
Q524,A5
Q525,A15
Q526,A11
Q527,A14
Q528,A11
Q529,A0
Q530,A15
Q531,A13
Q532,A15
Q533,A14
Q534,A12
Q535,A17
Q536,A14
Q537,A11
Q538,A16
Q539,A15
Q540,A9
Q541,A11
Q542,A11
Q543,A12
Q544,A14
Q545,A14
Q546,A0
Q547,A14
Q548,A15
Q549,A0
Q550,A16
Q551,A12
Q552,A9
Q553,A15
Q554,A13
Q555,A15
Q556,A14
Q557,A13
Q558,A16
Q559,A14
Q560,A13
Q561,A16
Q562,A14
Q563,A5
Q564,A15
Q565,A12
Q566,A14
Q567,A13
Q568,A17
Q569,A14
Q570,A14
Q571,A12
Q572,A13
Q573,A11
Q574,A12
Q575,A13
Q576,A11
Q577,A13
Q578,A0
Q579,A12
Q580,A15
Q581,A9
Q582,A13
Q583,A16
Q584,A15
Q585,A16
Q586,A10
Q587,A16
Q588,A2
Q589,A11
Q590,A8
Q591,A12
Q592,A12
Q593,A16
Q594,A15
Q595,A15
Q596,A12
Q597,A14
Q598,A13
Q599,A10
Q600,A16
Q601,A11
Q602,A13
Q603,A15
Q604,A12
Q605,A9
Q606,A15
Q607,A14
Q608,A3
Q609,A14
Q610,A5
Q611,A0
Q612,A9
Q613,A13
Q614,A10
Q615,A14
Q616,A13
Q617,A14
Q618,A7
Q619,A12
Q620,A15
Q621,A12
Q622,A12
Q623,A12
Q624,A15
Q625,A12
Q626,A10
Q627,A7
Q628,A9
Q629,A15
Q630,A15
Q631,A0
Q632,A16
Q633,A16
Q634,A15
Q635,A0
Q636,A10
Q637,A0
Q638,A15
Q639,A15
Q640,A13
Q641,A8
Q642,A0
Q643,A0
Q644,A0
Q645,A0
Q646,A0
Q647,A9
Q648,A13
Q649,A12
Q650,A13
Q651,A13
Q652,A0
Q653,A14
Q654,A12
Q655,A14
Q656,A0
Q657,A12
Q658,A16
Q659,A9
Q660,A11
Q661,A14
Q662,A12
Q663,A12
Q664,A9
Q665,A0
Q666,A11
Q667,A15
Q668,A12
Q669,A15
Q670,A13
Q671,A15
Q672,A17
Q673,A13
Q674,A16
Q675,A15
Q676,A15
Q677,A16
Q678,A12
Q679,A0
Q680,A15
Q681,A13
Q682,A14
Q683,A14
Q684,A0
Q685,A0
Q686,A9
Q687,A12
Q688,A14
Q689,A14
Q690,A12
Q691,A16
Q692,A16
Q693,A15
Q694,A15
Q695,A11
Q696,A15
Q697,A15
Q698,A15
Q699,A15
Q700,A9
Q701,A11
Q702,A13
Q703,A16
Q704,A12
Q705,A16
Q706,A9
Q707,A16
Q708,A14
Q709,A0
Q710,A16
Q711,A11
Q712,A10
Q713,A14
Q714,A11
Q715,A11
Q716,A14
Q717,A15
Q718,A14
Q719,A16
Q720,A12
Q721,A10
Q722,A0
Q723,A12
Q724,A15
Q725,A9
Q726,A13
Q727,A13
Q728,A13
Q729,A15
Q730,A8
Q731,A10
Q732,A17
Q733,A14
Q734,A17
Q735,A9
Q736,A12
Q737,A13
Q738,A10
Q739,A16
Q740,A9
Q741,A15
Q742,A11
Q743,A15
Q744,A12
Q745,A11
Q746,A12
Q747,A14
Q748,A14
Q749,A12
Q750,A9
Q751,A13
Q752,A5
Q753,A12
Q754,A15
Q755,A15
Q756,A11
Q757,A14
Q758,A14
Q759,A14
Q760,A14
Q761,A15
Q762,A11
Q763,A16
Q764,A7
Q765,A8
Q766,A16
Q767,A0
Q768,A6
Q769,A0
Q770,A15
Q771,A15
Q772,A16
Q773,A0
Q774,A12
Q775,A16
Q776,A15
Q777,A16
Q778,A0
Q779,A13
Q780,A15
Q781,A15
Q782,A15
Q783,A15
Q784,A0
Q785,A13
Q786,A15
Q787,A13
Q788,A0
Q789,A4
Q790,A9
Q791,A0
Q792,A13
Q793,A13
Q794,A14
Q795,A10
Q796,A14
Q797,A0
Q798,A13
Q799,A14
Q800,A12
Q801,A13
Q802,A11
Q803,A5
Q804,A17
Q805,A11
Q806,A14
Q807,A13
Q808,A0
Q809,A13
Q810,A12
Q811,A12
Q812,A16
Q813,A10
Q814,A0
Q815,A0
Q816,A11
Q817,A15
Q818,A10
Q819,A11
Q820,A10
Q821,A17
Q822,A16
Q823,A15
Q824,A14
Q825,A0
Q826,A12
Q827,A17
Q828,A5
Q829,A9
Q830,A14
Q831,A12
Q832,A14
Q833,A0
Q834,A12
Q835,A15
Q836,A10
Q837,A0
Q838,A15
Q839,A14
Q840,A0
Q841,A9
Q842,A15
Q843,A13
Q844,A16
Q845,A14
Q846,A13
Q847,A10
Q848,A10
Q849,A15
Q850,A15
Q851,A14
Q852,A13
Q853,A9
Q854,A14
Q855,A15
Q856,A16
Q857,A10
Q858,A12
Q859,A0
Q860,A9
Q861,A13
Q862,A15
Q863,A13
Q864,A13
Q865,A13
Q866,A14
Q867,A7
Q868,A14
Q869,A7
Q870,A13
Q871,A11
Q872,A14
Q873,A8
Q874,A0
Q875,A15
Q876,A12
Q877,A12
Q878,A15
Q879,A15
Q880,A12
Q881,A7
Q882,A14
Q883,A13
Q884,A17
Q885,A0
Q886,A12
Q887,A16
Q888,A14
Q889,A11
Q890,A12
Q891,A6
Q892,A17
Q893,A16
Q894,A0
Q895,A15
Q896,A15
Q897,A15
Q898,A0
Q899,A16
Q900,A11
Q901,A14
Q902,A15
Q903,A15
Q904,A0
Q905,A0
Q906,A15
Q907,A12
Q908,A13
Q909,A16
Q910,A11
Q911,A13
Q912,A6
Q913,A11
Q914,A0
Q915,A11
Q916,A15
Q917,A16
Q918,A0
Q919,A14
Q920,A10
Q921,A15
Q922,A10
Q923,A12
Q924,A9
Q925,A13
Q926,A14
Q927,A14
Q928,A13
Q929,A9
Q930,A13
Q931,A13
Q932,A0
Q933,A9
Q934,A14
Q935,A11
Q936,A8
Q937,A10
Q938,A14
Q939,A13
Q940,A14
Q941,A12
Q942,A14
Q943,A0
Q944,A9
Q945,A16
Q946,A11
Q947,A9
Q948,A0
Q949,A15
Q950,A0
Q951,A0
Q952,A11
Q953,A0
Q954,A12
Q955,A14
Q956,A7
Q957,A13
Q958,A15
Q959,A14
Q960,A10
Q961,A13
Q962,A16
Q963,A11
Q964,A16
Q965,A10
Q966,A11
Q967,A9
Q968,A15
Q969,A15
Q970,A0
Q971,A13
Q972,A14
Q973,A12
Q974,A12
Q975,A16
Q976,A15
Q977,A12
Q978,A16
Q979,A9
Q980,A15
Q981,A10
Q982,A7
Q983,A14
Q984,A11
Q985,A13
Q986,A16
Q987,A11
Q988,A11
Q989,A3
Q990,A0
Q991,A16
Q992,A15
Q993,A14
Q994,A13
Q995,A10
Q996,A11
Q997,A1
Q998,A14
Q999,A14
Q1000,A13
Q1001,A10
Q1002,A13
Q1003,A0
Q1004,A8
Q1005,A14
Q1006,A13
Q1007,A15
Q1008,A14
Q1009,A0
Q1010,A9
Q1011,A14
Q1012,A13
Q1013,A14
Q1014,A15
Q1015,A16
Q1016,A17
Q1017,A13
Q1018,A15
Q1019,A14
Q1020,A15
Q1021,A0
Q1022,A16
Q1023,A15
Q1024,A13
Q1025,A15
Q1026,A9
Q1027,A0
Q1028,A15
Q1029,A16
Q1030,A10
Q1031,A14
Q1032,A5
Q1033,A0
Q1034,A12
Q1035,A0
Q1036,A3
Q1037,A0
Q1038,A15
Q1039,A13
Q1040,A13
Q1041,A16
Q1042,A13
Q1043,A9
Q1044,A15
Q1045,A11
Q1046,A14
Q1047,A12
Q1048,A17
Q1049,A16
Q1050,A16
Q1051,A13
Q1052,A11
Q1053,A14
Q1054,A12
Q1055,A13
Q1056,A7
Q1057,A15
Q1058,A0
Q1059,A14
Q1060,A12
Q1061,A0
Q1062,A14
Q1063,A15
Q1064,A14
Q1065,A13
Q1066,A8
Q1067,A14
Q1068,A14
Q1069,A15
Q1070,A15
Q1071,A10
Q1072,A0
Q1073,A13
Q1074,A0
Q1075,A9
Q1076,A15
Q1077,A11
Q1078,A15
Q1079,A0
Q1080,A16
Q1081,A0
Q1082,A0
Q1083,A15
Q1084,A9
Q1085,A16
Q1086,A16
Q1087,A13
Q1088,A13
Q1089,A13
Q1090,A10
Q1091,A13
Q1092,A12
Q1093,A0
Q1094,A13
Q1095,A10
Q1096,A12
Q1097,A13
Q1098,A9
Q1099,A13
Q1100,A15
Q1101,A11
Q1102,A10
Q1103,A10
Q1104,A14
Q1105,A0
Q1106,A13
Q1107,A0
Q1108,A11
Q1109,A9
Q1110,A14
Q1111,A11
Q1112,A0
Q1113,A17
Q1114,A6
Q1115,A13
Q1116,A9
Q1117,A13
Q1118,A14
Q1119,A13
Q1120,A15
Q1121,A15
Q1122,A14
Q1123,A14
Q1124,A16
Q1125,A0
Q1126,A16
Q1127,A15
Q1128,A7
Q1129,A0
Q1130,A12
Q1131,A12
Q1132,A10
Q1133,A7
Q1134,A12
Q1135,A14
Q1136,A15
Q1137,A8
Q1138,A14
Q1139,A10
Q1140,A9
Q1141,A0
Q1142,A10
Q1143,A12
Q1144,A7
Q1145,A15
Q1146,A14
Q1147,A10
Q1148,A12
Q1149,A12
Q1150,A14
Q1151,A13
Q1152,A14
Q1153,A13
Q1154,A8
Q1155,A12
Q1156,A13
Q1157,A0
Q1158,A15
Q1159,A14
Q1160,A10
Q1161,A9
Q1162,A0
Q1163,A10
Q1164,A15
Q1165,A0
Q1166,A11
Q1167,A9
Q1168,A14
Q1169,A14
Q1170,A10
Q1171,A15
Q1172,A13
Q1173,A13
Q1174,A13
Q1175,A14
Q1176,A13
Q1177,A5
Q1178,A14
Q1179,A8
Q1180,A15
Q1181,A17
Q1182,A4
Q1183,A0
Q1184,A16
Q1185,A10
Q1186,A14
Q1187,A14
Q1188,A13
Q1189,A13
Q1190,A6
Q1191,A10
Q1192,A14
Q1193,A15
Q1194,A10
Q1195,A9
Q1196,A15
Q1197,A13
Q1198,A14
Q1199,A12
Q1200,A0
Q1201,A0
Q1202,A12
Q1203,A0
Q1204,A14
Q1205,A0
Q1206,A13
Q1207,A0
Q1208,A12
Q1209,A17
Q1210,A15
Q1211,A0
Q1212,A15
Q1213,A0
Q1214,A13
Q1215,A0
Q1216,A14
Q1217,A12
Q1218,A16
Q1219,A14
Q1220,A10
Q1221,A16
Q1222,A10
Q1223,A10
Q1224,A0
Q1225,A13
Q1226,A9
Q1227,A15
Q1228,A12
Q1229,A11
Q1230,A9
Q1231,A10
Q1232,A11
Q1233,A14
Q1234,A15
Q1235,A15
Q1236,A10
Q1237,A0
Q1238,A6
Q1239,A6
Q1240,A6
Q1241,A15
Q1242,A13
Q1243,A13
Q1244,A11
Q1245,A14
Q1246,A15
Q1247,A14
Q1248,A12
Q1249,A13
Q1250,A14
Q1251,A0
Q1252,A12
Q1253,A16
Q1254,A13
Q1255,A15
Q1256,A15
Q1257,A10
Q1258,A12
Q1259,A0
Q1260,A12
Q1261,A10
Q1262,A13
Q1263,A14
Q1264,A13
Q1265,A14
Q1266,A0
Q1267,A11
Q1268,A16
Q1269,A13
Q1270,A12
Q1271,A16
Q1272,A9
Q1273,A9
Q1274,A15
Q1275,A15
Q1276,A15
Q1277,A0
Q1278,A15
Q1279,A16
Q1280,A13
Q1281,A14
Q1282,A11
Q1283,A12
Q1284,A15
Q1285,A14
Q1286,A13
Q1287,A15
Q1288,A0
Q1289,A16
Q1290,A14
Q1291,A13
Q1292,A10
Q1293,A13
Q1294,A11
Q1295,A14
Q1296,A15
Q1297,A0
Q1298,A14
Q1299,A16
Q1300,A14
Q1301,A13
Q1302,A15
Q1303,A16
Q1304,A11
Q1305,A15
Q1306,A9
Q1307,A16
Q1308,A15
Q1309,A15
Q1310,A13
Q1311,A13
Q1312,A12
Q1313,A12
Q1314,A12
Q1315,A9
Q1316,A14
Q1317,A14
Q1318,A14
Q1319,A15
Q1320,A13
Q1321,A14
Q1322,A0
Q1323,A15
Q1324,A16
Q1325,A0
Q1326,A15
Q1327,A16
Q1328,A7
Q1329,A15
Q1330,A11
Q1331,A12
Q1332,A7
Q1333,A10
Q1334,A3
Q1335,A13
Q1336,A13
Q1337,A9
Q1338,A10
Q1339,A15
Q1340,A16
Q1341,A13
Q1342,A16
Q1343,A0
Q1344,A11
Q1345,A9
Q1346,A10
Q1347,A13
Q1348,A12
Q1349,A10
Q1350,A15
Q1351,A14
Q1352,A17
Q1353,A17
Q1354,A12
Q1355,A15
Q1356,A16
Q1357,A15
Q1358,A0
Q1359,A11
Q1360,A14
Q1361,A13
Q1362,A16
Q1363,A12
Q1364,A12
Q1365,A16
Q1366,A15
Q1367,A15
Q1368,A12
Q1369,A15
Q1370,A0
Q1371,A13
Q1372,A0
Q1373,A0
Q1374,A10
Q1375,A0
Q1376,A13
Q1377,A5
Q1378,A14
Q1379,A15
Q1380,A16
Q1381,A13
Q1382,A12
Q1383,A14
Q1384,A0
Q1385,A15
Q1386,A0
Q1387,A12
Q1388,A0
Q1389,A0
Q1390,A6
Q1391,A15
Q1392,A15
Q1393,A17
Q1394,A0
Q1395,A13
Q1396,A17
Q1397,A14
Q1398,A10
Q1399,A16
Q1400,A16
Q1401,A15
Q1402,A9
Q1403,A15
Q1404,A14
Q1405,A7
Q1406,A12
Q1407,A15
Q1408,A14
Q1409,A9
Q1410,A12
Q1411,A15
Q1412,A10
Q1413,A15
Q1414,A16
Q1415,A0
Q1416,A10
Q1417,A16
Q1418,A13
Q1419,A7
Q1420,A15
Q1421,A12
Q1422,A0
Q1423,A13
Q1424,A9
Q1425,A13
Q1426,A15
Q1427,A14
Q1428,A13
Q1429,A14
Q1430,A12
Q1431,A13
Q1432,A14
Q1433,A14
Q1434,A13
Q1435,A12
Q1436,A14
Q1437,A9
Q1438,A16
Q1439,A14
Q1440,A0
Q1441,A14
Q1442,A8
Q1443,A0
Q1444,A15
Q1445,A16
Q1446,A15
Q1447,A14
Q1448,A7
Q1449,A0
Q1450,A16
Q1451,A15
Q1452,A10
Q1453,A4
Q1454,A16
Q1455,A16
Q1456,A10
Q1457,A5
Q1458,A14
Q1459,A11
Q1460,A11
Q1461,A12
Q1462,A13
Q1463,A12
Q1464,A8
Q1465,A6
Q1466,A10
Q1467,A9
Q1468,A14
Q1469,A13
Q1470,A0
Q1471,A9
Q1472,A7
Q1473,A15
Q1474,A7
Q1475,A12
Q1476,A0
Q1477,A8
Q1478,A16
Q1479,A10
Q1480,A15
Q1481,A12
Q1482,A14
Q1483,A0
Q1484,A11
Q1485,A11
Q1486,A13
Q1487,A16
Q1488,A13
Q1489,A14
Q1490,A10
Q1491,A8
Q1492,A10
Q1493,A13
Q1494,A13
Q1495,A14
Q1496,A14
Q1497,A13
Q1498,A14
Q1499,A15
Q1500,A13
Q1501,A14
Q1502,A0
Q1503,A14
Q1504,A0
Q1505,A0
Q1506,A11
Q1507,A15
Q1508,A15
Q1509,A15
Q1510,A14
Q1511,A14
Q1512,A10
Q1513,A13
Q1514,A16
Q1515,A12
Q1516,A8
Q1517,A15
Q1518,A15
Q1519,A17
Q1520,A14
Q1521,A9
Q1522,A3
Q1523,A12
Q1524,A14
Q1525,A15
Q1526,A0
Q1527,A10
Q1528,A6
Q1529,A15
Q1530,A14
Q1531,A12
Q1532,A14
Q1533,A13
Q1534,A14
Q1535,A13
Q1536,A14
Q1537,A7
Q1538,A13
Q1539,A15
Q1540,A0
Q1541,A0
Q1542,A14
Q1543,A13
Q1544,A16
Q1545,A16
Q1546,A0
Q1547,A11
Q1548,A15
Q1549,A15
Q1550,A9
Q1551,A15
Q1552,A10
Q1553,A11
Q1554,A16
Q1555,A10
Q1556,A0
Q1557,A9
Q1558,A15
Q1559,A15
Q1560,A11
Q1561,A16
Q1562,A16
Q1563,A8
Q1564,A12
Q1565,A15
Q1566,A16
Q1567,A13
Q1568,A11
Q1569,A11
Q1570,A16
Q1571,A12
Q1572,A12
Q1573,A0
Q1574,A16
Q1575,A6
Q1576,A16
Q1577,A15
Q1578,A16
Q1579,A16
Q1580,A15
Q1581,A13
Q1582,A14
Q1583,A6
Q1584,A9
Q1585,A12
Q1586,A8
Q1587,A15
Q1588,A12
Q1589,A3
Q1590,A11
Q1591,A13
Q1592,A15
Q1593,A10
Q1594,A14
Q1595,A11
Q1596,A13
Q1597,A8
Q1598,A0
Q1599,A14
Q1600,A16
Q1601,A15
Q1602,A14
Q1603,A14
Q1604,A12
Q1605,A12
Q1606,A10
Q1607,A15
Q1608,A0
Q1609,A12
Q1610,A0
Q1611,A17
Q1612,A9
Q1613,A11
Q1614,A7
Q1615,A17
Q1616,A0
Q1617,A11
Q1618,A10
Q1619,A9
Q1620,A14
Q1621,A12
Q1622,A17
Q1623,A12
Q1624,A14
Q1625,A14
Q1626,A16
Q1627,A8
Q1628,A15
Q1629,A15
Q1630,A15
Q1631,A13
Q1632,A15
Q1633,A15
Q1634,A12
Q1635,A8
Q1636,A12
Q1637,A12
Q1638,A16
Q1639,A7
Q1640,A14
Q1641,A15
Q1642,A15
Q1643,A15
Q1644,A13
Q1645,A14
Q1646,A13
Q1647,A5
Q1648,A0
Q1649,A4
Q1650,A16
Q1651,A16
Q1652,A10
Q1653,A16
Q1654,A14
Q1655,A15
Q1656,A14
Q1657,A12
Q1658,A0
Q1659,A2
Q1660,A9
Q1661,A15
Q1662,A15
Q1663,A10
Q1664,A15
Q1665,A12
Q1666,A16
Q1667,A12
Q1668,A14
Q1669,A11
Q1670,A14
Q1671,A13
Q1672,A15
Q1673,A11
Q1674,A13
Q1675,A14
Q1676,A13
Q1677,A14
Q1678,A13
Q1679,A15
Q1680,A12
Q1681,A12
Q1682,A10
Q1683,A16
Q1684,A13
Q1685,A10
Q1686,A15
Q1687,A10
Q1688,A0
Q1689,A14
Q1690,A9
Q1691,A9
Q1692,A13
Q1693,A13
Q1694,A13
Q1695,A0
Q1696,A13
Q1697,A4
Q1698,A13
Q1699,A9
Q1700,A13
Q1701,A17
Q1702,A14
Q1703,A15
Q1704,A14
Q1705,A13
Q1706,A13
Q1707,A7
Q1708,A11
Q1709,A0
Q1710,A15
Q1711,A13
Q1712,A13
Q1713,A12
Q1714,A7
Q1715,A15
Q1716,A6
Q1717,A0
Q1718,A9
Q1719,A13
Q1720,A15
Q1721,A12
Q1722,A10
Q1723,A12
Q1724,A10
Q1725,A0
Q1726,A16
Q1727,A15
Q1728,A9
Q1729,A16
Q1730,A9
Q1731,A15
Q1732,A16
Q1733,A8
Q1734,A11
Q1735,A13
Q1736,A14
Q1737,A7
Q1738,A13
Q1739,A14
Q1740,A14
Q1741,A12
Q1742,A0
Q1743,A12
Q1744,A12
Q1745,A12
Q1746,A15
Q1747,A15
Q1748,A0
Q1749,A13
Q1750,A16
Q1751,A10
Q1752,A12
Q1753,A10
Q1754,A0
Q1755,A14
Q1756,A7
Q1757,A9
Q1758,A14
Q1759,A11
Q1760,A11
Q1761,A11
Q1762,A12
Q1763,A11
Q1764,A15
Q1765,A12
Q1766,A15
Q1767,A15
Q1768,A11
Q1769,A8
Q1770,A0
Q1771,A15
Q1772,A16
Q1773,A15
Q1774,A7
Q1775,A14
Q1776,A9
Q1777,A13
Q1778,A6
Q1779,A15
Q1780,A14
Q1781,A15
Q1782,A15
Q1783,A11
Q1784,A15
Q1785,A12
Q1786,A13
Q1787,A0
Q1788,A11
Q1789,A14
Q1790,A15
Q1791,A11
Q1792,A10
Q1793,A10
Q1794,A12
Q1795,A12
Q1796,A12
Q1797,A10
Q1798,A0
Q1799,A0
Q1800,A13
Q1801,A15
Q1802,A15
Q1803,A17
Q1804,A6
Q1805,A7
Q1806,A11
Q1807,A12
Q1808,A2
Q1809,A12
Q1810,A12
Q1811,A12
Q1812,A16
Q1813,A9
Q1814,A15
Q1815,A10
Q1816,A14
Q1817,A14
Q1818,A10
Q1819,A0
Q1820,A16
Q1821,A11
Q1822,A12
Q1823,A16
Q1824,A15
Q1825,A3
Q1826,A13
Q1827,A15
Q1828,A0
Q1829,A0
Q1830,A13
Q1831,A13
Q1832,A14
Q1833,A0
Q1834,A9
Q1835,A0
Q1836,A15
Q1837,A13
Q1838,A16
Q1839,A14
Q1840,A9
Q1841,A12
Q1842,A0
Q1843,A8
Q1844,A14
Q1845,A13
Q1846,A13
Q1847,A0
Q1848,A7
Q1849,A13
Q1850,A14
Q1851,A14
Q1852,A0
Q1853,A8
Q1854,A14
Q1855,A10
Q1856,A6
Q1857,A10
Q1858,A11
Q1859,A15
Q1860,A12
Q1861,A10
Q1862,A0
Q1863,A12
Q1864,A0
Q1865,A14
Q1866,A11
Q1867,A15
Q1868,A14
Q1869,A11
Q1870,A11
Q1871,A13
Q1872,A10
Q1873,A14
Q1874,A12
Q1875,A14
Q1876,A15
Q1877,A14
Q1878,A15
Q1879,A13
Q1880,A15
Q1881,A12
Q1882,A5
Q1883,A0
Q1884,A16
Q1885,A13
Q1886,A14
Q1887,A14
Q1888,A15
Q1889,A10
Q1890,A0
Q1891,A0
Q1892,A10
Q1893,A14
Q1894,A0
Q1895,A9
Q1896,A12
Q1897,A13
Q1898,A13
Q1899,A7
Q1900,A8
Q1901,A14
Q1902,A13
Q1903,A12
Q1904,A15
Q1905,A9
Q1906,A12
Q1907,A12
Q1908,A14
Q1909,A13
Q1910,A12
Q1911,A4
Q1912,A14
Q1913,A12
Q1914,A6
Q1915,A15
Q1916,A16
Q1917,A15
Q1918,A10
Q1919,A10
Q1920,A11
Q1921,A13
Q1922,A10
Q1923,A15
Q1924,A15
Q1925,A14
Q1926,A0
Q1927,A14
Q1928,A0
Q1929,A14
Q1930,A15
Q1931,A14
Q1932,A13
Q1933,A13
Q1934,A13
Q1935,A11
Q1936,A0
Q1937,A10
Q1938,A12
Q1939,A11
Q1940,A14
Q1941,A0
Q1942,A14
Q1943,A15
Q1944,A9
Q1945,A15
Q1946,A14
Q1947,A10
Q1948,A16
Q1949,A13
Q1950,A16
Q1951,A12
Q1952,A15
Q1953,A0
Q1954,A10
Q1955,A0
Q1956,A15
Q1957,A14
Q1958,A15
Q1959,A9
Q1960,A16
Q1961,A11
Q1962,A5
Q1963,A13
Q1964,A9
Q1965,A9
Q1966,A7
Q1967,A14
Q1968,A2
Q1969,A10
Q1970,A0
Q1971,A10
Q1972,A8
Q1973,A16
Q1974,A13
Q1975,A14
Q1976,A15
Q1977,A12
Q1978,A15
Q1979,A15
Q1980,A16
Q1981,A15
Q1982,A13
Q1983,A15
Q1984,A16
Q1985,A0
Q1986,A10
Q1987,A16
Q1988,A9
Q1989,A12
Q1990,A13
Q1991,A15
Q1992,A0
Q1993,A0
Q1994,A11
Q1995,A6
Q1996,A9
Q1997,A15
Q1998,A15
Q1999,A15
Q2000,A14
Q2001,A13
Q2002,A15
Q2003,A14
Q2004,A13
Q2005,A14
Q2006,A12
Q2007,A9
Q2008,A14
Q2009,A15
Q2010,A16
Q2011,A10
Q2012,A7
Q2013,A15
Q2014,A12
Q2015,A14
Q2016,A13
Q2017,A14
Q2018,A10
Q2019,A14
Q2020,A12
Q2021,A13
Q2022,A15
Q2023,A13
Q2024,A16
Q2025,A10
Q2026,A12
Q2027,A15
Q2028,A10
Q2029,A0
Q2030,A16
Q2031,A11
Q2032,A0
Q2033,A11
Q2034,A16
Q2035,A12
Q2036,A11
Q2037,A14
Q2038,A0
Q2039,A7
Q2040,A0
Q2041,A15
Q2042,A0
Q2043,A15
Q2044,A13
Q2045,A14
Q2046,A8
Q2047,A15
Q2048,A13
Q2049,A0
Q2050,A7
Q2051,A13
Q2052,A14
Q2053,A15
Q2054,A13
Q2055,A11
Q2056,A15
Q2057,A15
Q2058,A13
Q2059,A8
Q2060,A9
Q2061,A6
Q2062,A12
Q2063,A16
Q2064,A0
Q2065,A11
Q2066,A14
Q2067,A11
Q2068,A14
Q2069,A14
Q2070,A9
Q2071,A14
Q2072,A13
Q2073,A16
Q2074,A13
Q2075,A13
Q2076,A11
Q2077,A13
Q2078,A0
Q2079,A12
Q2080,A15
Q2081,A16
Q2082,A15
Q2083,A12
Q2084,A15
Q2085,A0
Q2086,A12
Q2087,A14
Q2088,A14
Q2089,A13
Q2090,A10
Q2091,A13
Q2092,A12
Q2093,A13
Q2094,A13
Q2095,A7
Q2096,A10
Q2097,A12
Q2098,A16
Q2099,A10
Q2100,A15
Q2101,A10
Q2102,A10
Q2103,A10
Q2104,A15
Q2105,A14
Q2106,A16
Q2107,A0
Q2108,A12
Q2109,A14
Q2110,A12
Q2111,A0
Q2112,A11
Q2113,A13
Q2114,A10
Q2115,A10
Q2116,A15
Q2117,A14
Q2118,A16
Q2119,A15
Q2120,A14
Q2121,A12
Q2122,A13
Q2123,A9
Q2124,A0
Q2125,A15
Q2126,A15
Q2127,A11
Q2128,A14
Q2129,A15
Q2130,A13
Q2131,A16
Q2132,A10
Q2133,A9
Q2134,A0
Q2135,A14
Q2136,A15
Q2137,A13
Q2138,A16
Q2139,A14
Q2140,A14
Q2141,A13
Q2142,A16
Q2143,A14
Q2144,A15
Q2145,A17
Q2146,A13
Q2147,A14
Q2148,A14
Q2149,A0
Q2150,A7
Q2151,A15
Q2152,A9
Q2153,A0
Q2154,A14
Q2155,A0
Q2156,A9
Q2157,A15
Q2158,A14
Q2159,A6
Q2160,A14
Q2161,A16
Q2162,A16
Q2163,A14
Q2164,A14
Q2165,A12
Q2166,A12
Q2167,A13
Q2168,A15
Q2169,A11
Q2170,A15
Q2171,A13
Q2172,A0
Q2173,A9
Q2174,A10
Q2175,A14
Q2176,A12
Q2177,A0
Q2178,A15
Q2179,A15
Q2180,A13
Q2181,A13
Q2182,A14
Q2183,A6
Q2184,A15
Q2185,A12
Q2186,A2
Q2187,A15
Q2188,A10
Q2189,A0
Q2190,A13
Q2191,A15
Q2192,A13
Q2193,A14
Q2194,A12
Q2195,A15
Q2196,A15
Q2197,A13
Q2198,A0
Q2199,A15
Q2200,A11
Q2201,A13
Q2202,A14
Q2203,A14
Q2204,A12
Q2205,A14
Q2206,A8
Q2207,A13
Q2208,A10
Q2209,A13
Q2210,A11
Q2211,A0
Q2212,A14
Q2213,A14
Q2214,A0
Q2215,A14
Q2216,A12
Q2217,A9
Q2218,A3
Q2219,A13
Q2220,A15
Q2221,A12
Q2222,A9
Q2223,A14
Q2224,A16
Q2225,A12
Q2226,A12
Q2227,A15
Q2228,A14
Q2229,A13
Q2230,A16
Q2231,A14
Q2232,A13
Q2233,A14
Q2234,A12
Q2235,A12
Q2236,A16
Q2237,A12
Q2238,A0
Q2239,A12
Q2240,A13
Q2241,A15
Q2242,A15
Q2243,A9
Q2244,A7
Q2245,A15
Q2246,A13
Q2247,A17
Q2248,A10
Q2249,A12
Q2250,A14
Q2251,A14
Q2252,A15
Q2253,A16
Q2254,A0
Q2255,A14
Q2256,A10
Q2257,A0
Q2258,A9
Q2259,A15
Q2260,A12
Q2261,A15
Q2262,A9
Q2263,A16
Q2264,A11
Q2265,A14
Q2266,A9
Q2267,A15
Q2268,A0
Q2269,A15
Q2270,A13
Q2271,A13
Q2272,A9
Q2273,A13
Q2274,A11
Q2275,A8
Q2276,A2
Q2277,A0
Q2278,A9
Q2279,A11
Q2280,A13
Q2281,A14
Q2282,A8
Q2283,A14
Q2284,A13
Q2285,A15
Q2286,A15
Q2287,A13
Q2288,A14
Q2289,A9
Q2290,A11
Q2291,A16
Q2292,A11
Q2293,A13
Q2294,A0
Q2295,A15
Q2296,A16
Q2297,A16
Q2298,A15
Q2299,A15
Q2300,A15
Q2301,A15
Q2302,A0
Q2303,A15
Q2304,A6
Q2305,A11
Q2306,A6
Q2307,A12
Q2308,A12
Q2309,A15
Q2310,A15
Q2311,A0
Q2312,A15
Q2313,A16
Q2314,A0
Q2315,A10
Q2316,A15
Q2317,A0
Q2318,A9
Q2319,A12
Q2320,A15
Q2321,A15
Q2322,A11
Q2323,A13
Q2324,A15
Q2325,A16
Q2326,A14
Q2327,A11
Q2328,A12
Q2329,A14
Q2330,A13
Q2331,A12
Q2332,A14
Q2333,A0
Q2334,A13
Q2335,A13
Q2336,A0
Q2337,A7
Q2338,A14
Q2339,A14
Q2340,A15
Q2341,A13
Q2342,A3
Q2343,A16
Q2344,A13
Q2345,A15
Q2346,A11
Q2347,A11
Q2348,A15
Q2349,A13
Q2350,A10
Q2351,A10
Q2352,A9
Q2353,A14
Q2354,A10
Q2355,A16
Q2356,A15
Q2357,A13
Q2358,A15
Q2359,A12
Q2360,A10
Q2361,A15
Q2362,A12
Q2363,A11
Q2364,A9
Q2365,A14
Q2366,A13
Q2367,A13
Q2368,A6
Q2369,A0
Q2370,A12
Q2371,A15
Q2372,A11
Q2373,A17
Q2374,A14
Q2375,A16
Q2376,A17
Q2377,A0
Q2378,A14
Q2379,A12
Q2380,A0
Q2381,A2
Q2382,A16
Q2383,A14
Q2384,A10
Q2385,A11
Q2386,A14
Q2387,A14
Q2388,A13
Q2389,A17
Q2390,A15
Q2391,A15
Q2392,A9
Q2393,A13
Q2394,A8
Q2395,A16
Q2396,A14
Q2397,A11
Q2398,A0
Q2399,A0
Q2400,A14
Q2401,A7
Q2402,A13
Q2403,A0
Q2404,A16
Q2405,A16
Q2406,A13
Q2407,A12
Q2408,A11
Q2409,A16
Q2410,A12
Q2411,A16
Q2412,A12
Q2413,A17
Q2414,A11
Q2415,A0
Q2416,A15
Q2417,A15
Q2418,A14
Q2419,A11
Q2420,A12
Q2421,A12
Q2422,A5
Q2423,A14
Q2424,A9
Q2425,A16
Q2426,A14
Q2427,A0
Q2428,A14
Q2429,A12
Q2430,A0
Q2431,A14
Q2432,A10
Q2433,A15
Q2434,A13
Q2435,A0
Q2436,A9
Q2437,A15
Q2438,A11
Q2439,A12
Q2440,A16
Q2441,A0
Q2442,A15
Q2443,A16
Q2444,A3
Q2445,A8
Q2446,A15
Q2447,A17
Q2448,A11
Q2449,A13
Q2450,A0
Q2451,A11
Q2452,A13
Q2453,A13
Q2454,A13
Q2455,A10
Q2456,A15
Q2457,A13
Q2458,A9
Q2459,A14
Q2460,A14
Q2461,A14
Q2462,A9
Q2463,A0
Q2464,A13
Q2465,A15
Q2466,A16
Q2467,A13
Q2468,A0
Q2469,A13
Q2470,A16
Q2471,A15
Q2472,A14
Q2473,A0
Q2474,A15
Q2475,A10
Q2476,A16
Q2477,A5
Q2478,A15
Q2479,A12
Q2480,A5
Q2481,A8
Q2482,A15
Q2483,A14
Q2484,A15
Q2485,A16
Q2486,A8
Q2487,A13
Q2488,A10
Q2489,A12
Q2490,A13
Q2491,A12
Q2492,A15
Q2493,A14
Q2494,A3
Q2495,A0
Q2496,A14
Q2497,A10
Q2498,A13
Q2499,A0
Q2500,A14
Q2501,A9
Q2502,A15
Q2503,A0
Q2504,A15
Q2505,A15
Q2506,A0
Q2507,A8
Q2508,A14
Q2509,A12
Q2510,A13
Q2511,A9
Q2512,A14
Q2513,A10
Q2514,A11
Q2515,A11
Q2516,A11
Q2517,A0
Q2518,A12
Q2519,A7
Q2520,A15
Q2521,A8
Q2522,A10
Q2523,A9
Q2524,A13
Q2525,A5
Q2526,A1
Q2527,A14
Q2528,A0
Q2529,A15
Q2530,A12
Q2531,A0
Q2532,A7
Q2533,A9
Q2534,A8
Q2535,A6
Q2536,A12
Q2537,A10
Q2538,A8
Q2539,A13
Q2540,A12
Q2541,A13
Q2542,A14
Q2543,A15
Q2544,A16
Q2545,A11
Q2546,A10
Q2547,A7
Q2548,A12
Q2549,A16
Q2550,A16
Q2551,A14
Q2552,A15
Q2553,A13
Q2554,A11
Q2555,A13
Q2556,A0
Q2557,A8
Q2558,A14
Q2559,A10
Q2560,A16
Q2561,A12
Q2562,A14
Q2563,A12
Q2564,A12
Q2565,A16
Q2566,A7
Q2567,A9
Q2568,A16
Q2569,A13
Q2570,A14
Q2571,A15
Q2572,A12
Q2573,A11
Q2574,A14
Q2575,A14
Q2576,A10
Q2577,A15
Q2578,A12
Q2579,A15
Q2580,A11
Q2581,A15
Q2582,A15
Q2583,A12
Q2584,A14
Q2585,A15
Q2586,A0
Q2587,A11
Q2588,A16
Q2589,A5
Q2590,A0
Q2591,A13
Q2592,A9
Q2593,A11
Q2594,A0
Q2595,A10
Q2596,A9
Q2597,A11
Q2598,A15
Q2599,A17
Q2600,A5
Q2601,A12
Q2602,A14
Q2603,A7
Q2604,A12
Q2605,A14
Q2606,A7
Q2607,A12
Q2608,A14
Q2609,A11
Q2610,A9
Q2611,A15
Q2612,A15
Q2613,A10
Q2614,A8
Q2615,A14
Q2616,A15
Q2617,A13
Q2618,A16
Q2619,A15
Q2620,A14
Q2621,A15
Q2622,A0
Q2623,A13
Q2624,A14
Q2625,A15
Q2626,A0
Q2627,A11
Q2628,A0
Q2629,A14
Q2630,A14
Q2631,A14
Q2632,A14
Q2633,A11
Q2634,A12
Q2635,A11
Q2636,A16
Q2637,A14
Q2638,A14
Q2639,A11
Q2640,A6
Q2641,A0
Q2642,A15
Q2643,A16
Q2644,A13
Q2645,A15
Q2646,A14
Q2647,A14
Q2648,A10
Q2649,A16
Q2650,A9
Q2651,A15
Q2652,A13
Q2653,A14
Q2654,A0
Q2655,A13
Q2656,A6
Q2657,A14
Q2658,A16
Q2659,A5
Q2660,A13
Q2661,A14
Q2662,A8
Q2663,A13
Q2664,A10
Q2665,A0
Q2666,A0
Q2667,A14
Q2668,A13
Q2669,A15
Q2670,A7
Q2671,A11
Q2672,A13
Q2673,A14
Q2674,A14
Q2675,A10
Q2676,A16
Q2677,A13
Q2678,A10
Q2679,A13
Q2680,A17
Q2681,A14
Q2682,A12
Q2683,A15
Q2684,A10
Q2685,A13
Q2686,A9
Q2687,A12
Q2688,A13
Q2689,A13
Q2690,A15
Q2691,A13
Q2692,A13
Q2693,A3
Q2694,A10
Q2695,A13
Q2696,A13
Q2697,A15
Q2698,A14
Q2699,A10
Q2700,A10
Q2701,A13
Q2702,A14
Q2703,A11
Q2704,A16
Q2705,A15
Q2706,A16
Q2707,A14
Q2708,A10
Q2709,A16
Q2710,A13
Q2711,A14
Q2712,A0
Q2713,A14
Q2714,A9
Q2715,A15
Q2716,A17
Q2717,A14
Q2718,A16
Q2719,A0
Q2720,A14
Q2721,A15
Q2722,A13
Q2723,A0
Q2724,A0
Q2725,A13
Q2726,A15
Q2727,A13
Q2728,A10
Q2729,A10
Q2730,A10
Q2731,A13
Q2732,A16
Q2733,A10
Q2734,A13
Q2735,A0
Q2736,A14
Q2737,A10
Q2738,A13
Q2739,A10
Q2740,A11
Q2741,A13
Q2742,A0
Q2743,A7
Q2744,A0
Q2745,A10
Q2746,A8
Q2747,A14
Q2748,A12
Q2749,A14
Q2750,A7
Q2751,A3
Q2752,A15
Q2753,A12
Q2754,A16
Q2755,A13
Q2756,A0
Q2757,A10
Q2758,A15
Q2759,A12
Q2760,A0
Q2761,A12
Q2762,A9
Q2763,A12
Q2764,A8
Q2765,A12
Q2766,A14
Q2767,A15
Q2768,A10
Q2769,A16
Q2770,A13
Q2771,A14
Q2772,A16
Q2773,A11
Q2774,A6
Q2775,A13
Q2776,A15
Q2777,A10
Q2778,A10
Q2779,A12
Q2780,A12
Q2781,A17
Q2782,A13
Q2783,A15
Q2784,A15
Q2785,A13
Q2786,A12
Q2787,A8
Q2788,A12
Q2789,A13
Q2790,A15
Q2791,A0
Q2792,A12
Q2793,A9
Q2794,A9
Q2795,A12
Q2796,A14
Q2797,A15
Q2798,A9
Q2799,A10
Q2800,A15
Q2801,A12
Q2802,A14
Q2803,A15
Q2804,A12
Q2805,A0
Q2806,A12
Q2807,A13
Q2808,A16
Q2809,A15
Q2810,A0
Q2811,A10
Q2812,A14
Q2813,A15
Q2814,A16
Q2815,A10
Q2816,A14
Q2817,A11
Q2818,A15
Q2819,A8
Q2820,A8
Q2821,A16
Q2822,A12
Q2823,A15
Q2824,A11
Q2825,A15
Q2826,A15
Q2827,A16
Q2828,A14
Q2829,A15
Q2830,A14
Q2831,A13
Q2832,A10
Q2833,A2
Q2834,A12
Q2835,A0
Q2836,A14
Q2837,A13
Q2838,A15
Q2839,A12
Q2840,A13
Q2841,A15
Q2842,A15
Q2843,A10
Q2844,A0
Q2845,A0
Q2846,A10
Q2847,A13
Q2848,A2
Q2849,A14
Q2850,A10
Q2851,A14
Q2852,A12
Q2853,A0
Q2854,A15
Q2855,A12
Q2856,A15
Q2857,A11
Q2858,A14
Q2859,A8
Q2860,A0
Q2861,A12
Q2862,A14
Q2863,A14
Q2864,A16
Q2865,A10
Q2866,A15
Q2867,A14
Q2868,A10
Q2869,A13
Q2870,A13
Q2871,A13
Q2872,A15
Q2873,A15
Q2874,A0
Q2875,A15
Q2876,A10
Q2877,A7
Q2878,A12
Q2879,A13
Q2880,A0
Q2881,A11
Q2882,A10
Q2883,A15
Q2884,A15
Q2885,A11
Q2886,A11
Q2887,A11
Q2888,A10
Q2889,A16
Q2890,A12
Q2891,A11
Q2892,A9
Q2893,A6
Q2894,A0
Q2895,A15
Q2896,A14
Q2897,A13
Q2898,A13
Q2899,A13
Q2900,A16
Q2901,A0
Q2902,A0
Q2903,A13
Q2904,A8
Q2905,A15
Q2906,A16
Q2907,A11
Q2908,A14
Q2909,A17
Q2910,A11
Q2911,A4
Q2912,A0
Q2913,A14
Q2914,A10
Q2915,A12
Q2916,A12
Q2917,A16
Q2918,A9
Q2919,A0
Q2920,A12
Q2921,A15
Q2922,A15
Q2923,A13
Q2924,A0
Q2925,A14
Q2926,A8
Q2927,A14
Q2928,A0
Q2929,A9
Q2930,A8
Q2931,A16
Q2932,A10
Q2933,A14
Q2934,A16
Q2935,A12
Q2936,A9
Q2937,A14
Q2938,A14
Q2939,A11
Q2940,A13
Q2941,A15
Q2942,A12
Q2943,A15
Q2944,A12
Q2945,A0
Q2946,A12
Q2947,A14
Q2948,A10
Q2949,A13
Q2950,A13
Q2951,A15
Q2952,A14
Q2953,A13
Q2954,A15
Q2955,A16
Q2956,A14
Q2957,A15
Q2958,A0
Q2959,A15
Q2960,A12
Q2961,A12
Q2962,A12
Q2963,A13
Q2964,A17
Q2965,A16
Q2966,A11
Q2967,A15
Q2968,A9
Q2969,A9
Q2970,A12
Q2971,A17
Q2972,A0
Q2973,A14
Q2974,A14
Q2975,A15
Q2976,A13
Q2977,A0
Q2978,A15
Q2979,A5
Q2980,A0
Q2981,A13
Q2982,A11
Q2983,A14
Q2984,A13
Q2985,A13
Q2986,A0
Q2987,A15
Q2988,A9
Q2989,A15
Q2990,A0
Q2991,A14
Q2992,A14
Q2993,A10
Q2994,A8
Q2995,A15
Q2996,A16
Q2997,A11
Q2998,A12
Q2999,A12
Q3000,A0
Q3001,A7
Q3002,A13
Q3003,A0
Q3004,A16
Q3005,A13
Q3006,A6
Q3007,A15
Q3008,A8
Q3009,A13
Q3010,A10
Q3011,A15
Q3012,A15
Q3013,A12
Q3014,A0
Q3015,A9
Q3016,A11
Q3017,A0
Q3018,A0
Q3019,A12
Q3020,A9
Q3021,A16
Q3022,A14
Q3023,A0
Q3024,A0
Q3025,A10
Q3026,A13
Q3027,A15
Q3028,A16
Q3029,A13
Q3030,A0
Q3031,A11
Q3032,A0
Q3033,A12
Q3034,A0
Q3035,A10
Q3036,A15
Q3037,A15
Q3038,A0
Q3039,A11
Q3040,A14
Q3041,A14
Q3042,A16
Q3043,A0
Q3044,A12
Q3045,A14
Q3046,A14
Q3047,A0
Q3048,A14
Q3049,A14
Q3050,A13
Q3051,A10
Q3052,A9
Q3053,A11
Q3054,A9
Q3055,A15
Q3056,A9
Q3057,A14
Q3058,A13
Q3059,A15
Q3060,A15
Q3061,A10
Q3062,A15
Q3063,A16
Q3064,A9
Q3065,A0
Q3066,A13
Q3067,A8
Q3068,A0
Q3069,A0
Q3070,A7
Q3071,A11
Q3072,A15
Q3073,A16
Q3074,A13
Q3075,A15
Q3076,A6
Q3077,A14
Q3078,A14
Q3079,A15
Q3080,A10
Q3081,A12
Q3082,A0
Q3083,A10
Q3084,A13
Q3085,A0
Q3086,A16
Q3087,A14
Q3088,A12
Q3089,A16
Q3090,A0
Q3091,A13
Q3092,A12
Q3093,A10
Q3094,A13
Q3095,A14
Q3096,A9
Q3097,A14
Q3098,A10
Q3099,A16
Q3100,A14
Q3101,A13
Q3102,A15
Q3103,A16
Q3104,A0
Q3105,A11
Q3106,A13
Q3107,A11
Q3108,A16
Q3109,A11
Q3110,A16
Q3111,A13
Q3112,A15
Q3113,A12
Q3114,A0
Q3115,A0
Q3116,A13
Q3117,A12
Q3118,A12
Q3119,A15
Q3120,A16
Q3121,A1
Q3122,A15
Q3123,A14
Q3124,A14
Q3125,A15
Q3126,A0
Q3127,A15
Q3128,A14
Q3129,A12
Q3130,A13
Q3131,A0
Q3132,A10
Q3133,A10
Q3134,A13
Q3135,A13
Q3136,A15
Q3137,A10
Q3138,A11
Q3139,A14
Q3140,A0
Q3141,A14
Q3142,A15
Q3143,A7
Q3144,A7
Q3145,A14
Q3146,A13
Q3147,A0
Q3148,A12
Q3149,A11
Q3150,A9
Q3151,A15
Q3152,A14
Q3153,A0
Q3154,A13
Q3155,A15
Q3156,A0
Q3157,A15
Q3158,A15
Q3159,A16
Q3160,A0
Q3161,A9
Q3162,A15
Q3163,A14
Q3164,A13
Q3165,A14
Q3166,A10
Q3167,A8
Q3168,A15
Q3169,A13
Q3170,A16
Q3171,A13
Q3172,A13
Q3173,A13
Q3174,A12
Q3175,A15
Q3176,A13
Q3177,A13
Q3178,A14
Q3179,A14
Q3180,A13
Q3181,A11
Q3182,A12
Q3183,A10
Q3184,A9
Q3185,A0
Q3186,A13
Q3187,A0
Q3188,A12
Q3189,A14
Q3190,A15
Q3191,A0
Q3192,A11
Q3193,A11
Q3194,A11
Q3195,A14
Q3196,A13
Q3197,A13
Q3198,A13
Q3199,A14
Q3200,A13
Q3201,A15
Q3202,A15
Q3203,A14
Q3204,A0
Q3205,A16
Q3206,A14
Q3207,A15
Q3208,A16
Q3209,A15
Q3210,A15
Q3211,A12
Q3212,A15
Q3213,A8
Q3214,A9
Q3215,A12
Q3216,A13
Q3217,A10
Q3218,A14
Q3219,A12
Q3220,A10
Q3221,A6
Q3222,A14
Q3223,A16
Q3224,A16
Q3225,A12
Q3226,A15
Q3227,A14
Q3228,A15
Q3229,A15
Q3230,A16
Q3231,A13
Q3232,A13
Q3233,A10
Q3234,A14
Q3235,A12
Q3236,A12
Q3237,A14
Q3238,A10
Q3239,A14
Q3240,A15
Q3241,A12
Q3242,A14
Q3243,A12
Q3244,A15
Q3245,A16
Q3246,A0
Q3247,A13
Q3248,A15
Q3249,A15
Q3250,A13
Q3251,A12
Q3252,A15
Q3253,A16
Q3254,A13
Q3255,A11
Q3256,A16
Q3257,A13
Q3258,A15
Q3259,A10
Q3260,A11
Q3261,A12
Q3262,A15
Q3263,A11
Q3264,A8
Q3265,A15
Q3266,A0
Q3267,A16
Q3268,A13
Q3269,A15
Q3270,A13
Q3271,A15
Q3272,A12
Q3273,A0
Q3274,A0
Q3275,A17
Q3276,A9
Q3277,A10
Q3278,A13
Q3279,A15
Q3280,A14
Q3281,A0
Q3282,A15
Q3283,A0
Q3284,A0
Q3285,A12
Q3286,A13
Q3287,A11
Q3288,A12
Q3289,A11
Q3290,A15
Q3291,A15
Q3292,A14
Q3293,A14
Q3294,A14
Q3295,A15
Q3296,A10
Q3297,A13
Q3298,A16
Q3299,A14
Q3300,A8
Q3301,A0
Q3302,A17
Q3303,A0
Q3304,A0
Q3305,A14
Q3306,A14
Q3307,A15
Q3308,A15
Q3309,A13
Q3310,A14
Q3311,A15
Q3312,A12
Q3313,A11
Q3314,A13
Q3315,A11
Q3316,A14
Q3317,A15
Q3318,A15
Q3319,A13
Q3320,A14
Q3321,A9
Q3322,A16
Q3323,A13
Q3324,A16
Q3325,A12
Q3326,A10
Q3327,A12
Q3328,A15
Q3329,A9
Q3330,A10
Q3331,A13
Q3332,A14
Q3333,A14
Q3334,A9
Q3335,A9
Q3336,A12
Q3337,A15
Q3338,A16
Q3339,A13
Q3340,A10
Q3341,A14
Q3342,A10
Q3343,A10
Q3344,A3
Q3345,A9
Q3346,A11
Q3347,A15
Q3348,A13
Q3349,A9
Q3350,A6
Q3351,A14
Q3352,A13
Q3353,A13
Q3354,A12
Q3355,A10
Q3356,A15
Q3357,A13
Q3358,A10
Q3359,A15
Q3360,A13
Q3361,A0
Q3362,A14
Q3363,A12
Q3364,A15
Q3365,A15
Q3366,A15
Q3367,A14
Q3368,A0
Q3369,A14
Q3370,A16
Q3371,A15
Q3372,A10
Q3373,A14
Q3374,A13
Q3375,A11
Q3376,A7
Q3377,A12
Q3378,A12
Q3379,A0
Q3380,A0
Q3381,A14
Q3382,A0
Q3383,A13
Q3384,A14
Q3385,A14
Q3386,A9
Q3387,A11
Q3388,A15
Q3389,A8
Q3390,A0
Q3391,A10
Q3392,A16
Q3393,A14
Q3394,A0
Q3395,A6
Q3396,A14
Q3397,A16
Q3398,A0
Q3399,A0
Q3400,A13
Q3401,A0
Q3402,A12
Q3403,A3
Q3404,A0
Q3405,A10
Q3406,A10
Q3407,A15
Q3408,A14
Q3409,A14
Q3410,A12
Q3411,A13
Q3412,A16
Q3413,A11
Q3414,A15
Q3415,A15
Q3416,A6
Q3417,A0
Q3418,A12
Q3419,A12
Q3420,A9
Q3421,A12
Q3422,A15
Q3423,A14
Q3424,A15
Q3425,A9
Q3426,A0
Q3427,A5
Q3428,A9
Q3429,A16
Q3430,A14
Q3431,A13
Q3432,A12
Q3433,A14
Q3434,A15
Q3435,A10
Q3436,A12
Q3437,A10
Q3438,A16
Q3439,A14
Q3440,A11
Q3441,A12
Q3442,A13
Q3443,A10
Q3444,A10
Q3445,A13
Q3446,A15
Q3447,A13
Q3448,A14
Q3449,A15
Q3450,A12
Q3451,A10
Q3452,A15
Q3453,A8
Q3454,A10
Q3455,A11
Q3456,A0
Q3457,A10
Q3458,A15
Q3459,A13
Q3460,A13
Q3461,A13
Q3462,A11
Q3463,A11
Q3464,A6
Q3465,A14
Q3466,A15
Q3467,A13
Q3468,A10
Q3469,A15
Q3470,A13
Q3471,A14
Q3472,A13
Q3473,A16
Q3474,A12
Q3475,A14
Q3476,A0
Q3477,A10
Q3478,A10
Q3479,A1
Q3480,A5
Q3481,A6
Q3482,A13
Q3483,A12
Q3484,A9
Q3485,A13
Q3486,A17
Q3487,A0
Q3488,A13
Q3489,A14
Q3490,A12
Q3491,A15
Q3492,A8
Q3493,A13
Q3494,A9
Q3495,A11
Q3496,A12
Q3497,A6
Q3498,A16
Q3499,A13
Q3500,A14
Q3501,A0
Q3502,A8
Q3503,A14
Q3504,A15
Q3505,A8
Q3506,A6
Q3507,A13
Q3508,A15
Q3509,A16
Q3510,A14
Q3511,A7
Q3512,A0
Q3513,A15
Q3514,A8
Q3515,A10
Q3516,A0
Q3517,A11
Q3518,A12
Q3519,A11
Q3520,A0
Q3521,A15
Q3522,A13
Q3523,A16
Q3524,A17
Q3525,A0
Q3526,A14
Q3527,A15
Q3528,A13
Q3529,A14
Q3530,A14
Q3531,A7
Q3532,A15
Q3533,A13
Q3534,A15
Q3535,A8
Q3536,A0
Q3537,A14
Q3538,A15
Q3539,A10
Q3540,A15
Q3541,A10
Q3542,A12
Q3543,A12
Q3544,A13
Q3545,A11
Q3546,A8
Q3547,A11
Q3548,A10
Q3549,A14
Q3550,A12
Q3551,A15
Q3552,A15
Q3553,A13
Q3554,A0
Q3555,A17
Q3556,A13
Q3557,A12
Q3558,A13
Q3559,A9
Q3560,A14
Q3561,A16
Q3562,A16
Q3563,A16
Q3564,A15
Q3565,A14
Q3566,A11
Q3567,A11
Q3568,A16
Q3569,A16
Q3570,A13
Q3571,A14
Q3572,A4
Q3573,A10
Q3574,A16
Q3575,A0
Q3576,A16
Q3577,A7
Q3578,A14
Q3579,A12
Q3580,A15
Q3581,A16
Q3582,A14
Q3583,A0
Q3584,A15
Q3585,A9
Q3586,A9
Q3587,A13
Q3588,A14
Q3589,A14
Q3590,A15
Q3591,A1
Q3592,A15
Q3593,A12
Q3594,A12
Q3595,A16
Q3596,A0
Q3597,A12
Q3598,A15
Q3599,A17
Q3600,A14
Q3601,A13
Q3602,A13
Q3603,A15
Q3604,A14
Q3605,A11
Q3606,A7
Q3607,A16
Q3608,A0
Q3609,A11
Q3610,A14
Q3611,A13
Q3612,A13
Q3613,A13
Q3614,A8
Q3615,A0
Q3616,A15
Q3617,A13
Q3618,A17
Q3619,A6
Q3620,A0
Q3621,A13
Q3622,A14
Q3623,A0
Q3624,A15
Q3625,A15
Q3626,A0
Q3627,A15
Q3628,A15
Q3629,A13
Q3630,A12
Q3631,A13
Q3632,A14
Q3633,A14
Q3634,A14
Q3635,A12
Q3636,A15
Q3637,A16
Q3638,A14
Q3639,A10
Q3640,A15
Q3641,A12
Q3642,A14
Q3643,A13
Q3644,A7
Q3645,A16
Q3646,A3
Q3647,A11
Q3648,A0
Q3649,A12
Q3650,A13
Q3651,A15
Q3652,A16
Q3653,A0
Q3654,A13
Q3655,A11
Q3656,A10
Q3657,A7
Q3658,A14
Q3659,A14
Q3660,A14
Q3661,A0
Q3662,A13
Q3663,A14
Q3664,A15
Q3665,A15
Q3666,A14
Q3667,A13
Q3668,A0
Q3669,A14
Q3670,A15
Q3671,A12
Q3672,A14
Q3673,A0
Q3674,A10
Q3675,A0
Q3676,A9
Q3677,A15
Q3678,A12
Q3679,A13
Q3680,A4
Q3681,A15
Q3682,A15
Q3683,A6
Q3684,A9
Q3685,A8
Q3686,A14
Q3687,A13
Q3688,A12
Q3689,A16
Q3690,A10
Q3691,A14
Q3692,A10
Q3693,A15
Q3694,A15
Q3695,A14
Q3696,A13
Q3697,A15
Q3698,A11
Q3699,A11
Q3700,A0
Q3701,A13
Q3702,A12
Q3703,A0
Q3704,A14
Q3705,A11
Q3706,A14
Q3707,A15
Q3708,A14
Q3709,A9
Q3710,A14
Q3711,A15
Q3712,A11
Q3713,A13
Q3714,A12
Q3715,A16
Q3716,A15
Q3717,A7
Q3718,A11
Q3719,A13
Q3720,A14
Q3721,A13
Q3722,A14
Q3723,A10
Q3724,A14
Q3725,A15
Q3726,A11
Q3727,A13
Q3728,A15
Q3729,A14
Q3730,A15
Q3731,A13
Q3732,A12
Q3733,A11
Q3734,A11
Q3735,A16
Q3736,A14
Q3737,A7
Q3738,A14
Q3739,A0
Q3740,A15
Q3741,A15
Q3742,A15
Q3743,A12
Q3744,A15
Q3745,A13
Q3746,A13
Q3747,A10
Q3748,A13
Q3749,A12
Q3750,A14
Q3751,A11
Q3752,A10
Q3753,A14
Q3754,A16
Q3755,A0
Q3756,A15
Q3757,A12
Q3758,A14
Q3759,A15
Q3760,A14
Q3761,A0
Q3762,A13
Q3763,A16
Q3764,A11
Q3765,A11
Q3766,A6
Q3767,A12
Q3768,A12
Q3769,A17
Q3770,A16
Q3771,A12
Q3772,A13
Q3773,A17
Q3774,A15
Q3775,A9
Q3776,A14
Q3777,A10
Q3778,A0
Q3779,A15
Q3780,A15
Q3781,A0
Q3782,A6
Q3783,A12
Q3784,A13
Q3785,A13
Q3786,A11
Q3787,A15
Q3788,A13
Q3789,A12
Q3790,A0
Q3791,A11
Q3792,A9
Q3793,A3
Q3794,A14
Q3795,A16
Q3796,A14
Q3797,A9
Q3798,A5
Q3799,A16
Q3800,A10
Q3801,A9
Q3802,A15
Q3803,A5
Q3804,A14
Q3805,A14
Q3806,A7
Q3807,A12
Q3808,A16
Q3809,A12
Q3810,A13
Q3811,A8
Q3812,A14
Q3813,A16
Q3814,A0
Q3815,A13
Q3816,A7
Q3817,A15
Q3818,A12
Q3819,A15
Q3820,A0
Q3821,A13
Q3822,A10
Q3823,A11
Q3824,A8
Q3825,A10
Q3826,A14
Q3827,A7
Q3828,A8
Q3829,A14
Q3830,A0
Q3831,A0
Q3832,A7
Q3833,A0
Q3834,A11
Q3835,A15
Q3836,A0
Q3837,A0
Q3838,A0
Q3839,A15
Q3840,A15
Q3841,A16
Q3842,A12
Q3843,A10
Q3844,A14
Q3845,A14
Q3846,A6
Q3847,A13
Q3848,A11
Q3849,A15
Q3850,A14
Q3851,A5
Q3852,A8
Q3853,A11
Q3854,A11
Q3855,A5
Q3856,A12
Q3857,A12
Q3858,A13
Q3859,A11
Q3860,A15
Q3861,A10
Q3862,A9
Q3863,A14
Q3864,A0
Q3865,A8
Q3866,A15
Q3867,A8
Q3868,A15
Q3869,A11
Q3870,A15
Q3871,A13
Q3872,A0
Q3873,A9
Q3874,A12
Q3875,A17
Q3876,A12
Q3877,A12
Q3878,A15
Q3879,A11
Q3880,A0
Q3881,A11
Q3882,A16
Q3883,A13
Q3884,A0
Q3885,A7
Q3886,A0
Q3887,A0
Q3888,A14
Q3889,A0
Q3890,A13
Q3891,A16
Q3892,A14
Q3893,A12
Q3894,A15
Q3895,A16
Q3896,A16
Q3897,A13
Q3898,A15
Q3899,A16
Q3900,A12
Q3901,A7
Q3902,A16
Q3903,A15
Q3904,A13
Q3905,A15
Q3906,A13
Q3907,A15
Q3908,A11
Q3909,A13
Q3910,A0
Q3911,A14
Q3912,A13
Q3913,A0
Q3914,A15
Q3915,A15
Q3916,A13
Q3917,A13
Q3918,A10
Q3919,A8
Q3920,A12
Q3921,A8
Q3922,A10
Q3923,A0
Q3924,A10
Q3925,A12
Q3926,A14
Q3927,A8
Q3928,A12
Q3929,A0
Q3930,A11
Q3931,A11
Q3932,A15
Q3933,A13
Q3934,A11
Q3935,A13
Q3936,A15
Q3937,A15
Q3938,A14
Q3939,A14
Q3940,A6
Q3941,A16
Q3942,A11
Q3943,A11
Q3944,A15
Q3945,A12
Q3946,A14
Q3947,A0
Q3948,A15
Q3949,A13
Q3950,A13
Q3951,A12
Q3952,A14
Q3953,A12
Q3954,A15
Q3955,A0
Q3956,A11
Q3957,A15
Q3958,A16
Q3959,A12
Q3960,A13
Q3961,A13
Q3962,A13
Q3963,A16
Q3964,A14
Q3965,A11
Q3966,A10
Q3967,A12
Q3968,A0
Q3969,A11
Q3970,A14
Q3971,A15
Q3972,A11
Q3973,A10
Q3974,A11
Q3975,A17
Q3976,A0
Q3977,A0
Q3978,A9
Q3979,A12
Q3980,A12
Q3981,A14
Q3982,A13
Q3983,A16
Q3984,A13
Q3985,A15
Q3986,A6
Q3987,A0
Q3988,A11
Q3989,A13
Q3990,A13
Q3991,A16
Q3992,A7
Q3993,A12
Q3994,A14
Q3995,A11
Q3996,A12
Q3997,A15
Q3998,A0
Q3999,A10
Q4000,A3
Q4001,A12
Q4002,A15
Q4003,A11
Q4004,A12
Q4005,A10
Q4006,A12
Q4007,A16
Q4008,A10
Q4009,A0
Q4010,A14
Q4011,A0
Q4012,A16
Q4013,A14
Q4014,A14
Q4015,A13
Q4016,A14
Q4017,A0
Q4018,A0
Q4019,A17
Q4020,A15
Q4021,A7
Q4022,A13
Q4023,A10
Q4024,A15
Q4025,A14
Q4026,A15
Q4027,A14
Q4028,A9
Q4029,A14
Q4030,A15
Q4031,A10
Q4032,A14
Q4033,A15
Q4034,A15
Q4035,A14
Q4036,A14
Q4037,A15
Q4038,A15
Q4039,A10
Q4040,A14
Q4041,A10
Q4042,A16
Q4043,A14
Q4044,A12
Q4045,A8
Q4046,A12
Q4047,A17
Q4048,A12
Q4049,A13
Q4050,A6
Q4051,A12
Q4052,A4
Q4053,A13
Q4054,A16
Q4055,A10
Q4056,A15
Q4057,A11
Q4058,A14
Q4059,A15
Q4060,A16
Q4061,A11
Q4062,A14
Q4063,A14
Q4064,A15
Q4065,A14
Q4066,A15
Q4067,A0
Q4068,A12
Q4069,A12
Q4070,A14
Q4071,A14
Q4072,A15
Q4073,A15
Q4074,A15
Q4075,A9
Q4076,A12
Q4077,A2
Q4078,A13
Q4079,A14
Q4080,A13
Q4081,A9
Q4082,A16
Q4083,A15
Q4084,A10
Q4085,A11
Q4086,A15
Q4087,A13
Q4088,A14
Q4089,A0
Q4090,A15
Q4091,A14
Q4092,A13
Q4093,A14
Q4094,A14
Q4095,A12
Q4096,A7
Q4097,A7
Q4098,A0
Q4099,A13
Q4100,A14
Q4101,A12
Q4102,A7
Q4103,A0
Q4104,A15
Q4105,A13
Q4106,A13
Q4107,A0
Q4108,A8
Q4109,A14
Q4110,A12
Q4111,A11
Q4112,A13
Q4113,A9
Q4114,A7
Q4115,A11
Q4116,A0
Q4117,A15
Q4118,A0
Q4119,A14
Q4120,A11
Q4121,A12
Q4122,A7
Q4123,A11
Q4124,A10
Q4125,A16
Q4126,A13
Q4127,A12
Q4128,A16
Q4129,A16
Q4130,A6
Q4131,A16
Q4132,A15
Q4133,A9
Q4134,A12
Q4135,A0
Q4136,A16
Q4137,A12
Q4138,A13
Q4139,A13
Q4140,A15
Q4141,A12
Q4142,A15
Q4143,A0
Q4144,A16
Q4145,A15
Q4146,A10
Q4147,A11
Q4148,A7
Q4149,A11
Q4150,A12
Q4151,A14
Q4152,A0
Q4153,A4
Q4154,A15
Q4155,A9
Q4156,A13
Q4157,A15
Q4158,A13
Q4159,A14
Q4160,A15
Q4161,A16
Q4162,A0
Q4163,A10
Q4164,A3
Q4165,A14
Q4166,A0
Q4167,A10
Q4168,A14
Q4169,A11
Q4170,A12
Q4171,A11
Q4172,A11
Q4173,A16
Q4174,A14
Q4175,A8
Q4176,A15
Q4177,A14
Q4178,A8
Q4179,A16
Q4180,A11
Q4181,A11
Q4182,A5
Q4183,A16
Q4184,A10
Q4185,A13
Q4186,A8
Q4187,A13
Q4188,A15
Q4189,A10
Q4190,A0
Q4191,A0
Q4192,A14
Q4193,A0
Q4194,A0
Q4195,A12
Q4196,A15
Q4197,A13
Q4198,A10
Q4199,A8
Q4200,A15
Q4201,A9
Q4202,A0
Q4203,A13
Q4204,A10
Q4205,A13
Q4206,A15
Q4207,A15
Q4208,A9
Q4209,A14
Q4210,A0
Q4211,A16
Q4212,A13
Q4213,A17
Q4214,A9
Q4215,A12
Q4216,A12
Q4217,A13
Q4218,A0
Q4219,A15
Q4220,A14
Q4221,A9
Q4222,A14
Q4223,A9
Q4224,A11
Q4225,A9
Q4226,A10
Q4227,A12
Q4228,A14
Q4229,A16
Q4230,A13
Q4231,A12
Q4232,A0
Q4233,A7
Q4234,A16
Q4235,A12
Q4236,A14
Q4237,A14
Q4238,A12
Q4239,A16
Q4240,A9
Q4241,A14
Q4242,A12
Q4243,A9
Q4244,A15
Q4245,A13
Q4246,A13
Q4247,A0
Q4248,A15
Q4249,A12
Q4250,A13
Q4251,A13
Q4252,A14
Q4253,A13
Q4254,A9
Q4255,A14
Q4256,A16
Q4257,A13
Q4258,A12
Q4259,A11
Q4260,A14
Q4261,A14
Q4262,A15
Q4263,A7
Q4264,A11
Q4265,A15
Q4266,A15
Q4267,A12
Q4268,A3
Q4269,A9
Q4270,A10
Q4271,A15
Q4272,A15
Q4273,A10
Q4274,A15
Q4275,A13
Q4276,A13
Q4277,A8
Q4278,A8
Q4279,A8
Q4280,A0
Q4281,A2
Q4282,A13
Q4283,A14
Q4284,A14
Q4285,A0
Q4286,A6
Q4287,A7
Q4288,A0
Q4289,A10
Q4290,A4
Q4291,A16
Q4292,A15
Q4293,A13
Q4294,A13
Q4295,A14
Q4296,A11
Q4297,A14
Q4298,A13
Q4299,A14
Q4300,A13
Q4301,A0
Q4302,A15
Q4303,A14
Q4304,A8
Q4305,A14
Q4306,A11
Q4307,A8
Q4308,A12
Q4309,A14
Q4310,A13
Q4311,A10
Q4312,A14
Q4313,A15
Q4314,A9
Q4315,A0
Q4316,A9
Q4317,A14
Q4318,A13
Q4319,A7
Q4320,A10
Q4321,A14
Q4322,A10
Q4323,A16
Q4324,A15
Q4325,A11
Q4326,A10
Q4327,A14
Q4328,A14
Q4329,A14
Q4330,A12
Q4331,A14
Q4332,A14
Q4333,A15
Q4334,A7
Q4335,A15
Q4336,A10
Q4337,A12
Q4338,A0
Q4339,A10
Q4340,A11
Q4341,A13
Q4342,A12
Q4343,A9
Q4344,A8
Q4345,A12
Q4346,A0
Q4347,A9
Q4348,A13
Q4349,A0
Q4350,A12
Q4351,A0
Q4352,A7
Q4353,A12
Q4354,A13
Q4355,A13
Q4356,A15
Q4357,A13
Q4358,A6
Q4359,A17
Q4360,A13
Q4361,A15
Q4362,A0
Q4363,A10
Q4364,A0
Q4365,A15
Q4366,A12
Q4367,A0
Q4368,A14
Q4369,A14
Q4370,A0
Q4371,A11
Q4372,A10
Q4373,A11
Q4374,A14
Q4375,A11
Q4376,A7
Q4377,A16
Q4378,A15
Q4379,A0
Q4380,A11
Q4381,A15
Q4382,A14
Q4383,A14
Q4384,A17
Q4385,A9
Q4386,A0
Q4387,A0
Q4388,A11
Q4389,A13
Q4390,A16
Q4391,A15
Q4392,A14
Q4393,A13
Q4394,A12
Q4395,A10
Q4396,A16
Q4397,A15
Q4398,A15
Q4399,A0
Q4400,A15
Q4401,A12
Q4402,A7
Q4403,A11
Q4404,A12
Q4405,A15
Q4406,A13
Q4407,A15
Q4408,A8
Q4409,A11
Q4410,A12
Q4411,A15
Q4412,A12
Q4413,A0
Q4414,A0
Q4415,A0
Q4416,A11
Q4417,A11
Q4418,A9
Q4419,A5
Q4420,A13
Q4421,A0
Q4422,A0
Q4423,A0
Q4424,A15
Q4425,A16
Q4426,A13
Q4427,A14
Q4428,A15
Q4429,A12
Q4430,A17
Q4431,A9
Q4432,A11
Q4433,A14
Q4434,A11
Q4435,A15
Q4436,A16
Q4437,A13
Q4438,A16
Q4439,A6
Q4440,A15
Q4441,A16
Q4442,A15
Q4443,A0
Q4444,A0
Q4445,A9
Q4446,A14
Q4447,A16
Q4448,A11
Q4449,A11
Q4450,A14
Q4451,A11
Q4452,A14
Q4453,A15
Q4454,A9
Q4455,A14
Q4456,A15
Q4457,A15
Q4458,A14
Q4459,A16
Q4460,A0
Q4461,A12
Q4462,A14
Q4463,A15
Q4464,A15
Q4465,A14
Q4466,A0
Q4467,A15
Q4468,A15
Q4469,A14
Q4470,A9
Q4471,A13
Q4472,A15
Q4473,A8
Q4474,A12
Q4475,A17
Q4476,A0
Q4477,A12
Q4478,A9
Q4479,A11
Q4480,A14
Q4481,A8
Q4482,A14
Q4483,A15
Q4484,A12
Q4485,A15
Q4486,A6
Q4487,A13
Q4488,A1
Q4489,A0
Q4490,A14
Q4491,A16
Q4492,A15
Q4493,A15
Q4494,A15
Q4495,A14
Q4496,A3
Q4497,A13
Q4498,A12
Q4499,A14
Q4500,A14
Q4501,A14
Q4502,A16
Q4503,A15
Q4504,A15
Q4505,A11
Q4506,A16
Q4507,A12
Q4508,A14
Q4509,A0
Q4510,A12
Q4511,A15
Q4512,A14
Q4513,A17
Q4514,A9
Q4515,A15
Q4516,A12
Q4517,A15
Q4518,A12
Q4519,A12
Q4520,A9
Q4521,A13
Q4522,A0
Q4523,A16
Q4524,A12
Q4525,A11
Q4526,A12
Q4527,A14
Q4528,A10
Q4529,A9
Q4530,A15
Q4531,A15
Q4532,A10
Q4533,A8
Q4534,A14
Q4535,A13
Q4536,A12
Q4537,A10
Q4538,A14
Q4539,A0
Q4540,A15
Q4541,A12
Q4542,A13
Q4543,A7
Q4544,A14
Q4545,A14
Q4546,A13
Q4547,A7
Q4548,A13
Q4549,A6
Q4550,A16
Q4551,A14
Q4552,A0
Q4553,A9
Q4554,A15
Q4555,A11
Q4556,A12
Q4557,A8
Q4558,A16
Q4559,A15
Q4560,A9
Q4561,A15
Q4562,A13
Q4563,A12
Q4564,A15
Q4565,A16
Q4566,A16
Q4567,A14
Q4568,A14
Q4569,A16
Q4570,A13
Q4571,A12
Q4572,A15
Q4573,A0
Q4574,A13
Q4575,A13
Q4576,A12
Q4577,A0
Q4578,A14
Q4579,A0
Q4580,A14
Q4581,A9
Q4582,A12
Q4583,A11
Q4584,A14
Q4585,A13
Q4586,A13
Q4587,A0
Q4588,A14
Q4589,A10
Q4590,A11
Q4591,A8
Q4592,A9
Q4593,A0
Q4594,A12
Q4595,A15
Q4596,A15
Q4597,A16
Q4598,A14
Q4599,A0
Q4600,A14
Q4601,A12
Q4602,A15
Q4603,A16
Q4604,A0
Q4605,A11
Q4606,A14
Q4607,A15
Q4608,A14
Q4609,A14
Q4610,A15
Q4611,A15
Q4612,A16
Q4613,A9
Q4614,A9
Q4615,A15
Q4616,A15
Q4617,A6
Q4618,A13
Q4619,A11
Q4620,A0
Q4621,A12
Q4622,A15
Q4623,A15
Q4624,A16
Q4625,A13
Q4626,A13
Q4627,A9
Q4628,A13
Q4629,A10
Q4630,A16
Q4631,A6
Q4632,A13
Q4633,A12
Q4634,A15
Q4635,A14
Q4636,A12
Q4637,A16
Q4638,A9
Q4639,A13
Q4640,A10
Q4641,A15
Q4642,A12
Q4643,A11
Q4644,A0
Q4645,A12
Q4646,A13
Q4647,A11
Q4648,A10
Q4649,A10
Q4650,A14
Q4651,A0
Q4652,A15
Q4653,A16
Q4654,A14
Q4655,A15
Q4656,A15
Q4657,A16
Q4658,A13
Q4659,A16
Q4660,A11
Q4661,A13
Q4662,A15
Q4663,A15
Q4664,A16
Q4665,A7
Q4666,A14
Q4667,A15
Q4668,A15
Q4669,A3
Q4670,A16
Q4671,A13
Q4672,A13
Q4673,A13
Q4674,A15
Q4675,A0
Q4676,A14
Q4677,A16
Q4678,A16
Q4679,A13
Q4680,A15
Q4681,A17
Q4682,A13
Q4683,A14
Q4684,A14
Q4685,A13
Q4686,A13
Q4687,A15
Q4688,A14
Q4689,A14
Q4690,A14
Q4691,A0
Q4692,A15
Q4693,A0
Q4694,A0
Q4695,A11
Q4696,A7
Q4697,A15
Q4698,A14
Q4699,A11
Q4700,A14
Q4701,A12
Q4702,A15
Q4703,A13
Q4704,A13
Q4705,A7
Q4706,A13
Q4707,A11
Q4708,A9
Q4709,A6
Q4710,A14
Q4711,A0
Q4712,A11
Q4713,A0
Q4714,A12
Q4715,A0
Q4716,A12
Q4717,A5
Q4718,A11
Q4719,A16
Q4720,A0
Q4721,A14
Q4722,A13
Q4723,A8
Q4724,A0
Q4725,A15
Q4726,A11
Q4727,A15
Q4728,A12
Q4729,A16
Q4730,A0
Q4731,A0
Q4732,A7
Q4733,A8
Q4734,A0
Q4735,A13
Q4736,A15
Q4737,A16
Q4738,A14
Q4739,A12
Q4740,A11
Q4741,A5
Q4742,A0
Q4743,A12
Q4744,A13
Q4745,A15
Q4746,A14
Q4747,A9
Q4748,A14
Q4749,A3
Q4750,A0
Q4751,A7
Q4752,A15
Q4753,A11
Q4754,A10
Q4755,A0
Q4756,A15
Q4757,A13
Q4758,A15
Q4759,A7
Q4760,A13
Q4761,A11
Q4762,A13
Q4763,A8
Q4764,A14
Q4765,A13
Q4766,A0
Q4767,A15
Q4768,A0
Q4769,A14
Q4770,A13
Q4771,A10
Q4772,A14
Q4773,A11
Q4774,A5
Q4775,A0
Q4776,A10
Q4777,A14
Q4778,A16
Q4779,A9
Q4780,A10
Q4781,A9
Q4782,A14
Q4783,A13
Q4784,A7
Q4785,A14
Q4786,A10
Q4787,A15
Q4788,A11
Q4789,A15
Q4790,A0
Q4791,A13
Q4792,A15
Q4793,A15
Q4794,A14
Q4795,A14
Q4796,A11
Q4797,A10
Q4798,A0
Q4799,A0
Q4800,A10
Q4801,A15
Q4802,A11
Q4803,A8
Q4804,A12
Q4805,A15
Q4806,A0
Q4807,A14
Q4808,A13
Q4809,A0
Q4810,A10
Q4811,A13
Q4812,A14
Q4813,A13
Q4814,A11
Q4815,A17
Q4816,A10
Q4817,A9
Q4818,A13
Q4819,A13
Q4820,A10
Q4821,A5
Q4822,A0
Q4823,A16
Q4824,A14
Q4825,A15
Q4826,A15
Q4827,A7
Q4828,A14
Q4829,A14
Q4830,A10
Q4831,A14
Q4832,A9
Q4833,A17
Q4834,A7
Q4835,A13
Q4836,A11
Q4837,A10
Q4838,A9
Q4839,A14
Q4840,A13
Q4841,A13
Q4842,A11
Q4843,A14
Q4844,A14
Q4845,A14
Q4846,A9
Q4847,A11
Q4848,A15
Q4849,A14
Q4850,A15
Q4851,A0
Q4852,A7
Q4853,A15
Q4854,A15
Q4855,A0
Q4856,A15
Q4857,A12
Q4858,A15
Q4859,A15
Q4860,A0
Q4861,A16
Q4862,A15
Q4863,A10
Q4864,A0
Q4865,A0
Q4866,A6
Q4867,A14
Q4868,A12
Q4869,A12
Q4870,A14
Q4871,A15
Q4872,A15
Q4873,A14
Q4874,A15
Q4875,A3
Q4876,A12
Q4877,A14
Q4878,A13
Q4879,A13
Q4880,A10
Q4881,A13
Q4882,A13
Q4883,A3
Q4884,A9
Q4885,A16
Q4886,A11
Q4887,A12
Q4888,A0
Q4889,A12
Q4890,A12
Q4891,A10
Q4892,A15
Q4893,A10
Q4894,A13
Q4895,A15
Q4896,A0
Q4897,A8
Q4898,A12
Q4899,A14
Q4900,A9
Q4901,A10
Q4902,A0
Q4903,A13
Q4904,A14
Q4905,A12
Q4906,A13
Q4907,A13
Q4908,A14
Q4909,A14
Q4910,A0
Q4911,A15
Q4912,A14
Q4913,A15
Q4914,A10
Q4915,A16
Q4916,A15
Q4917,A11
Q4918,A14
Q4919,A15
Q4920,A16
Q4921,A14
Q4922,A16
Q4923,A0
Q4924,A0
Q4925,A7
Q4926,A6
Q4927,A13
Q4928,A10
Q4929,A15
Q4930,A12
Q4931,A15
Q4932,A5
Q4933,A6
Q4934,A16
Q4935,A16
Q4936,A7
Q4937,A17
Q4938,A0
Q4939,A11
Q4940,A11
Q4941,A14
Q4942,A11
Q4943,A13
Q4944,A15
Q4945,A16
Q4946,A9
Q4947,A6
Q4948,A15
Q4949,A7
Q4950,A13
Q4951,A0
Q4952,A14
Q4953,A11
Q4954,A8
Q4955,A12
Q4956,A14
Q4957,A11
Q4958,A15
Q4959,A15
Q4960,A0
Q4961,A0
Q4962,A15
Q4963,A0
Q4964,A15
Q4965,A11
Q4966,A14
Q4967,A13
Q4968,A16
Q4969,A13
Q4970,A10
Q4971,A15
Q4972,A16
Q4973,A15
Q4974,A11
Q4975,A12
Q4976,A16
Q4977,A10
Q4978,A15
Q4979,A12
Q4980,A0
Q4981,A15
Q4982,A13
Q4983,A15
Q4984,A8
Q4985,A15
Q4986,A14
Q4987,A14
Q4988,A0
Q4989,A14
Q4990,A15
Q4991,A0
Q4992,A15
Q4993,A0
Q4994,A13
Q4995,A15
Q4996,A8
Q4997,A0
Q4998,A12
Q4999,A13
Q5000,A9
Q5001,A15
Q5002,A14
Q5003,A11
Q5004,A12
Q5005,A15
Q5006,A0
Q5007,A14
Q5008,A8
Q5009,A15
Q5010,A0
Q5011,A0
Q5012,A13
Q5013,A13
Q5014,A14
Q5015,A15
Q5016,A16
Q5017,A0
Q5018,A16
Q5019,A12
Q5020,A0
Q5021,A2
Q5022,A10
Q5023,A9
Q5024,A11
Q5025,A7
Q5026,A0
Q5027,A13
Q5028,A15
Q5029,A6
Q5030,A12
Q5031,A12
Q5032,A10
Q5033,A16
Q5034,A2
Q5035,A11
Q5036,A13
Q5037,A11
Q5038,A16
Q5039,A12
Q5040,A10
Q5041,A0
Q5042,A14
Q5043,A9
Q5044,A16
Q5045,A14
Q5046,A10
Q5047,A7
Q5048,A15
Q5049,A13
Q5050,A15
Q5051,A13
Q5052,A14
Q5053,A9
Q5054,A9
Q5055,A14
Q5056,A15
Q5057,A15
Q5058,A11
Q5059,A10
Q5060,A14
Q5061,A9
Q5062,A12
Q5063,A10
Q5064,A11
Q5065,A6
Q5066,A10
Q5067,A13
Q5068,A14
Q5069,A8
Q5070,A13
Q5071,A15
Q5072,A15
Q5073,A11
Q5074,A16
Q5075,A15
Q5076,A9
Q5077,A0
Q5078,A16
Q5079,A0
Q5080,A15
Q5081,A12
Q5082,A15
Q5083,A16
Q5084,A14
Q5085,A6
Q5086,A0
Q5087,A13
Q5088,A10
Q5089,A15
Q5090,A10
Q5091,A10
Q5092,A13
Q5093,A15
Q5094,A10
Q5095,A14
Q5096,A13
Q5097,A13
Q5098,A0
Q5099,A13
Q5100,A12
Q5101,A15
Q5102,A10
Q5103,A11
Q5104,A15
Q5105,A16
Q5106,A11
Q5107,A15
Q5108,A12
Q5109,A16
Q5110,A0
Q5111,A15
Q5112,A15
Q5113,A14
Q5114,A9
Q5115,A9
Q5116,A14
Q5117,A13
Q5118,A0
Q5119,A12
Q5120,A10
Q5121,A15
Q5122,A12
Q5123,A16
Q5124,A15
Q5125,A13
Q5126,A12
Q5127,A13
Q5128,A15
Q5129,A12
Q5130,A14
Q5131,A9
Q5132,A0
Q5133,A15
Q5134,A10
Q5135,A0
Q5136,A13
Q5137,A12
Q5138,A12
Q5139,A14
Q5140,A16
Q5141,A9
Q5142,A12
Q5143,A3
Q5144,A11
Q5145,A12
Q5146,A16
Q5147,A15
Q5148,A12
Q5149,A16
Q5150,A16
Q5151,A9
Q5152,A16
Q5153,A13
Q5154,A12
Q5155,A12
Q5156,A14
Q5157,A10
Q5158,A16
Q5159,A14
Q5160,A12
Q5161,A10
Q5162,A0
Q5163,A14
Q5164,A12
Q5165,A7
Q5166,A9
Q5167,A15
Q5168,A12
Q5169,A13
Q5170,A14
Q5171,A11
Q5172,A9
Q5173,A8
Q5174,A10
Q5175,A15
Q5176,A17
Q5177,A16
Q5178,A10
Q5179,A15
Q5180,A13
Q5181,A14
Q5182,A3
Q5183,A15
Q5184,A10
Q5185,A12
Q5186,A13
Q5187,A12
Q5188,A13
Q5189,A10
Q5190,A9
Q5191,A11
Q5192,A0
Q5193,A6
Q5194,A0
Q5195,A11
Q5196,A17
Q5197,A16
Q5198,A8
Q5199,A15
Q5200,A15
Q5201,A13
Q5202,A17
Q5203,A15
Q5204,A12
Q5205,A11
Q5206,A8
Q5207,A14
Q5208,A13
Q5209,A7
Q5210,A13
Q5211,A15
Q5212,A12
Q5213,A15
Q5214,A16
Q5215,A0
Q5216,A0
Q5217,A16
Q5218,A14
Q5219,A8
Q5220,A0
Q5221,A14
Q5222,A14
Q5223,A15
Q5224,A12
Q5225,A12
Q5226,A8
Q5227,A11
Q5228,A12
Q5229,A12
Q5230,A12
Q5231,A6
Q5232,A16
Q5233,A12
Q5234,A0
Q5235,A11
Q5236,A13
Q5237,A12
Q5238,A14
Q5239,A11
Q5240,A0
Q5241,A9
Q5242,A14
Q5243,A13
Q5244,A14
Q5245,A8
Q5246,A14
Q5247,A5
Q5248,A13
Q5249,A9
Q5250,A17
Q5251,A10
Q5252,A0
Q5253,A0
Q5254,A0
Q5255,A13
Q5256,A0
Q5257,A12
Q5258,A0
Q5259,A9
Q5260,A0
Q5261,A12
Q5262,A9
Q5263,A16
Q5264,A16
Q5265,A15
Q5266,A14
Q5267,A12
Q5268,A11
Q5269,A11
Q5270,A10
Q5271,A11
Q5272,A14
Q5273,A0
Q5274,A13
Q5275,A8
Q5276,A16
Q5277,A15
Q5278,A15
Q5279,A13
Q5280,A12
Q5281,A14
Q5282,A16
Q5283,A16
Q5284,A9
Q5285,A12
Q5286,A12
Q5287,A10
Q5288,A13
Q5289,A13
Q5290,A14
Q5291,A13
Q5292,A15
Q5293,A16
Q5294,A10
Q5295,A11
Q5296,A14
Q5297,A15
Q5298,A12
Q5299,A16
Q5300,A13
Q5301,A9
Q5302,A12
Q5303,A15
Q5304,A12
Q5305,A14
Q5306,A15
Q5307,A12
Q5308,A15
Q5309,A17
Q5310,A11
Q5311,A15
Q5312,A16
Q5313,A14
Q5314,A0
Q5315,A0
Q5316,A13
Q5317,A0
Q5318,A13
Q5319,A14
Q5320,A12
Q5321,A13
Q5322,A11
Q5323,A8
Q5324,A12
Q5325,A14
Q5326,A10
Q5327,A16
Q5328,A14
Q5329,A0
Q5330,A0
Q5331,A12
Q5332,A12
Q5333,A10
Q5334,A12
Q5335,A8
Q5336,A7
Q5337,A9
Q5338,A15
Q5339,A9
Q5340,A13
Q5341,A14
Q5342,A17
Q5343,A9
Q5344,A15
Q5345,A13
Q5346,A15
Q5347,A16
Q5348,A12
Q5349,A16
Q5350,A7
Q5351,A11
Q5352,A7
Q5353,A13
Q5354,A14
Q5355,A10
Q5356,A15
Q5357,A15
Q5358,A7
Q5359,A14
Q5360,A15
Q5361,A9
Q5362,A8
Q5363,A11
Q5364,A11
Q5365,A15
Q5366,A9
Q5367,A16
Q5368,A15
Q5369,A12
Q5370,A13
Q5371,A14
Q5372,A12
Q5373,A14
Q5374,A15
Q5375,A14
Q5376,A12
Q5377,A13
Q5378,A16
Q5379,A11
Q5380,A17
Q5381,A13
Q5382,A0
Q5383,A16
Q5384,A15
Q5385,A0
Q5386,A15
Q5387,A12
Q5388,A10
Q5389,A16
Q5390,A9
Q5391,A15
Q5392,A6
Q5393,A11
Q5394,A11
Q5395,A13
Q5396,A12
Q5397,A13
Q5398,A14
Q5399,A15
Q5400,A0
Q5401,A10
Q5402,A15
Q5403,A11
Q5404,A15
Q5405,A15
Q5406,A15
Q5407,A7
Q5408,A5
Q5409,A12
Q5410,A12
Q5411,A14
Q5412,A16
Q5413,A13
Q5414,A13
Q5415,A16
Q5416,A16
Q5417,A15
Q5418,A15
Q5419,A14
Q5420,A12
Q5421,A13
Q5422,A2
Q5423,A16
Q5424,A13
Q5425,A17
Q5426,A11
Q5427,A10
Q5428,A10
Q5429,A11
Q5430,A12
Q5431,A16
Q5432,A11
Q5433,A9
Q5434,A14
Q5435,A14
Q5436,A16
Q5437,A14
Q5438,A17
Q5439,A0
Q5440,A10
Q5441,A0
Q5442,A9
Q5443,A14
Q5444,A14
Q5445,A10
Q5446,A15
Q5447,A16
Q5448,A6
Q5449,A0
Q5450,A15
Q5451,A6
Q5452,A15
Q5453,A15
Q5454,A9
Q5455,A12
Q5456,A10
Q5457,A12
Q5458,A11
Q5459,A15
Q5460,A7
Q5461,A5
Q5462,A13
Q5463,A8
Q5464,A16
Q5465,A12
Q5466,A10
Q5467,A11
Q5468,A14
Q5469,A15
Q5470,A14
Q5471,A15
Q5472,A15
Q5473,A16
Q5474,A10
Q5475,A7
Q5476,A14
Q5477,A3
Q5478,A16
Q5479,A14
Q5480,A14
Q5481,A9
Q5482,A0
Q5483,A10
Q5484,A17
Q5485,A12
Q5486,A15
Q5487,A13
Q5488,A14
Q5489,A12
Q5490,A15
Q5491,A9
Q5492,A16
Q5493,A9
Q5494,A6
Q5495,A12
Q5496,A14
Q5497,A14
Q5498,A14
Q5499,A11
Q5500,A10
Q5501,A13
Q5502,A14
Q5503,A15
Q5504,A16
Q5505,A12
Q5506,A6
Q5507,A12
Q5508,A0
Q5509,A15
Q5510,A15
Q5511,A0
Q5512,A13
Q5513,A0
Q5514,A13
Q5515,A9
Q5516,A0
Q5517,A16
Q5518,A16
Q5519,A0
Q5520,A9
Q5521,A11
Q5522,A11
Q5523,A12
Q5524,A0
Q5525,A9
Q5526,A6
Q5527,A13
Q5528,A15
Q5529,A14
Q5530,A14
Q5531,A13
Q5532,A16
Q5533,A16
Q5534,A7
Q5535,A15
Q5536,A13
Q5537,A15
Q5538,A15
Q5539,A16
Q5540,A13
Q5541,A14
Q5542,A8
Q5543,A17
Q5544,A14
Q5545,A8
Q5546,A14
Q5547,A14
Q5548,A14
Q5549,A15
Q5550,A14
Q5551,A13
Q5552,A15
Q5553,A0
Q5554,A7
Q5555,A14
Q5556,A12
Q5557,A8
Q5558,A13
Q5559,A14
Q5560,A13
Q5561,A0
Q5562,A13
Q5563,A12
Q5564,A15
Q5565,A10
Q5566,A15
Q5567,A6
Q5568,A15
Q5569,A9
Q5570,A0
Q5571,A14
Q5572,A16
Q5573,A13
Q5574,A14
Q5575,A11
Q5576,A10
Q5577,A9
Q5578,A11
Q5579,A9
Q5580,A10
Q5581,A13
Q5582,A14
Q5583,A0
Q5584,A9
Q5585,A14
Q5586,A14
Q5587,A8
Q5588,A13
Q5589,A15
Q5590,A0
Q5591,A16
Q5592,A11
Q5593,A16
Q5594,A15
Q5595,A0
Q5596,A16
Q5597,A15
Q5598,A13
Q5599,A15
Q5600,A13
Q5601,A10
Q5602,A12
Q5603,A0
Q5604,A15
Q5605,A14
Q5606,A12
Q5607,A0
Q5608,A13
Q5609,A0
Q5610,A12
Q5611,A8
Q5612,A3
Q5613,A12
Q5614,A5
Q5615,A14
Q5616,A12
Q5617,A14
Q5618,A15
Q5619,A11
Q5620,A12
Q5621,A14
Q5622,A13
Q5623,A9
Q5624,A0
Q5625,A11
Q5626,A16
Q5627,A12
Q5628,A15
Q5629,A12
Q5630,A15
Q5631,A16
Q5632,A13
Q5633,A15
Q5634,A13
Q5635,A3
Q5636,A11
Q5637,A9
Q5638,A15
Q5639,A13
Q5640,A12
Q5641,A13
Q5642,A15
Q5643,A0
Q5644,A14
Q5645,A12
Q5646,A13
Q5647,A13
Q5648,A13
Q5649,A8
Q5650,A13
Q5651,A13
Q5652,A14
Q5653,A10
Q5654,A13
Q5655,A16
Q5656,A16
Q5657,A15
Q5658,A14
Q5659,A14
Q5660,A15
Q5661,A2
Q5662,A14
Q5663,A13
Q5664,A15
Q5665,A15
Q5666,A0
Q5667,A0
Q5668,A0
Q5669,A15
Q5670,A14
Q5671,A11
Q5672,A12
Q5673,A13
Q5674,A7
Q5675,A14
Q5676,A15
Q5677,A15
Q5678,A9
Q5679,A10
Q5680,A14
Q5681,A0
Q5682,A11
Q5683,A13
Q5684,A16
Q5685,A10
Q5686,A14
Q5687,A16
Q5688,A15
Q5689,A13
Q5690,A15
Q5691,A10
Q5692,A10
Q5693,A10
Q5694,A13
Q5695,A12
Q5696,A10
Q5697,A0
Q5698,A13
Q5699,A9
Q5700,A12
Q5701,A11
Q5702,A15
Q5703,A9
Q5704,A0
Q5705,A0
Q5706,A15
Q5707,A14
Q5708,A0
Q5709,A3
Q5710,A13
Q5711,A10
Q5712,A7
Q5713,A15
Q5714,A14
Q5715,A15
Q5716,A9
Q5717,A15
Q5718,A10
Q5719,A15
Q5720,A7
Q5721,A0
Q5722,A15
Q5723,A15
Q5724,A12
Q5725,A10
Q5726,A10
Q5727,A13
Q5728,A15
Q5729,A14
Q5730,A16
Q5731,A12
Q5732,A10
Q5733,A15
Q5734,A0
Q5735,A11
Q5736,A0
Q5737,A15
Q5738,A15
Q5739,A12
Q5740,A10
Q5741,A7
Q5742,A14
Q5743,A16
Q5744,A0
Q5745,A12
Q5746,A13
Q5747,A13
Q5748,A7
Q5749,A9
Q5750,A13
Q5751,A14
Q5752,A12
Q5753,A4
Q5754,A13
Q5755,A9
Q5756,A7
Q5757,A10
Q5758,A12
Q5759,A13
Q5760,A9
Q5761,A15
Q5762,A16
Q5763,A11
Q5764,A16
Q5765,A14
Q5766,A13
Q5767,A13
Q5768,A5
Q5769,A3
Q5770,A0
Q5771,A15
Q5772,A0
Q5773,A15
Q5774,A14
Q5775,A15
Q5776,A15
Q5777,A7
Q5778,A13
Q5779,A15
Q5780,A16
Q5781,A15
Q5782,A12
Q5783,A16
Q5784,A12
Q5785,A0
Q5786,A16
Q5787,A16
Q5788,A9
Q5789,A9
Q5790,A8
Q5791,A0
Q5792,A10
Q5793,A15
Q5794,A14
Q5795,A16
Q5796,A10
Q5797,A14
Q5798,A8
Q5799,A15
Q5800,A16
Q5801,A10
Q5802,A11
Q5803,A7
Q5804,A9
Q5805,A15
Q5806,A14
Q5807,A0
Q5808,A12
Q5809,A16
Q5810,A13
Q5811,A0
Q5812,A14
Q5813,A15
Q5814,A0
Q5815,A14
Q5816,A13
Q5817,A6
Q5818,A12
Q5819,A13
Q5820,A7
Q5821,A15
Q5822,A0
Q5823,A15
Q5824,A10
Q5825,A12
Q5826,A0
Q5827,A14
Q5828,A14
Q5829,A14
Q5830,A0
Q5831,A15
Q5832,A14
Q5833,A13
Q5834,A13
Q5835,A13
Q5836,A14
Q5837,A9
Q5838,A11
Q5839,A14
Q5840,A14
Q5841,A14
Q5842,A12
Q5843,A12
Q5844,A12
Q5845,A15
Q5846,A13
Q5847,A6
Q5848,A10
Q5849,A14
Q5850,A15
Q5851,A16
Q5852,A16
Q5853,A15
Q5854,A0
Q5855,A10
Q5856,A16
Q5857,A16
Q5858,A15
Q5859,A12
Q5860,A8
Q5861,A9
Q5862,A0
Q5863,A10
Q5864,A14
Q5865,A8
Q5866,A13
Q5867,A13
Q5868,A15
Q5869,A7
Q5870,A0
Q5871,A12
Q5872,A7
Q5873,A14
Q5874,A8
Q5875,A9
Q5876,A13
Q5877,A7
Q5878,A15
Q5879,A14
Q5880,A14
Q5881,A12
Q5882,A16
Q5883,A10
Q5884,A0
Q5885,A11
Q5886,A14
Q5887,A16
Q5888,A16
Q5889,A15
Q5890,A15
Q5891,A8
Q5892,A15
Q5893,A12
Q5894,A12
Q5895,A6
Q5896,A15
Q5897,A12
Q5898,A15
Q5899,A0
Q5900,A0
Q5901,A7
Q5902,A13
Q5903,A14
Q5904,A9
Q5905,A9
Q5906,A15
Q5907,A12
Q5908,A0
Q5909,A15
Q5910,A13
Q5911,A12
Q5912,A11
Q5913,A3
Q5914,A6
Q5915,A0
Q5916,A14
Q5917,A8
Q5918,A14
Q5919,A11
Q5920,A16
Q5921,A9
Q5922,A11
Q5923,A14
Q5924,A15
Q5925,A8
Q5926,A8
Q5927,A14
Q5928,A13
Q5929,A15
Q5930,A15
Q5931,A9
Q5932,A14
Q5933,A10
Q5934,A11
Q5935,A15
Q5936,A13
Q5937,A14
Q5938,A14
Q5939,A14
Q5940,A14
Q5941,A14
Q5942,A12
Q5943,A15
Q5944,A11
Q5945,A15
Q5946,A10
Q5947,A15
Q5948,A13
Q5949,A7
Q5950,A15
Q5951,A11
Q5952,A11
Q5953,A15
Q5954,A16
Q5955,A6
Q5956,A15
Q5957,A6
Q5958,A0
Q5959,A9
Q5960,A0
Q5961,A14
Q5962,A14
Q5963,A14
Q5964,A0
Q5965,A12
Q5966,A14
Q5967,A15
Q5968,A12
Q5969,A10
Q5970,A0
Q5971,A9
Q5972,A16
Q5973,A14
Q5974,A0
Q5975,A13
Q5976,A16
Q5977,A16
Q5978,A16
Q5979,A16
Q5980,A13
Q5981,A12
Q5982,A13
Q5983,A12
Q5984,A12
Q5985,A0
Q5986,A14
Q5987,A13
Q5988,A14
Q5989,A0
Q5990,A14
Q5991,A14
Q5992,A13
Q5993,A12
Q5994,A13
Q5995,A11
Q5996,A15
Q5997,A14
Q5998,A14
Q5999,A13
Q6000,A10
Q6001,A14
Q6002,A14
Q6003,A14
Q6004,A11
Q6005,A11
Q6006,A14
Q6007,A13
Q6008,A13
Q6009,A14
Q6010,A0
Q6011,A12
Q6012,A17
Q6013,A10
Q6014,A14
Q6015,A15
Q6016,A0
Q6017,A15
Q6018,A8
Q6019,A14
Q6020,A7
Q6021,A9
Q6022,A15
Q6023,A12
Q6024,A10
Q6025,A11
Q6026,A11
Q6027,A11
Q6028,A13
Q6029,A9
Q6030,A9
Q6031,A9
Q6032,A11
Q6033,A14
Q6034,A14
Q6035,A11
Q6036,A10
Q6037,A14
Q6038,A0
Q6039,A5
Q6040,A12
Q6041,A16
Q6042,A15
Q6043,A16
Q6044,A11
Q6045,A12
Q6046,A13
Q6047,A14
Q6048,A13
Q6049,A12
Q6050,A11
Q6051,A13
Q6052,A15
Q6053,A14
Q6054,A12
Q6055,A12
Q6056,A0
Q6057,A0
Q6058,A10
Q6059,A10
Q6060,A14
Q6061,A16
Q6062,A13
Q6063,A9
Q6064,A6
Q6065,A0
Q6066,A15
Q6067,A15
Q6068,A15
Q6069,A11
Q6070,A15
Q6071,A14
Q6072,A9
Q6073,A12
Q6074,A0
Q6075,A15
Q6076,A16
Q6077,A14
Q6078,A14
Q6079,A16
Q6080,A0
Q6081,A16
Q6082,A16
Q6083,A15
Q6084,A13
Q6085,A15
Q6086,A7
Q6087,A9
Q6088,A13
Q6089,A16
Q6090,A14
Q6091,A15
Q6092,A9
Q6093,A13
Q6094,A15
Q6095,A11
Q6096,A8
Q6097,A15
Q6098,A14
Q6099,A16
Q6100,A15
Q6101,A15
Q6102,A16
Q6103,A15
Q6104,A13
Q6105,A11
Q6106,A12
Q6107,A14
Q6108,A15
Q6109,A11
Q6110,A14
Q6111,A9
Q6112,A13
Q6113,A13
Q6114,A11
Q6115,A14
Q6116,A9
Q6117,A11
Q6118,A15
Q6119,A10
Q6120,A15
Q6121,A12
Q6122,A11
Q6123,A15
Q6124,A8
Q6125,A12
Q6126,A14
Q6127,A15
Q6128,A12
Q6129,A15
Q6130,A11
Q6131,A11
Q6132,A13
Q6133,A13
Q6134,A10
Q6135,A12
Q6136,A6
Q6137,A16
Q6138,A14
Q6139,A11
Q6140,A0
Q6141,A11
Q6142,A10
Q6143,A14
Q6144,A11
Q6145,A0
Q6146,A13
Q6147,A12
Q6148,A12
Q6149,A9
Q6150,A16
Q6151,A14
Q6152,A0
Q6153,A17
Q6154,A16
Q6155,A10
Q6156,A14
Q6157,A15
Q6158,A15
Q6159,A7
Q6160,A14
Q6161,A15
Q6162,A15
Q6163,A15
Q6164,A13
Q6165,A11
Q6166,A14
Q6167,A12
Q6168,A11
Q6169,A14
Q6170,A0
Q6171,A12
Q6172,A11
Q6173,A14
Q6174,A15
Q6175,A15
Q6176,A12
Q6177,A14
Q6178,A7
Q6179,A12
Q6180,A15
Q6181,A11
Q6182,A10
Q6183,A12
Q6184,A0
Q6185,A11
Q6186,A12
Q6187,A16
Q6188,A0
Q6189,A15
Q6190,A11
Q6191,A14
Q6192,A0
Q6193,A13
Q6194,A15
Q6195,A13
Q6196,A15
Q6197,A14
Q6198,A6
Q6199,A11
Q6200,A13
Q6201,A10
Q6202,A12
Q6203,A0
Q6204,A15
Q6205,A9
Q6206,A12
Q6207,A10
Q6208,A12
Q6209,A0
Q6210,A14
Q6211,A10
Q6212,A12
Q6213,A10
Q6214,A10
Q6215,A14
Q6216,A13
Q6217,A15
Q6218,A15
Q6219,A13
Q6220,A15
Q6221,A7
Q6222,A13
Q6223,A0
Q6224,A9
Q6225,A15
Q6226,A9
Q6227,A15
Q6228,A10
Q6229,A15
Q6230,A13
Q6231,A10
Q6232,A3
Q6233,A15
Q6234,A0
Q6235,A14
Q6236,A9
Q6237,A7
Q6238,A14
Q6239,A13
Q6240,A14
Q6241,A14
Q6242,A12
Q6243,A16
Q6244,A11
Q6245,A12
Q6246,A0
Q6247,A15
Q6248,A12
Q6249,A13
Q6250,A15
Q6251,A11
Q6252,A15
Q6253,A16
Q6254,A11
Q6255,A15
Q6256,A12
Q6257,A13
Q6258,A7
Q6259,A0
Q6260,A13
Q6261,A14
Q6262,A15
Q6263,A13
Q6264,A8
Q6265,A15
Q6266,A15
Q6267,A15
Q6268,A10
Q6269,A13
Q6270,A12
Q6271,A11
Q6272,A14
Q6273,A9
Q6274,A12
Q6275,A14
Q6276,A0
Q6277,A12
Q6278,A13
Q6279,A12
Q6280,A11
Q6281,A14
Q6282,A13
Q6283,A13
Q6284,A7
Q6285,A15
Q6286,A12
Q6287,A16
Q6288,A0
Q6289,A8
Q6290,A0
Q6291,A8
Q6292,A11
Q6293,A16
Q6294,A15
Q6295,A11
Q6296,A14
Q6297,A0
Q6298,A15
Q6299,A13
Q6300,A16
Q6301,A0
Q6302,A12
Q6303,A15
Q6304,A15
Q6305,A10
Q6306,A14
Q6307,A14
Q6308,A15
Q6309,A12
Q6310,A0
Q6311,A15
Q6312,A11
Q6313,A15
Q6314,A12
Q6315,A0
Q6316,A12
Q6317,A12
Q6318,A0
Q6319,A12
Q6320,A0
Q6321,A0
Q6322,A13
Q6323,A15
Q6324,A3
Q6325,A0
Q6326,A15
Q6327,A17
Q6328,A16
Q6329,A16
Q6330,A14
Q6331,A3
Q6332,A11
Q6333,A14
Q6334,A15
Q6335,A13
Q6336,A9
Q6337,A15
Q6338,A10
Q6339,A14
Q6340,A14
Q6341,A12
Q6342,A10
Q6343,A13
Q6344,A13
Q6345,A16
Q6346,A15
Q6347,A9
Q6348,A0
Q6349,A13
Q6350,A14
Q6351,A16
Q6352,A8
Q6353,A12
Q6354,A13
Q6355,A13
Q6356,A14
Q6357,A0
Q6358,A15
Q6359,A11
Q6360,A15
Q6361,A12
Q6362,A11
Q6363,A13
Q6364,A13
Q6365,A16
Q6366,A14
Q6367,A14
Q6368,A6
Q6369,A15
Q6370,A16
Q6371,A13
Q6372,A14
Q6373,A17
Q6374,A12
Q6375,A10
Q6376,A13
Q6377,A13
Q6378,A15
Q6379,A15
Q6380,A11
Q6381,A14
Q6382,A8
Q6383,A0
Q6384,A10
Q6385,A14
Q6386,A10
Q6387,A14
Q6388,A11
Q6389,A13
Q6390,A10
Q6391,A17
Q6392,A14
Q6393,A8
Q6394,A7
Q6395,A0
Q6396,A14
Q6397,A13
Q6398,A12
Q6399,A12
Q6400,A14
Q6401,A6
Q6402,A15
Q6403,A13
Q6404,A14
Q6405,A15
Q6406,A12
Q6407,A2
Q6408,A6
Q6409,A14
Q6410,A15
Q6411,A17
Q6412,A0
Q6413,A9
Q6414,A15
Q6415,A13
Q6416,A6
Q6417,A11
Q6418,A15
Q6419,A12
Q6420,A7
Q6421,A12
Q6422,A13
Q6423,A0
Q6424,A10
Q6425,A15
Q6426,A13
Q6427,A12
Q6428,A12
Q6429,A10
Q6430,A11
Q6431,A14
Q6432,A15
Q6433,A15
Q6434,A11
Q6435,A10
Q6436,A15
Q6437,A13
Q6438,A16
Q6439,A16
Q6440,A15
Q6441,A7
Q6442,A16
Q6443,A13
Q6444,A13
Q6445,A11
Q6446,A15
Q6447,A14
Q6448,A5
Q6449,A0
Q6450,A11
Q6451,A12
Q6452,A12
Q6453,A15
Q6454,A13
Q6455,A11
Q6456,A12
Q6457,A11
Q6458,A12
Q6459,A13
Q6460,A13
Q6461,A15
Q6462,A15
Q6463,A3
Q6464,A11
Q6465,A13
Q6466,A0
Q6467,A14
Q6468,A0
Q6469,A16
Q6470,A14
Q6471,A13
Q6472,A7
Q6473,A9
Q6474,A12
Q6475,A13
Q6476,A12
Q6477,A13
Q6478,A13
Q6479,A14
Q6480,A17
Q6481,A9
Q6482,A16
Q6483,A13
Q6484,A15
Q6485,A15
Q6486,A16
Q6487,A9
Q6488,A13
Q6489,A15
Q6490,A16
Q6491,A12
Q6492,A15
Q6493,A9
Q6494,A11
Q6495,A13
Q6496,A13
Q6497,A13
Q6498,A11
Q6499,A13
Q6500,A12
Q6501,A12
Q6502,A0
Q6503,A16
Q6504,A12
Q6505,A13
Q6506,A13
Q6507,A12
Q6508,A15
Q6509,A0
Q6510,A11
Q6511,A11
Q6512,A9
Q6513,A12
Q6514,A15
Q6515,A8
Q6516,A15
Q6517,A15
Q6518,A10
Q6519,A7
Q6520,A13
Q6521,A0
Q6522,A10
Q6523,A14
Q6524,A12
Q6525,A13
Q6526,A12
Q6527,A11
Q6528,A16
Q6529,A14
Q6530,A15
Q6531,A14
Q6532,A9
Q6533,A10
Q6534,A10
Q6535,A15
Q6536,A14
Q6537,A11
Q6538,A8
Q6539,A14
Q6540,A11
Q6541,A14
Q6542,A12
Q6543,A9
Q6544,A13
Q6545,A12
Q6546,A10
Q6547,A13
Q6548,A10
Q6549,A8
Q6550,A14
Q6551,A15
Q6552,A0
Q6553,A15
Q6554,A13
Q6555,A13
Q6556,A15
Q6557,A13
Q6558,A13
Q6559,A17
Q6560,A13
Q6561,A3
Q6562,A14
Q6563,A0
Q6564,A9
Q6565,A0
Q6566,A15
Q6567,A14
Q6568,A13
Q6569,A6
Q6570,A15
Q6571,A8
Q6572,A0
Q6573,A16
Q6574,A13
Q6575,A0
Q6576,A3
Q6577,A12
Q6578,A13
Q6579,A13
Q6580,A15
Q6581,A16
Q6582,A15
Q6583,A11
Q6584,A0
Q6585,A11
Q6586,A15
Q6587,A15
Q6588,A15
Q6589,A14
Q6590,A9
Q6591,A15
Q6592,A16
Q6593,A5
Q6594,A13
Q6595,A16
Q6596,A5
Q6597,A16
Q6598,A12
Q6599,A16
Q6600,A8
Q6601,A15
Q6602,A10
Q6603,A10
Q6604,A8
Q6605,A14
Q6606,A12
Q6607,A0
Q6608,A16
Q6609,A15
Q6610,A14
Q6611,A15
Q6612,A7
Q6613,A16
Q6614,A15
Q6615,A14
Q6616,A11
Q6617,A16
Q6618,A16
Q6619,A12
Q6620,A13
Q6621,A7
Q6622,A16
Q6623,A16
Q6624,A3
Q6625,A9
Q6626,A10
Q6627,A0
Q6628,A12
Q6629,A12
Q6630,A11
Q6631,A15
Q6632,A0
Q6633,A9
Q6634,A9
Q6635,A12
Q6636,A6
Q6637,A11
Q6638,A14
Q6639,A13
Q6640,A16
Q6641,A15
Q6642,A14
Q6643,A14
Q6644,A16
Q6645,A14
Q6646,A14
Q6647,A13
Q6648,A10
Q6649,A12
Q6650,A0
Q6651,A10
Q6652,A14
Q6653,A9
Q6654,A0
Q6655,A14
Q6656,A9
Q6657,A11
Q6658,A13
Q6659,A15
Q6660,A14
Q6661,A14
Q6662,A0
Q6663,A13
Q6664,A14
Q6665,A11
Q6666,A15
Q6667,A16
Q6668,A7
Q6669,A12
Q6670,A12
Q6671,A15
Q6672,A7
Q6673,A12
Q6674,A10
Q6675,A11
Q6676,A16
Q6677,A14
Q6678,A12
Q6679,A14
Q6680,A15
Q6681,A14
Q6682,A15
Q6683,A6
Q6684,A15
Q6685,A15
Q6686,A10
Q6687,A16
Q6688,A15
Q6689,A12
Q6690,A12
Q6691,A13
Q6692,A14
Q6693,A12
Q6694,A14
Q6695,A15
Q6696,A0
Q6697,A0
Q6698,A7
Q6699,A13
Q6700,A12
Q6701,A15
Q6702,A16
Q6703,A0
Q6704,A0
Q6705,A13
Q6706,A0
Q6707,A12
Q6708,A10
Q6709,A9
Q6710,A15
Q6711,A14
Q6712,A15
Q6713,A15
Q6714,A14
Q6715,A0
Q6716,A0
Q6717,A10
Q6718,A15
Q6719,A16
Q6720,A14
Q6721,A7
Q6722,A14
Q6723,A15
Q6724,A15
Q6725,A9
Q6726,A7
Q6727,A13
Q6728,A13
Q6729,A0
Q6730,A14
Q6731,A0
Q6732,A10
Q6733,A13
Q6734,A15
Q6735,A16
Q6736,A9
Q6737,A15
Q6738,A14
Q6739,A8
Q6740,A16
Q6741,A12
Q6742,A15
Q6743,A15
Q6744,A0
Q6745,A13
Q6746,A14
Q6747,A15
Q6748,A14
Q6749,A14
Q6750,A9
Q6751,A15
Q6752,A0
Q6753,A12
Q6754,A9
Q6755,A9
Q6756,A14
Q6757,A10
Q6758,A12
Q6759,A0
Q6760,A14
Q6761,A11
Q6762,A15
Q6763,A14
Q6764,A11
Q6765,A14
Q6766,A15
Q6767,A10
Q6768,A13
Q6769,A14
Q6770,A0
Q6771,A16
Q6772,A12
Q6773,A11
Q6774,A13
Q6775,A10
Q6776,A12
Q6777,A11
Q6778,A11
Q6779,A13
Q6780,A12
Q6781,A16
Q6782,A13
Q6783,A0
Q6784,A14
Q6785,A7
Q6786,A13
Q6787,A14
Q6788,A16
Q6789,A13
Q6790,A0
Q6791,A8
Q6792,A14
Q6793,A9
Q6794,A14
Q6795,A17
Q6796,A13
Q6797,A12
Q6798,A14
Q6799,A14
Q6800,A13
Q6801,A8
Q6802,A0
Q6803,A10
Q6804,A15
Q6805,A14
Q6806,A15
Q6807,A14
Q6808,A17
Q6809,A12
Q6810,A15
Q6811,A10
Q6812,A15
Q6813,A15
Q6814,A16
Q6815,A7
Q6816,A3
Q6817,A0
Q6818,A0
Q6819,A16
Q6820,A14
Q6821,A15
Q6822,A0
Q6823,A15
Q6824,A14
Q6825,A15
Q6826,A13
Q6827,A14
Q6828,A16
Q6829,A16
Q6830,A13
Q6831,A15
Q6832,A12
Q6833,A12
Q6834,A16
Q6835,A13
Q6836,A9
Q6837,A15
Q6838,A14
Q6839,A16
Q6840,A10
Q6841,A9
Q6842,A12
Q6843,A0
Q6844,A6
Q6845,A15
Q6846,A14
Q6847,A8
Q6848,A8
Q6849,A15
Q6850,A15
Q6851,A9
Q6852,A11
Q6853,A14
Q6854,A9
Q6855,A14
Q6856,A13
Q6857,A14
Q6858,A13
Q6859,A7
Q6860,A11
Q6861,A12
Q6862,A0
Q6863,A14
Q6864,A13
Q6865,A0
Q6866,A15
Q6867,A0
Q6868,A11
Q6869,A14
Q6870,A16
Q6871,A15
Q6872,A15
Q6873,A14
Q6874,A0
Q6875,A16
Q6876,A9
Q6877,A8
Q6878,A0
Q6879,A16
Q6880,A6
Q6881,A11
Q6882,A0
Q6883,A9
Q6884,A11
Q6885,A13
Q6886,A14
Q6887,A10
Q6888,A14
Q6889,A12
Q6890,A0
Q6891,A12
Q6892,A13
Q6893,A14
Q6894,A12
Q6895,A0
Q6896,A16
Q6897,A10
Q6898,A10
Q6899,A9
Q6900,A0
Q6901,A13
Q6902,A17
Q6903,A15
Q6904,A14
Q6905,A9
Q6906,A8
Q6907,A15
Q6908,A15
Q6909,A12
Q6910,A14
Q6911,A15
Q6912,A13
Q6913,A12
Q6914,A15
Q6915,A15
Q6916,A0
Q6917,A16
Q6918,A11
Q6919,A11
Q6920,A15
Q6921,A15
Q6922,A6
Q6923,A10
Q6924,A11
Q6925,A13
Q6926,A5
Q6927,A14
Q6928,A11
Q6929,A11
Q6930,A0
Q6931,A13
Q6932,A12
Q6933,A11
Q6934,A14
Q6935,A9
Q6936,A13
Q6937,A14
Q6938,A0
Q6939,A13
Q6940,A17
Q6941,A13
Q6942,A16
Q6943,A14
Q6944,A14
Q6945,A16
Q6946,A11
Q6947,A13
Q6948,A9
Q6949,A9
Q6950,A15
Q6951,A8
Q6952,A15
Q6953,A5
Q6954,A15
Q6955,A10
Q6956,A15
Q6957,A10
Q6958,A13
Q6959,A13
Q6960,A13
Q6961,A10
Q6962,A17
Q6963,A15
Q6964,A0
Q6965,A12
Q6966,A13
Q6967,A11
Q6968,A15
Q6969,A13
Q6970,A8
Q6971,A15
Q6972,A0
Q6973,A13
Q6974,A13
Q6975,A16
Q6976,A14
Q6977,A0
Q6978,A12
Q6979,A9
Q6980,A15
Q6981,A13
Q6982,A7
Q6983,A14
Q6984,A7
Q6985,A13
Q6986,A15
Q6987,A12
Q6988,A7
Q6989,A16
Q6990,A7
Q6991,A14
Q6992,A14
Q6993,A0
Q6994,A13
Q6995,A15
Q6996,A10
Q6997,A14
Q6998,A13
Q6999,A11
Q7000,A14
Q7001,A15
Q7002,A8
Q7003,A14
Q7004,A15
Q7005,A12
Q7006,A14
Q7007,A12
Q7008,A15
Q7009,A16
Q7010,A13
Q7011,A0
Q7012,A14
Q7013,A13
Q7014,A12
Q7015,A16
Q7016,A15
Q7017,A16
Q7018,A13
Q7019,A15
Q7020,A13
Q7021,A0
Q7022,A7
Q7023,A8
Q7024,A11
Q7025,A17
Q7026,A15
Q7027,A15
Q7028,A14
Q7029,A13
Q7030,A0
Q7031,A15
Q7032,A15
Q7033,A15
Q7034,A15
Q7035,A14
Q7036,A12
Q7037,A9
Q7038,A0
Q7039,A16
Q7040,A16
Q7041,A12
Q7042,A13
Q7043,A12
Q7044,A16
Q7045,A12
Q7046,A16
Q7047,A10
Q7048,A12
Q7049,A16
Q7050,A15
Q7051,A12
Q7052,A15
Q7053,A1
Q7054,A5
Q7055,A13
Q7056,A9
Q7057,A12
Q7058,A14
Q7059,A14
Q7060,A6
Q7061,A9
Q7062,A15
Q7063,A15
Q7064,A13
Q7065,A0
Q7066,A0
Q7067,A15
Q7068,A15
Q7069,A0
Q7070,A10
Q7071,A6
Q7072,A0
Q7073,A10
Q7074,A15
Q7075,A13
Q7076,A12
Q7077,A15
Q7078,A10
Q7079,A1
Q7080,A12
Q7081,A14
Q7082,A13
Q7083,A13
Q7084,A13
Q7085,A0
Q7086,A13
Q7087,A15
Q7088,A11
Q7089,A14
Q7090,A12
Q7091,A13
Q7092,A16
Q7093,A0
Q7094,A6
Q7095,A0
Q7096,A15
Q7097,A14
Q7098,A12
Q7099,A15
Q7100,A9
Q7101,A14
Q7102,A16
Q7103,A10
Q7104,A14
Q7105,A12
Q7106,A12
Q7107,A12
Q7108,A7
Q7109,A15
Q7110,A0
Q7111,A15
Q7112,A15
Q7113,A16
Q7114,A10
Q7115,A14
Q7116,A7
Q7117,A13
Q7118,A0
Q7119,A14
Q7120,A15
Q7121,A9
Q7122,A15
Q7123,A9
Q7124,A15
Q7125,A11
Q7126,A14
Q7127,A15
Q7128,A12
Q7129,A6
Q7130,A0
Q7131,A13
Q7132,A15
Q7133,A12
Q7134,A7
Q7135,A11
Q7136,A13
Q7137,A15
Q7138,A13
Q7139,A14
Q7140,A10
Q7141,A17
Q7142,A13
Q7143,A15
Q7144,A15
Q7145,A14
Q7146,A6
Q7147,A15
Q7148,A7
Q7149,A0
Q7150,A16
Q7151,A14
Q7152,A15
Q7153,A3
Q7154,A16
Q7155,A8
Q7156,A15
Q7157,A12
Q7158,A14
Q7159,A13
Q7160,A17
Q7161,A14
Q7162,A15
Q7163,A5
Q7164,A17
Q7165,A0
Q7166,A13
Q7167,A12
Q7168,A15
Q7169,A11
Q7170,A14
Q7171,A11
Q7172,A15
Q7173,A12
Q7174,A13
Q7175,A14
Q7176,A13
Q7177,A11
Q7178,A14
Q7179,A15
Q7180,A15
Q7181,A9
Q7182,A12
Q7183,A13
Q7184,A0
Q7185,A13
Q7186,A12
Q7187,A6
Q7188,A12
Q7189,A7
Q7190,A14
Q7191,A15
Q7192,A15
Q7193,A11
Q7194,A15
Q7195,A11
Q7196,A12
Q7197,A14
Q7198,A15
Q7199,A15
Q7200,A14
Q7201,A9
Q7202,A14
Q7203,A0
Q7204,A8
Q7205,A12
Q7206,A15
Q7207,A15
Q7208,A5
Q7209,A14
Q7210,A9
Q7211,A10
Q7212,A14
Q7213,A16
Q7214,A16
Q7215,A5
Q7216,A13
Q7217,A9
Q7218,A14
Q7219,A13
Q7220,A10
Q7221,A15
Q7222,A9
Q7223,A14
Q7224,A13
Q7225,A12
Q7226,A13
Q7227,A11
Q7228,A15
Q7229,A12
Q7230,A12
Q7231,A14
Q7232,A10
Q7233,A12
Q7234,A4
Q7235,A6
Q7236,A0
Q7237,A6
Q7238,A15
Q7239,A15
Q7240,A8
Q7241,A14
Q7242,A9
Q7243,A13
Q7244,A14
Q7245,A12
Q7246,A2
Q7247,A12
Q7248,A15
Q7249,A14
Q7250,A12
Q7251,A0
Q7252,A0
Q7253,A15
Q7254,A11
Q7255,A9
Q7256,A4
Q7257,A3
Q7258,A14
Q7259,A15
Q7260,A9
Q7261,A6
Q7262,A16
Q7263,A10
Q7264,A14
Q7265,A14
Q7266,A0
Q7267,A14
Q7268,A15
Q7269,A15
Q7270,A14
Q7271,A12
Q7272,A13
Q7273,A10
Q7274,A0
Q7275,A12
Q7276,A3
Q7277,A13
Q7278,A14
Q7279,A9
Q7280,A11
Q7281,A17
Q7282,A4
Q7283,A0
Q7284,A15
Q7285,A17
Q7286,A14
Q7287,A16
Q7288,A11
Q7289,A0
Q7290,A0
Q7291,A14
Q7292,A0
Q7293,A6
Q7294,A15
Q7295,A16
Q7296,A14
Q7297,A15
Q7298,A12
Q7299,A13
Q7300,A9
Q7301,A6
Q7302,A14
Q7303,A8
Q7304,A14
Q7305,A12
Q7306,A16
Q7307,A12
Q7308,A6
Q7309,A11
Q7310,A15
Q7311,A11
Q7312,A14
Q7313,A15
Q7314,A13
Q7315,A12
Q7316,A15
Q7317,A11
Q7318,A0
Q7319,A13
Q7320,A14
Q7321,A12
Q7322,A17
Q7323,A15
Q7324,A0
Q7325,A15
Q7326,A15
Q7327,A14
Q7328,A15
Q7329,A14
Q7330,A4
Q7331,A11
Q7332,A0
Q7333,A0
Q7334,A0
Q7335,A12
Q7336,A15
Q7337,A13
Q7338,A10
Q7339,A14
Q7340,A15
Q7341,A9
Q7342,A15
Q7343,A15
Q7344,A12
Q7345,A13
Q7346,A15
Q7347,A12
Q7348,A9
Q7349,A11
Q7350,A14
Q7351,A13
Q7352,A9
Q7353,A16
Q7354,A0
Q7355,A10
Q7356,A0
Q7357,A16
Q7358,A7
Q7359,A14
Q7360,A16
Q7361,A13
Q7362,A15
Q7363,A15
Q7364,A13
Q7365,A9
Q7366,A15
Q7367,A8
Q7368,A0
Q7369,A11
Q7370,A13
Q7371,A13
Q7372,A12
Q7373,A15
Q7374,A14
Q7375,A16
Q7376,A0
Q7377,A13
Q7378,A15
Q7379,A16
Q7380,A9
Q7381,A15
Q7382,A16
Q7383,A13
Q7384,A12
Q7385,A14
Q7386,A14
Q7387,A11
Q7388,A17
Q7389,A7
Q7390,A12
Q7391,A16
Q7392,A6
Q7393,A9
Q7394,A15
Q7395,A15
Q7396,A16
Q7397,A15
Q7398,A7
Q7399,A13
Q7400,A13
Q7401,A12
Q7402,A0
Q7403,A11
Q7404,A13
Q7405,A16
Q7406,A14
Q7407,A15
Q7408,A14
Q7409,A9
Q7410,A16
Q7411,A16
Q7412,A15
Q7413,A0
Q7414,A9
Q7415,A14
Q7416,A9
Q7417,A13
Q7418,A7
Q7419,A16
Q7420,A14
Q7421,A12
Q7422,A14
Q7423,A16
Q7424,A3
Q7425,A14
Q7426,A15
Q7427,A11
Q7428,A7
Q7429,A10
Q7430,A15
Q7431,A10
Q7432,A11
Q7433,A9
Q7434,A12
Q7435,A13
Q7436,A13
Q7437,A9
Q7438,A9
Q7439,A15
Q7440,A12
Q7441,A10
Q7442,A16
Q7443,A11
Q7444,A16
Q7445,A0
Q7446,A11
Q7447,A12
Q7448,A14
Q7449,A13
Q7450,A14
Q7451,A10
Q7452,A15
Q7453,A5
Q7454,A14
Q7455,A7
Q7456,A15
Q7457,A10
Q7458,A0
Q7459,A14
Q7460,A11
Q7461,A16
Q7462,A11
Q7463,A0
Q7464,A13
Q7465,A14
Q7466,A13
Q7467,A9
Q7468,A11
Q7469,A0
Q7470,A8
Q7471,A13
Q7472,A12
Q7473,A6
Q7474,A16
Q7475,A13
Q7476,A0
Q7477,A7
Q7478,A15
Q7479,A14
Q7480,A13
Q7481,A12
Q7482,A12
Q7483,A9
Q7484,A16
Q7485,A13
Q7486,A10
Q7487,A14
Q7488,A10
Q7489,A11
Q7490,A14
Q7491,A15
Q7492,A0
Q7493,A16
Q7494,A14
Q7495,A14
Q7496,A10
Q7497,A9
Q7498,A8
Q7499,A12
Q7500,A15
Q7501,A13
Q7502,A14
Q7503,A15
Q7504,A5
Q7505,A16
Q7506,A8
Q7507,A12
Q7508,A13
Q7509,A13
Q7510,A15
Q7511,A14
Q7512,A16
Q7513,A12
Q7514,A11
Q7515,A14
Q7516,A15
Q7517,A13
Q7518,A17
Q7519,A15
Q7520,A13
Q7521,A9
Q7522,A14
Q7523,A14
Q7524,A14
Q7525,A13
Q7526,A6
Q7527,A6
Q7528,A11
Q7529,A16
Q7530,A11
Q7531,A10
Q7532,A8
Q7533,A15
Q7534,A15
Q7535,A0
Q7536,A14
Q7537,A0
Q7538,A11
Q7539,A6
Q7540,A12
Q7541,A0
Q7542,A11
Q7543,A10
Q7544,A16
Q7545,A13
Q7546,A12
Q7547,A5
Q7548,A16
Q7549,A8
Q7550,A10
Q7551,A12
Q7552,A9
Q7553,A14
Q7554,A0
Q7555,A7
Q7556,A7
Q7557,A11
Q7558,A10
Q7559,A15
Q7560,A9
Q7561,A12
Q7562,A13
Q7563,A12
Q7564,A16
Q7565,A12
Q7566,A17
Q7567,A15
Q7568,A10
Q7569,A12
Q7570,A6
Q7571,A8
Q7572,A15
Q7573,A15
Q7574,A16
Q7575,A15
Q7576,A0
Q7577,A3
Q7578,A14
Q7579,A14
Q7580,A8
Q7581,A15
Q7582,A0
Q7583,A11
Q7584,A8
Q7585,A10
Q7586,A11
Q7587,A14
Q7588,A11
Q7589,A14
Q7590,A16
Q7591,A16
Q7592,A14
Q7593,A14
Q7594,A12
Q7595,A12
Q7596,A6
Q7597,A3
Q7598,A11
Q7599,A16
Q7600,A0
Q7601,A17
Q7602,A12
Q7603,A14
Q7604,A15
Q7605,A8
Q7606,A0
Q7607,A15
Q7608,A15
Q7609,A12
Q7610,A14
Q7611,A15
Q7612,A15
Q7613,A16
Q7614,A17
Q7615,A14
Q7616,A15
Q7617,A15
Q7618,A12
Q7619,A12
Q7620,A12
Q7621,A14
Q7622,A15
Q7623,A10
Q7624,A10
Q7625,A16
Q7626,A0
Q7627,A14
Q7628,A15
Q7629,A13
Q7630,A0
Q7631,A9
Q7632,A12
Q7633,A15
Q7634,A15
Q7635,A0
Q7636,A13
Q7637,A12
Q7638,A13
Q7639,A11
Q7640,A9
Q7641,A12
Q7642,A15
Q7643,A5
Q7644,A14
Q7645,A9
Q7646,A6
Q7647,A3
Q7648,A17
Q7649,A10
Q7650,A14
Q7651,A9
Q7652,A15
Q7653,A0
Q7654,A16
Q7655,A12
Q7656,A15
Q7657,A14
Q7658,A15
Q7659,A16
Q7660,A14
Q7661,A14
Q7662,A14
Q7663,A13
Q7664,A8
Q7665,A13
Q7666,A10
Q7667,A13
Q7668,A13
Q7669,A13
Q7670,A13
Q7671,A15
Q7672,A0
Q7673,A15
Q7674,A13
Q7675,A15
Q7676,A15
Q7677,A11
Q7678,A15
Q7679,A15
Q7680,A15
Q7681,A14
Q7682,A11
Q7683,A10
Q7684,A15
Q7685,A14
Q7686,A0
Q7687,A15
Q7688,A0
Q7689,A11
Q7690,A14
Q7691,A15
Q7692,A0
Q7693,A0
Q7694,A13
Q7695,A15
Q7696,A16
Q7697,A11
Q7698,A13
Q7699,A15
Q7700,A14
Q7701,A15
Q7702,A9
Q7703,A15
Q7704,A16
Q7705,A15
Q7706,A13
Q7707,A0
Q7708,A15
Q7709,A12
Q7710,A14
Q7711,A16
Q7712,A0
Q7713,A9
Q7714,A15
Q7715,A12
Q7716,A15
Q7717,A0
Q7718,A15
Q7719,A9
Q7720,A16
Q7721,A12
Q7722,A14
Q7723,A6
Q7724,A12
Q7725,A12
Q7726,A16
Q7727,A9
Q7728,A15
Q7729,A7
Q7730,A16
Q7731,A14
Q7732,A13
Q7733,A9
Q7734,A0
Q7735,A15
Q7736,A13
Q7737,A11
Q7738,A0
Q7739,A7
Q7740,A10
Q7741,A0
Q7742,A13
Q7743,A16
Q7744,A14
Q7745,A13
Q7746,A14
Q7747,A16
Q7748,A15
Q7749,A7
Q7750,A14
Q7751,A9
Q7752,A15
Q7753,A13
Q7754,A13
Q7755,A17
Q7756,A11
Q7757,A16
Q7758,A14
Q7759,A0
Q7760,A16
Q7761,A16
Q7762,A15
Q7763,A15
Q7764,A6
Q7765,A11
Q7766,A13
Q7767,A13
Q7768,A14
Q7769,A11
Q7770,A13
Q7771,A16
Q7772,A0
Q7773,A0
Q7774,A7
Q7775,A12
Q7776,A11
Q7777,A15
Q7778,A15
Q7779,A15
Q7780,A7
Q7781,A10
Q7782,A14
Q7783,A3
Q7784,A0
Q7785,A8
Q7786,A15
Q7787,A15
Q7788,A14
Q7789,A14
Q7790,A0
Q7791,A16
Q7792,A16
Q7793,A15
Q7794,A3
Q7795,A11
Q7796,A12
Q7797,A15
Q7798,A12
Q7799,A12
Q7800,A15
Q7801,A10
Q7802,A13
Q7803,A15
Q7804,A14
Q7805,A14
Q7806,A12
Q7807,A13
Q7808,A12
Q7809,A0
Q7810,A13
Q7811,A0
Q7812,A8
Q7813,A16
Q7814,A17
Q7815,A16
Q7816,A15
Q7817,A12
Q7818,A13
Q7819,A16
Q7820,A10
Q7821,A14
Q7822,A10
Q7823,A12
Q7824,A14
Q7825,A12
Q7826,A7
Q7827,A7
Q7828,A13
Q7829,A8
Q7830,A13
Q7831,A17
Q7832,A17
Q7833,A16
Q7834,A12
Q7835,A15
Q7836,A15
Q7837,A15
Q7838,A12
Q7839,A14
Q7840,A10
Q7841,A16
Q7842,A0
Q7843,A16
Q7844,A12
Q7845,A15
Q7846,A14
Q7847,A14
Q7848,A0
Q7849,A14
Q7850,A15
Q7851,A9
Q7852,A14
Q7853,A3
Q7854,A11
Q7855,A15
Q7856,A0
Q7857,A14
Q7858,A14
Q7859,A13
Q7860,A12
Q7861,A14
Q7862,A14
Q7863,A0
Q7864,A11
Q7865,A16
Q7866,A12
Q7867,A14
Q7868,A15
Q7869,A17
Q7870,A13
Q7871,A7
Q7872,A15
Q7873,A13
Q7874,A12
Q7875,A15
Q7876,A14
Q7877,A13
Q7878,A16
Q7879,A12
Q7880,A15
Q7881,A15
Q7882,A0
Q7883,A12
Q7884,A12
Q7885,A0
Q7886,A16
Q7887,A14
Q7888,A15
Q7889,A12
Q7890,A14
Q7891,A0
Q7892,A16
Q7893,A14
Q7894,A15
Q7895,A15
Q7896,A16
Q7897,A9
Q7898,A3
Q7899,A11
Q7900,A16
Q7901,A15
Q7902,A14
Q7903,A13
Q7904,A13
Q7905,A13
Q7906,A0
Q7907,A16
Q7908,A12
Q7909,A0
Q7910,A14
Q7911,A15
Q7912,A0
Q7913,A10
Q7914,A11
Q7915,A10
Q7916,A16
Q7917,A13
Q7918,A15
Q7919,A10
Q7920,A9
Q7921,A0
Q7922,A12
Q7923,A13
Q7924,A11
Q7925,A14
Q7926,A14
Q7927,A16
Q7928,A5
Q7929,A13
Q7930,A15
Q7931,A14
Q7932,A15
Q7933,A13
Q7934,A13
Q7935,A13
Q7936,A14
Q7937,A14
Q7938,A15
Q7939,A9
Q7940,A15
Q7941,A16
Q7942,A0
Q7943,A10
Q7944,A16
Q7945,A14
Q7946,A14
Q7947,A0
Q7948,A3
Q7949,A14
Q7950,A10
Q7951,A14
Q7952,A7
Q7953,A13
Q7954,A11
Q7955,A14
Q7956,A15
Q7957,A12
Q7958,A11
Q7959,A15
Q7960,A14
Q7961,A14
Q7962,A12
Q7963,A13
Q7964,A3
Q7965,A13
Q7966,A14
Q7967,A16
Q7968,A13
Q7969,A15
Q7970,A16
Q7971,A11
Q7972,A12
Q7973,A14
Q7974,A0
Q7975,A13
Q7976,A12
Q7977,A8
Q7978,A9
Q7979,A13
Q7980,A14
Q7981,A14
Q7982,A11
Q7983,A15
Q7984,A8
Q7985,A9
Q7986,A12
Q7987,A15
Q7988,A10
Q7989,A13
Q7990,A9
Q7991,A12
Q7992,A15
Q7993,A15
Q7994,A16
Q7995,A13
Q7996,A12
Q7997,A14
Q7998,A11
Q7999,A13
Q8000,A11
Q8001,A12
Q8002,A12
Q8003,A14
Q8004,A7
Q8005,A14
Q8006,A15
Q8007,A3
Q8008,A13
Q8009,A0
Q8010,A8
Q8011,A11
Q8012,A13
Q8013,A14
Q8014,A14
Q8015,A8
Q8016,A0
Q8017,A6
Q8018,A9
Q8019,A15
Q8020,A15
Q8021,A0
Q8022,A13
Q8023,A16
Q8024,A6
Q8025,A16
Q8026,A14
Q8027,A10
Q8028,A7
Q8029,A15
Q8030,A16
Q8031,A15
Q8032,A8
Q8033,A12
Q8034,A15
Q8035,A15
Q8036,A9
Q8037,A13
Q8038,A11
Q8039,A13
Q8040,A8
Q8041,A15
Q8042,A14
Q8043,A11
Q8044,A15
Q8045,A14
Q8046,A14
Q8047,A6
Q8048,A0
Q8049,A15
Q8050,A0
Q8051,A10
Q8052,A14
Q8053,A14
Q8054,A12
Q8055,A14
Q8056,A9
Q8057,A0
Q8058,A12
Q8059,A7
Q8060,A16
Q8061,A0
Q8062,A13
Q8063,A9
Q8064,A12
Q8065,A15
Q8066,A0
Q8067,A0
Q8068,A14
Q8069,A0
Q8070,A14
Q8071,A16
Q8072,A14
Q8073,A11
Q8074,A13
Q8075,A16
Q8076,A0
Q8077,A0
Q8078,A0
Q8079,A9
