item,truth
0,629
1,110
2,582
3,976
4,482
5,80
6,523
7,867
8,725
9,599
10,214
11,684
12,764
13,689
14,67
15,465
16,298
17,802
18,772
19,914
20,639
21,224
22,982
23,390
24,922
25,509
26,657
27,494
28,925
29,442
30,377
31,824
32,224
33,73
34,980
35,853
36,944
37,885
38,796
39,233
40,166
41,837
42,536
43,494
44,473
45,836
46,187
47,240
48,435
49,313
50,869
51,588
52,949
53,750
54,156
55,691
56,831
57,896
58,624
59,165
60,619
61,728
62,876
63,595
64,44
65,494
66,997
67,394
68,928
69,33
70,852
71,968
72,905
73,330
74,735
75,691
76,836
77,888
78,231
79,410
80,818
81,382
82,380
83,898
84,810
85,408
86,961
87,681
88,184
89,278
90,821
91,728
92,257
93,905
94,467
95,901
96,587
97,584
98,728
99,870
100,768
101,632
102,305
103,168
104,345
105,616
106,193
107,928
108,163
109,864
110,733
111,745
112,709
113,464
114,265
115,883
116,729
117,61
118,411
119,922
120,442
121,804
122,626
123,745
124,570
125,650
126,485
127,516
128,42
129,652
130,962
131,899
132,795
133,885
134,463
135,232
136,651
137,681
138,43
139,901
140,543
141,550
142,658
143,120
144,976
145,203
146,853
147,147
148,309
149,35
150,638
151,651
152,725
153,482
154,187
155,256
156,940
157,635
158,923
159,790
160,501
161,556
162,515
163,868
164,909
165,885
166,961
167,638
168,257
169,374
170,253
171,480
172,699
173,481
174,426
175,522
176,821
177,779
178,651
179,968
180,851
181,523
182,715
183,254
184,531
185,456
186,519
187,818
188,99
189,465
190,399
191,876
192,184
193,567
194,633
195,484
196,882
197,709
198,437
199,751
200,120
201,305
202,598
203,842
204,459
205,368
206,635
207,549
208,186
209,515
210,435
211,530
212,869
213,614
214,142
215,681
216,795
217,810
218,675
219,240
220,597
221,524
222,285
223,622
224,784
225,501
226,488
227,383
228,54
229,516
230,539
231,248
232,632
233,718
234,531
235,282
236,939
237,331
238,386
239,967
240,95
241,899
242,302
243,294
244,374
245,759
246,482
247,648
248,624
249,248
250,760
251,442
252,527
253,754
254,753
255,482
256,635
257,478
258,386
259,461
260,896
261,233
262,790
263,724
264,187
265,820
266,977
267,474
268,406
269,454
270,406
271,735
272,338
273,229
274,707
275,813
276,197
277,809
278,193
279,509
280,698
281,226
282,134
283,410
284,745
285,375
286,836
287,539
288,923
289,27
290,883
291,228
292,906
293,511
294,210
295,232
296,243
297,426
298,554
299,204
300,55
301,601
302,556
303,806
304,537
305,435
306,266
307,665
308,740
309,119
310,718
311,935
312,231
313,144
314,680
315,50
316,502
317,87
318,306
319,932
320,698
321,838
322,422
323,731
324,578
325,817
326,920
327,919
328,976
329,749
330,878
331,34
332,643
333,905
334,446
335,784
336,700
337,492
338,905
339,373
340,672
341,77
342,185
343,969
344,689
345,58
346,407
347,837
348,675
349,359
350,290
351,813
352,898
353,805
354,919
355,702
356,356
357,160
358,655
359,679
360,880
361,760
362,686
363,609
364,596
365,222
366,919
367,350
368,671
369,539
370,534
371,893
372,846
373,720
374,617
375,7
376,474
377,693
378,696
379,470
380,78
381,975
382,55
383,416
384,813
385,574
386,530
387,454
388,801
389,784
390,348
391,483
392,91
393,837
394,950
395,640
396,737
397,5
398,853
399,28
400,667
401,227
402,619
403,744
404,492
405,885
406,748
407,866
408,419
409,698
410,743
411,659
412,413
413,171
414,600
415,27
416,39
417,58
418,287
419,848
420,549
421,249
422,762
423,596
424,806
425,910
426,905
427,751
428,653
429,798
430,690
431,831
432,726
433,120
434,631
435,718
436,415
437,330
438,597
439,907
440,877
441,200
442,879
443,202
444,657
445,595
446,978
447,836
448,479
449,860
450,172
451,581
452,657
453,841
454,904
455,485
456,558
457,794
458,843
459,633
460,523
461,998
462,900
463,440
464,766
465,686
466,648
467,625
468,855
469,742
470,868
471,330
472,446
473,567
474,735
475,175
476,644
477,584
478,907
479,312
480,374
481,943
482,527
483,838
484,620
485,892
486,547
487,772
488,854
489,817
490,454
491,605
492,653
493,505
494,223
495,413
496,900
497,638
498,524
499,288
500,238
501,515
502,386
503,936
504,516
505,870
506,402
507,83
508,692
509,896
510,841
511,369
512,667
513,836
514,618
515,961
516,700
517,663
518,972
519,465
520,767
521,329
522,493
523,438
524,871
525,201
526,663
527,465
528,209
529,5
530,579
531,588
532,524
533,981
534,977
535,819
536,970
537,501
538,477
539,282
540,728
541,73
542,176
543,976
544,358
545,619
546,487
547,606
548,283
549,760
550,60
551,414
552,667
553,632
554,748
555,775
556,266
557,435
558,194
559,600
560,813
561,673
562,374
563,521
564,584
565,266
566,858
567,700
568,909
569,314
570,982
571,348
572,590
573,42
574,159
575,206
576,265
577,421
578,99
579,214
580,769
581,784
582,883
583,40
584,241
585,309
586,542
587,836
588,567
589,825
590,515
591,835
592,460
593,146
594,928
595,3
596,36
597,413
598,600
599,73
600,696
601,511
602,846
603,737
604,543
605,231
606,913
607,751
608,961
609,302
610,395
611,523
612,248
613,118
614,50
615,31
616,257
617,810
618,443
619,385
620,86
621,673
622,40
623,907
624,969
625,26
626,588
627,656
628,462
629,501
630,259
631,623
632,59
633,504
634,869
635,281
636,582
637,762
638,751
639,168
640,834
641,921
642,240
643,491
644,600
645,443
646,602
647,578
648,960
649,975
650,685
651,978
652,749
653,898
654,348
655,281
656,536
657,774
658,33
659,774
660,585
661,504
662,732
663,490
664,423
665,677
666,675
667,639
668,698
669,769
670,38
671,177
672,925
673,775
674,784
675,34
676,199
677,572
678,447
679,178
680,203
681,858
682,86
683,359
684,60
685,551
686,920
687,655
688,442
689,265
690,544
691,469
692,469
693,58
694,872
695,942
696,921
697,41
698,585
699,587
700,942
701,689
702,831
703,64
704,281
705,541
706,657
707,501
708,792
709,264
710,724
711,551
712,949
713,314
714,413
715,636
716,673
717,414
718,257
719,551
720,643
721,788
722,653
723,257
724,775
725,58
726,343
727,830
728,112
729,540
730,468
731,507
732,117
733,158
734,678
735,442
736,898
737,203
738,651
739,438
740,358
741,328
742,748
743,847
744,906
745,463
746,711
747,434
748,77
749,113
750,683
751,912
752,346
753,876
754,383
755,711
756,536
757,725
758,15
759,452
760,650
761,755
762,612
763,698
764,703
765,358
766,972
767,277
768,914
769,752
770,903
771,556
772,575
773,5
774,498
775,303
776,17
777,481
778,929
779,799
780,524
781,480
782,998
783,851
784,790
785,35
786,658
787,966
788,371
789,951
790,598
791,551
792,67
793,934
794,460
795,671
796,523
797,246
798,369
799,797
800,730
801,622
802,659
803,191
804,959
805,818
806,902
807,264
808,831
809,524
810,581
811,631
812,121
813,525
814,197
815,845
816,639
817,80
818,867
819,360
820,249
821,817
822,489
823,229
824,385
825,808
826,516
827,168
828,262
829,970
830,187
831,741
832,406
833,842
834,697
835,415
836,242
837,514
838,36
839,939
840,567
841,58
842,689
843,121
844,137
845,5
846,532
847,655
848,36
849,156
850,461
851,64
852,582
853,618
854,304
855,220
856,608
857,600
858,678
859,860
860,828
861,654
862,424
863,86
864,734
865,478
866,741
867,527
868,68
869,656
870,992
871,968
872,633
873,876
874,155
875,435
876,987
877,749
878,490
879,59
880,631
881,648
882,108
883,878
884,114
885,830
886,764
887,942
888,860
889,806
890,599
891,114
892,479
893,35
894,655
895,180
896,487
897,209
898,784
899,791
900,796
901,987
902,681
903,898
904,418
905,660
906,481
907,655
908,968
909,128
910,655
911,837
912,35
913,196
914,851
915,863
916,432
917,764
918,296
919,567
920,34
921,250
922,762
923,784
924,413
925,948
926,477
927,73
928,893
929,285
930,638
931,399
932,714
933,79
934,527
935,808
936,375
937,953
938,66
939,735
940,446
941,200
942,175
943,878
944,527
945,232
946,621
947,837
948,745
949,687
950,628
951,486
952,922
953,484
954,656
955,894
956,631
957,811
958,35
959,693
960,588
961,285
962,543
963,252
964,623
965,147
966,103
967,345
968,414
969,405
970,137
971,912
972,730
973,194
974,66
975,605
976,746
977,278
978,52
979,564
980,638
981,99
982,798
983,891
984,597
985,809
986,643
987,441
988,406
989,638
990,633
991,572
992,417
993,692
994,800
995,658
996,77
997,960
998,998
999,463
1000,184
1001,970
1002,189
1003,176
1004,383
1005,809
1006,754
1007,876
1008,572
1009,665
1010,266
1011,226
1012,414
1013,488
1014,998
1015,911
1016,492
1017,499
1018,465
1019,898
1020,706
1021,539
1022,963
1023,531
1024,86
1025,656
1026,662
1027,894
1028,44
1029,166
1030,228
1031,596
1032,497
1033,630
1034,413
1035,866
1036,514
1037,664
1038,559
1039,845
1040,877
1041,780
1042,744
1043,664
1044,348
1045,285
1046,997
1047,485
1048,385
1049,960
1050,813
1051,810
1052,697
1053,732
1054,643
1055,515
1056,819
1057,806
1058,460
1059,575
1060,609
1061,882
1062,787
1063,728
1064,888
1065,524
1066,594
1067,808
1068,187
1069,934
1070,803
1071,608
1072,264
1073,415
1074,841
1075,976
1076,335
1077,200
1078,151
1079,618
1080,584
1081,537
1082,40
1083,608
1084,821
1085,184
1086,264
1087,811
1088,176
1089,910
1090,385
1091,729
1092,515
1093,551
1094,454
1095,984
1096,883
1097,590
1098,465
1099,618
1100,681
1101,124
1102,996
1103,584
1104,375
1105,780
1106,277
1107,473
1108,899
1109,545
1110,910
1111,999
1112,907
1113,868
1114,423
1115,262
1116,471
1117,2
1118,530
1119,887
1120,331
1121,585
1122,158
1123,842
1124,750
1125,887
1126,759
1127,899
1128,62
1129,408
1130,700
1131,833
1132,385
1133,266
1134,348
1135,848
1136,66
1137,66
1138,542
1139,56
1140,958
1141,748
1142,790
1143,414
1144,910
1145,685
1146,950
1147,381
1148,14
1149,728
1150,240
1151,537
1152,869
1153,736
1154,153
1155,485
1156,747
1157,487
1158,630
1159,515
1160,928
1161,222
1162,660
1163,510
1164,623
1165,459
1166,413
1167,744
1168,618
1169,423
1170,731
1171,541
1172,137
1173,905
1174,358
1175,441
1176,257
1177,742
1178,465
1179,495
1180,538
1181,26
1182,855
1183,983
1184,428
1185,374
1186,637
1187,499
1188,46
1189,478
1190,206
1191,478
1192,415
1193,515
1194,596
1195,911
1196,973
1197,862
1198,859
1199,302
1200,504
1201,662
1202,835
1203,568
1204,479
1205,904
1206,836
1207,186
1208,620
1209,638
1210,167
1211,503
1212,438
1213,691
1214,967
1215,283
1216,639
1217,511
1218,345
1219,926
1220,108
1221,675
1222,708
1223,493
1224,855
1225,859
1226,632
1227,440
1228,772
1229,77
1230,155
1231,452
1232,446
1233,546
1234,414
1235,926
1236,884
1237,41
1238,202
1239,478
1240,292
1241,750
1242,895
1243,825
1244,799
1245,752
1246,484
1247,196
1248,59
1249,44
1250,703
1251,60
1252,809
1253,643
1254,240
1255,714
1256,664
1257,226
1258,8
1259,778
1260,503
1261,188
1262,463
1263,497
1264,478
1265,729
1266,987
1267,212
1268,827
1269,285
1270,383
1271,615
1272,447
1273,836
1274,413
1275,742
1276,848
1277,847
1278,266
1279,741
1280,885
1281,748
1282,756
1283,662
1284,418
1285,631
1286,67
1287,908
1288,241
1289,525
1290,5
1291,164
1292,585
1293,954
1294,516
1295,782
1296,395
1297,438
1298,401
1299,573
1300,708
1301,206
1302,232
1303,977
1304,436
1305,447
1306,622
1307,463
1308,248
1309,841
1310,787
1311,910
1312,373
1313,285
1314,523
1315,962
1316,819
1317,329
1318,966
1319,767
1320,383
1321,899
1322,639
1323,459
1324,678
1325,437
1326,484
1327,205
1328,754
1329,636
1330,389
1331,477
1332,21
1333,875
1334,869
1335,768
1336,455
1337,516
1338,358
1339,772
1340,782
1341,534
1342,821
1343,426
1344,505
1345,566
1346,638
1347,124
1348,44
1349,185
1350,664
1351,943
1352,416
1353,887
1354,907
1355,226
1356,807
1357,972
1358,727
1359,233
1360,248
1361,505
1362,113
1363,721
1364,852
1365,799
1366,585
1367,739
1368,74
1369,224
1370,841
1371,345
1372,695
1373,101
1374,947
1375,908
1376,692
1377,548
1378,806
1379,489
1380,731
1381,193
1382,641
1383,478
1384,163
1385,689
1386,356
1387,329
1388,996
1389,413
1390,732
1391,796
1392,655
1393,238
1394,609
1395,998
1396,558
1397,434
1398,428
1399,611
1400,827
1401,875
1402,643
1403,620
1404,753
1405,726
1406,662
1407,329
1408,503
1409,697
1410,899
1411,901
1412,777
1413,433
1414,386
1415,542
1416,931
1417,60
1418,851
1419,346
1420,502
1421,49
1422,961
1423,703
1424,311
1425,534
1426,797
1427,784
1428,52
1429,923
1430,568
1431,360
1432,775
1433,681
1434,935
1435,492
1436,536
1437,494
1438,267
1439,544
1440,852
1441,692
1442,383
1443,213
1444,386
1445,49
1446,335
1447,126
1448,869
1449,151
1450,266
1451,402
1452,581
1453,894
1454,881
1455,485
1456,439
1457,490
1458,501
1459,676
1460,110
1461,703
1462,192
1463,898
1464,493
1465,158
1466,208
1467,826
1468,427
1469,590
1470,542
1471,855
1472,423
1473,161
1474,459
1475,489
1476,857
1477,966
1478,77
1479,650
1480,829
1481,167
1482,871
1483,998
1484,572
1485,108
1486,154
1487,762
1488,972
1489,461
1490,278
1491,848
1492,526
1493,529
1494,349
1495,557
1496,51
1497,838
1498,716
1499,756
1500,861
1501,857
1502,201
1503,326
1504,500
1505,922
1506,844
1507,773
1508,519
1509,524
1510,450
1511,970
1512,566
1513,280
1514,839
1515,776
1516,712
1517,386
1518,846
1519,542
1520,159
1521,562
1522,36
1523,969
1524,200
1525,106
1526,119
1527,529
1528,29
1529,838
1530,64
1531,423
1532,428
1533,973
1534,461
1535,504
1536,657
1537,336
1538,738
1539,334
1540,353
1541,194
1542,657
1543,109
1544,674
1545,539
1546,911
1547,718
1548,493
1549,505
1550,349
1551,410
1552,340
1553,841
1554,193
1555,595
1556,374
1557,584
1558,623
1559,775
1560,758
1561,155
1562,856
1563,526
1564,968
1565,809
1566,4
1567,692
1568,226
1569,824
1570,757
1571,656
1572,869
1573,663
1574,271
1575,907
1576,836
1577,943
1578,204
1579,202
1580,590
1581,249
1582,931
1583,743
1584,676
1585,8
1586,867
1587,807
1588,668
1589,167
1590,949
1591,895
1592,697
1593,586
1594,716
1595,657
1596,349
1597,646
1598,559
1599,445
1600,385
1601,453
1602,508
1603,742
1604,193
1605,453
1606,170
1607,89
1608,763
1609,231
1610,765
1611,478
1612,140
1613,718
1614,827
1615,49
1616,415
1617,725
1618,846
1619,975
1620,918
1621,922
1622,773
1623,655
1624,860
1625,928
1626,622
1627,762
1628,620
1629,412
1630,748
1631,893
1632,469
1633,330
1634,750
1635,250
1636,718
1637,582
1638,464
1639,908
1640,265
1641,598
1642,513
1643,463
1644,226
1645,168
1646,810
1647,731
1648,287
1649,494
1650,82
1651,978
1652,490
1653,752
1654,643
1655,860
1656,62
1657,385
1658,742
1659,385
1660,55
1661,771
1662,818
1663,813
1664,971
1665,30
1666,725
1667,97
1668,525
1669,402
1670,899
1671,879
1672,794
1673,722
1674,377
1675,34
1676,850
1677,901
1678,580
1679,849
1680,267
1681,235
1682,497
1683,421
1684,978
1685,452
1686,813
1687,905
1688,552
1689,732
1690,839
1691,239
1692,602
1693,631
1694,769
1695,218
1696,772
1697,433
1698,688
1699,904
1700,917
1701,659
1702,684
1703,968
1704,922
1705,903
1706,883
1707,651
1708,195
1709,657
1710,631
1711,967
1712,122
1713,845
1714,562
1715,167
1716,608
1717,173
1718,724
1719,673
1720,319
1721,866
1722,353
1723,469
1724,497
1725,961
1726,818
1727,872
1728,99
1729,433
1730,999
1731,796
1732,311
1733,242
1734,155
1735,600
1736,911
1737,132
1738,920
1739,630
1740,84
1741,945
1742,600
1743,488
1744,175
1745,379
1746,151
1747,920
1748,103
1749,764
1750,46
1751,153
1752,216
1753,904
1754,821
1755,112
1756,360
1757,967
1758,780
1759,81
1760,750
1761,848
1762,166
1763,659
1764,263
1765,159
1766,652
1767,999
1768,905
1769,885
1770,367
1771,660
1772,68
1773,656
1774,327
1775,596
1776,542
1777,62
1778,911
1779,328
1780,485
1781,938
1782,241
1783,857
1784,285
1785,596
1786,337
1787,528
1788,115
1789,775
1790,352
1791,917
1792,689
1793,231
1794,186
1795,711
1796,264
1797,752
1798,754
1799,165
1800,559
1801,427
1802,123
1803,846
1804,774
1805,374
1806,665
1807,201
1808,587
1809,744
1810,495
1811,444
1812,928
1813,633
1814,879
1815,202
1816,86
1817,828
1818,21
1819,557
1820,538
1821,949
1822,631
1823,898
1824,60
1825,821
1826,809
1827,195
1828,49
1829,944
1830,808
1831,865
1832,38
1833,966
1834,631
1835,642
1836,892
1837,98
1838,806
1839,175
1840,248
1841,784
1842,243
1843,413
1844,383
1845,754
1846,766
1847,163
1848,684
1849,5
1850,391
1851,20
1852,644
1853,352
1854,3
1855,467
1856,318
1857,358
1858,542
1859,770
1860,502
1861,556
1862,644
1863,266
1864,127
1865,304
1866,623
1867,966
1868,98
1869,692
1870,754
1871,908
1872,932
1873,542
1874,174
1875,623
1876,427
1877,887
1878,482
1879,567
1880,453
1881,539
1882,452
1883,877
1884,799
1885,519
1886,485
1887,901
1888,966
1889,453
1890,969
1891,419
1892,733
1893,623
1894,423
1895,249
1896,59
1897,733
1898,620
1899,557
1900,999
1901,587
1902,385
1903,25
1904,584
1905,533
1906,635
1907,851
1908,165
1909,741
1910,796
1911,231
1912,366
1913,782
1914,774
1915,962
1916,383
1917,811
1918,654
1919,836
1920,179
1921,856
1922,773
1923,581
1924,232
1925,626
1926,574
1927,941
1928,669
1929,703
1930,65
1931,500
1932,978
1933,731
1934,421
1935,835
1936,948
1937,489
1938,167
1939,46
1940,59
1941,924
1942,792
1943,455
1944,549
1945,68
1946,530
1947,429
1948,976
1949,710
1950,860
1951,671
1952,790
1953,536
1954,215
1955,152
1956,737
1957,493
1958,435
1959,813
1960,167
1961,818
1962,998
1963,940
1964,193
1965,976
1966,466
1967,691
1968,883
1969,706
1970,876
1971,517
1972,52
1973,767
1974,748
1975,965
1976,180
1977,444
1978,962
1979,941
1980,622
1981,792
1982,165
1983,423
1984,960
1985,222
1986,652
1987,553
1988,30
1989,36
1990,780
1991,689
1992,419
1993,976
1994,732
1995,978
1996,811
1997,638
1998,659
1999,640
2000,320
2001,848
2002,667
2003,698
2004,578
2005,987
2006,241
2007,49
2008,523
2009,683
2010,610
2011,285
2012,414
2013,248
2014,643
2015,68
2016,541
2017,201
2018,39
2019,424
2020,834
2021,657
2022,77
2023,46
2024,427
2025,498
2026,884
2027,637
2028,839
2029,548
2030,851
2031,400
2032,976
2033,737
2034,907
2035,224
2036,462
2037,86
2038,532
2039,954
2040,153
2041,602
2042,529
2043,527
2044,242
2045,630
2046,681
2047,808
2048,585
2049,624
2050,780
2051,281
2052,470
2053,435
2054,762
2055,680
2056,906
2057,781
2058,482
2059,195
2060,485
2061,185
2062,118
2063,970
2064,600
2065,776
2066,923
2067,52
2068,658
2069,434
2070,599
2071,689
2072,778
2073,499
2074,792
2075,670
2076,854
2077,234
2078,544
2079,452
2080,570
2081,158
2082,729
2083,813
2084,516
2085,506
2086,497
2087,479
2088,647
2089,725
2090,859
2091,386
2092,3
2093,541
2094,942
2095,66
2096,519
2097,853
2098,470
2099,573
2100,525
2101,608
2102,775
2103,433
2104,278
2105,207
2106,513
2107,162
2108,950
2109,504
2110,748
2111,409
2112,180
2113,709
2114,861
2115,864
2116,657
2117,606
2118,501
2119,961
2120,772
2121,463
2122,748
2123,654
2124,204
2125,804
2126,681
2127,431
2128,662
2129,541
2130,32
2131,448
2132,904
2133,398
2134,616
2135,709
2136,638
2137,987
2138,876
2139,390
2140,861
2141,601
2142,869
2143,170
2144,233
2145,639
2146,697
2147,636
2148,414
2149,494
2150,622
2151,686
2152,945
2153,899
2154,527
2155,824
2156,460
2157,390
2158,499
2159,799
2160,77
2161,193
2162,557
2163,544
2164,507
2165,42
2166,684
2167,671
2168,473
2169,314
2170,454
2171,405
2172,502
2173,180
2174,228
2175,708
2176,870
2177,712
2178,787
2179,524
2180,817
2181,662
2182,790
2183,808
2184,459
2185,716
2186,825
2187,695
2188,917
2189,618
2190,828
2191,191
2192,482
2193,923
2194,366
2195,858
2196,282
2197,653
2198,142
2199,342
2200,240
2201,675
2202,652
2203,891
2204,590
2205,772
2206,660
2207,618
2208,441
2209,909
2210,59
2211,358
2212,523
2213,811
2214,784
2215,920
2216,438
2217,925
2218,871
2219,643
2220,656
2221,729
2222,962
2223,493
2224,729
2225,519
2226,939
2227,948
2228,867
2229,750
2230,542
2231,141
2232,180
2233,248
2234,987
2235,682
2236,765
2237,282
2238,620
2239,979
2240,553
2241,518
2242,744
2243,167
2244,399
2245,168
2246,857
2247,526
2248,406
2249,602
2250,718
2251,264
2252,192
2253,481
2254,449
2255,865
2256,32
2257,524
2258,636
2259,675
2260,72
2261,837
2262,584
2263,63
2264,226
2265,891
2266,733
2267,360
2268,609
2269,495
2270,522
2271,110
2272,907
2273,123
2274,296
2275,189
2276,765
2277,206
2278,787
2279,557
2280,344
2281,850
2282,760
2283,270
2284,987
2285,809
2286,689
2287,233
2288,893
2289,892
2290,204
2291,839
2292,947
2293,746
2294,609
2295,601
2296,580
2297,170
2298,532
2299,240
2300,627
2301,131
2302,192
2303,733
2304,211
2305,608
2306,895
2307,411
2308,250
2309,841
2310,467
2311,441
2312,517
2313,546
2314,798
2315,315
2316,240
2317,520
2318,253
2319,914
2320,153
2321,764
2322,762
2323,634
2324,519
2325,676
2326,892
2327,481
2328,860
2329,202
2330,126
2331,435
2332,845
2333,588
2334,747
2335,894
2336,675
2337,261
2338,897
2339,930
2340,773
2341,987
2342,600
2343,623
2344,61
2345,967
2346,465
2347,248
2348,578
2349,633
2350,452
2351,73
2352,557
2353,697
2354,106
2355,418
2356,60
2357,777
2358,623
2359,864
2360,527
2361,436
2362,773
2363,118
2364,222
2365,633
2366,477
2367,368
2368,329
2369,950
2370,498
2371,405
2372,639
2373,876
2374,303
2375,638
2376,830
2377,181
2378,975
2379,381
2380,108
2381,485
2382,601
2383,171
2384,935
2385,40
2386,118
2387,428
2388,937
2389,113
2390,124
2391,489
2392,435
2393,846
2394,524
2395,506
2396,477
2397,469
2398,273
2399,58
2400,483
2401,329
2402,975
2403,968
2404,803
2405,773
2406,199
2407,885
2408,441
2409,830
2410,413
2411,493
2412,619
2413,835
2414,782
2415,487
2416,341
2417,846
2418,731
2419,710
2420,338
2421,764
2422,504
2423,155
2424,743
2425,899
2426,58
2427,310
2428,745
2429,327
2430,743
2431,383
2432,269
2433,855
2434,32
2435,693
2436,913
2437,567
2438,390
2439,281
2440,166
2441,841
2442,503
2443,4
2444,32
2445,891
2446,826
2447,455
2448,365
2449,341
2450,18
2451,731
2452,509
2453,770
2454,186
2455,440
2456,523
2457,794
2458,683
2459,446
2460,231
2461,200
2462,266
2463,451
2464,899
2465,310
2466,835
2467,213
2468,839
2469,240
2470,961
2471,923
2472,174
2473,775
2474,578
2475,446
2476,664
2477,97
2478,882
2479,686
2480,845
2481,412
2482,776
2483,327
2484,526
2485,35
2486,837
2487,202
2488,265
2489,998
2490,994
2491,804
2492,655
2493,667
2494,864
2495,59
2496,617
2497,433
2498,799
2499,715
2500,561
2501,494
2502,651
2503,123
2504,704
2505,473
2506,517
2507,424
2508,909
2509,424
2510,212
2511,691
2512,282
2513,68
2514,600
2515,837
2516,452
2517,964
2518,342
2519,883
2520,68
2521,423
2522,709
2523,116
2524,244
2525,969
2526,298
2527,348
2528,248
2529,503
2530,248
2531,655
2532,530
2533,457
2534,382
2535,883
2536,824
2537,879
2538,516
2539,981
2540,912
2541,269
2542,848
2543,885
2544,960
2545,941
2546,617
2547,427
2548,85
2549,643
2550,68
2551,762
2552,876
2553,934
2554,737
2555,911
2556,825
2557,926
2558,651
2559,991
2560,150
2561,453
2562,599
2563,852
2564,463
2565,180
2566,539
2567,313
2568,641
2569,457
2570,836
2571,759
2572,725
2573,977
2574,304
2575,68
2576,39
2577,657
2578,594
2579,436
2580,600
2581,494
2582,916
2583,396
2584,837
2585,773
2586,610
2587,660
2588,513
2589,431
2590,619
2591,654
2592,600
2593,481
2594,66
2595,651
2596,498
2597,844
2598,772
2599,909
2600,725
2601,481
2602,598
2603,615
2604,590
2605,632
2606,411
2607,106
2608,878
2609,555
2610,703
2611,703
2612,529
2613,158
2614,976
2615,930
2616,402
2617,723
2618,709
2619,651
2620,844
2621,281
2622,62
2623,600
2624,506
2625,639
2626,193
2627,60
2628,898
2629,506
2630,222
2631,400
2632,615
2633,621
2634,282
2635,600
2636,640
2637,240
2638,629
2639,453
2640,886
2641,978
2642,700
2643,509
2644,16
2645,782
2646,906
2647,299
2648,775
2649,646
2650,742
2651,348
2652,413
2653,930
2654,103
2655,901
2656,830
2657,68
2658,489
2659,613
2660,567
2661,265
2662,184
2663,42
2664,728
2665,871
2666,899
2667,919
2668,905
2669,181
2670,876
2671,459
2672,744
2673,191
2674,671
2675,68
2676,438
2677,917
2678,454
2679,960
2680,314
2681,981
2682,807
2683,798
2684,950
2685,413
2686,675
2687,889
2688,391
2689,802
2690,204
2691,248
2692,520
2693,399
2694,541
2695,360
2696,567
2697,623
2698,875
2699,906
2700,436
2701,246
2702,454
2703,450
2704,652
2705,584
2706,966
2707,885
2708,748
2709,108
2710,415
2711,134
2712,744
2713,194
2714,243
2715,858
2716,66
2717,466
2718,362
2719,427
2720,705
2721,541
2722,663
2723,147
2724,183
2725,838
2726,548
2727,896
2728,926
2729,445
2730,74
2731,909
2732,190
2733,963
2734,193
2735,452
2736,446
2737,62
2738,151
2739,941
2740,588
2741,123
2742,787
2743,762
2744,126
2745,400
2746,836
2747,61
2748,415
2749,189
2750,577
2751,782
2752,835
2753,785
2754,536
2755,318
2756,969
2757,465
2758,187
2759,838
2760,492
2761,159
2762,45
2763,457
2764,474
2765,962
2766,758
2767,454
2768,590
2769,528
2770,372
2771,536
2772,856
2773,740
2774,728
2775,639
2776,821
2777,578
2778,706
2779,815
2780,683
2781,516
2782,630
2783,678
2784,242
2785,750
2786,577
2787,556
2788,512
2789,728
2790,925
2791,738
2792,636
2793,367
2794,303
2795,895
2796,107
2797,813
2798,897
2799,505
2800,549
2801,534
2802,352
2803,572
2804,459
2805,902
2806,504
2807,681
2808,248
2809,782
2810,708
2811,179
2812,673
2813,806
2814,836
2815,397
2816,59
2817,204
2818,481
2819,183
2820,509
2821,163
2822,331
2823,588
2824,757
2825,478
2826,445
2827,963
2828,623
2829,883
2830,597
2831,159
2832,479
2833,885
2834,417
2835,799
2836,74
2837,473
2838,186
2839,224
2840,743
2841,704
2842,460
2843,714
2844,584
2845,166
2846,615
2847,908
2848,735
2849,442
2850,659
2851,618
2852,747
2853,692
2854,482
2855,864
2856,854
2857,225
2858,815
2859,663
2860,285
2861,551
2862,52
2863,848
2864,629
2865,5
2866,700
2867,851
2868,907
2869,905
2870,119
2871,663
2872,589
2873,66
2874,413
2875,584
2876,218
2877,435
2878,816
2879,736
2880,501
2881,966
2882,64
2883,968
2884,386
2885,413
2886,722
2887,848
2888,633
2889,946
2890,714
2891,748
2892,996
2893,489
2894,827
2895,639
2896,348
2897,192
2898,678
2899,686
2900,766
2901,712
2902,887
2903,395
2904,456
2905,876
2906,748
2907,664
2908,836
2909,922
2910,746
2911,891
2912,79
2913,280
2914,400
2915,846
2916,788
2917,632
2918,584
2919,370
2920,761
2921,796
2922,40
2923,876
2924,863
2925,469
2926,79
2927,608
2928,404
2929,884
2930,119
2931,825
2932,817
2933,460
2934,861
2935,601
2936,976
2937,230
2938,735
2939,487
2940,429
2941,348
2942,445
2943,485
2944,555
2945,624
2946,818
2947,675
2948,34
2949,38
2950,208
2951,856
2952,705
2953,614
2954,848
2955,447
2956,570
2957,767
2958,835
2959,706
2960,665
2961,248
2962,34
2963,7
2964,692
2965,391
2966,549
2967,68
2968,457
2969,312
2970,972
2971,124
2972,664
2973,278
2974,369
2975,692
2976,958
2977,339
2978,414
2979,524
2980,597
2981,844
2982,626
2983,345
2984,526
2985,542
2986,803
2987,698
2988,402
2989,428
2990,210
2991,250
2992,658
2993,818
2994,598
2995,808
2996,889
2997,523
2998,264
2999,516
3000,836
3001,964
3002,689
3003,519
3004,764
3005,950
3006,3
3007,841
3008,330
3009,246
3010,265
3011,862
3012,876
3013,469
3014,837
3015,975
3016,513
3017,801
3018,390
3019,544
3020,543
3021,390
3022,799
3023,308
3024,429
3025,913
3026,669
3027,692
3028,66
3029,208
3030,173
3031,329
3032,65
3033,826
3034,876
3035,265
3036,703
3037,537
3038,517
3039,848
3040,249
3041,754
3042,865
3043,435
3044,444
3045,838
3046,317
3047,824
3048,619
3049,270
3050,879
3051,431
3052,516
3053,673
3054,183
3055,525
3056,666
3057,735
3058,228
3059,534
3060,524
3061,971
3062,682
3063,837
3064,369
3065,650
3066,598
3067,860
3068,839
3069,67
3070,749
3071,609
3072,892
3073,534
3074,306
3075,504
3076,889
3077,114
3078,939
3079,480
3080,961
3081,818
3082,817
3083,848
3084,830
3085,846
3086,844
3087,873
3088,538
3089,923
3090,721
3091,464
3092,681
3093,791
3094,39
3095,612
3096,689
3097,733
3098,349
3099,248
3100,168
3101,784
3102,201
3103,536
3104,619
3105,32
3106,526
3107,595
3108,40
3109,303
3110,426
3111,884
3112,930
3113,655
3114,151
3115,377
3116,695
3117,173
3118,310
3119,552
3120,383
3121,58
3122,551
3123,838
3124,67
3125,295
3126,358
3127,643
3128,905
3129,266
3130,142
3131,443
3132,631
3133,447
3134,914
3135,724
3136,265
3137,473
3138,854
3139,683
3140,155
3141,772
3142,427
3143,180
3144,978
3145,167
3146,589
3147,519
3148,412
3149,60
3150,542
3151,244
3152,921
3153,964
3154,692
3155,931
3156,638
3157,585
3158,664
3159,665
3160,668
3161,300
3162,459
3163,848
3164,52
3165,596
3166,30
3167,691
3168,287
3169,976
3170,898
3171,960
3172,235
3173,709
3174,523
3175,776
3176,578
3177,445
3178,405
3179,419
3180,651
3181,968
3182,282
3183,549
3184,499
3185,265
3186,695
3187,227
3188,599
3189,930
3190,190
3191,462
3192,523
3193,895
3194,675
3195,608
3196,858
3197,610
3198,961
3199,493
3200,101
3201,457
3202,447
3203,582
3204,78
3205,602
3206,881
3207,710
3208,857
3209,496
3210,871
3211,373
3212,699
3213,418
3214,885
3215,478
3216,765
3217,693
3218,836
3219,911
3220,826
3221,872
3222,702
3223,473
3224,684
3225,477
3226,238
3227,484
3228,57
3229,445
3230,725
3231,538
3232,689
3233,124
3234,546
3235,532
3236,414
3237,837
3238,250
3239,311
3240,751
3241,652
3242,23
3243,813
3244,928
3245,377
3246,269
3247,10
3248,862
3249,367
3250,969
3251,492
3252,237
3253,737
3254,881
3255,222
3256,656
3257,702
3258,954
3259,974
3260,400
3261,185
3262,377
3263,423
3264,846
3265,605
3266,836
3267,348
3268,36
3269,366
3270,97
3271,70
3272,165
3273,151
3274,516
3275,488
3276,587
3277,943
3278,445
3279,198
3280,925
3281,424
3282,309
3283,243
3284,977
3285,911
3286,725
3287,386
3288,910
3289,592
3290,601
3291,446
3292,524
3293,385
3294,855
3295,385
3296,416
3297,764
3298,949
3299,318
3300,907
3301,271
3302,26
3303,787
3304,409
3305,692
3306,432
3307,358
3308,316
3309,919
3310,290
3311,706
3312,406
3313,769
3314,240
3315,622
3316,348
3317,173
3318,186
3319,961
3320,6
3321,660
3322,949
3323,868
3324,587
3325,505
3326,34
3327,684
3328,650
3329,975
3330,482
3331,464
3332,577
3333,618
3334,670
3335,117
3336,391
3337,689
3338,429
3339,395
3340,0
3341,834
3342,975
3343,327
3344,671
3345,855
3346,623
3347,902
3348,633
3349,370
3350,836
3351,827
3352,504
3353,620
3354,918
3355,96
3356,446
3357,526
3358,608
3359,979
3360,898
3361,781
3362,123
3363,909
3364,594
3365,876
3366,633
3367,608
3368,501
3369,782
3370,953
3371,524
3372,526
3373,607
3374,703
3375,977
3376,754
3377,490
3378,851
3379,623
3380,427
3381,762
3382,188
3383,33
3384,162
3385,522
3386,599
3387,21
3388,124
3389,930
3390,869
3391,681
3392,601
3393,846
3394,772
3395,568
3396,211
3397,54
3398,33
3399,839
3400,121
3401,805
3402,898
3403,248
3404,4
3405,660
3406,899
3407,73
3408,584
3409,293
3410,54
3411,381
3412,610
3413,46
3414,896
3415,866
3416,556
3417,151
3418,817
3419,769
3420,52
3421,599
3422,539
3423,531
3424,907
3425,884
3426,655
3427,501
3428,623
3429,474
3430,656
3431,199
3432,461
3433,976
3434,708
3435,999
3436,478
3437,605
3438,600
3439,85
3440,549
3441,693
3442,415
3443,221
3444,687
3445,70
3446,484
3447,901
3448,414
3449,271
3450,656
3451,697
3452,731
3453,681
3454,861
3455,464
3456,487
3457,852
3458,488
3459,485
3460,745
3461,981
3462,842
3463,105
3464,40
3465,680
3466,757
3467,267
3468,696
3469,632
3470,735
3471,485
3472,963
3473,232
3474,415
3475,482
3476,966
3477,493
3478,431
3479,911
3480,811
3481,975
3482,751
3483,481
3484,775
3485,414
3486,312
3487,485
3488,101
3489,757
3490,844
3491,499
3492,958
3493,477
3494,985
3495,930
3496,838
3497,733
3498,635
3499,875
3500,665
3501,161
3502,623
3503,602
3504,356
3505,967
3506,381
3507,185
3508,852
3509,925
3510,633
3511,524
3512,328
3513,761
3514,624
3515,996
3516,412
3517,799
3518,474
3519,445
3520,341
3521,444
3522,943
3523,357
3524,665
3525,879
3526,799
3527,473
3528,50
3529,670
3530,381
3531,748
3532,999
3533,619
3534,221
3535,601
3536,657
3537,639
3538,445
3539,804
3540,504
3541,446
3542,837
3543,907
3544,976
3545,374
3546,706
3547,264
3548,632
3549,960
3550,600
3551,383
3552,541
3553,240
3554,409
3555,694
3556,969
3557,292
3558,862
3559,183
3560,450
3561,663
3562,633
3563,485
3564,917
3565,590
3566,533
3567,469
3568,799
3569,438
3570,869
3571,787
3572,207
3573,830
3574,921
3575,308
3576,116
3577,526
3578,773
3579,526
3580,200
3581,797
3582,931
3583,896
3584,407
3585,591
3586,470
3587,598
3588,501
3589,755
3590,879
3591,556
3592,252
3593,478
3594,885
3595,577
3596,828
3597,415
3598,752
3599,507
3600,664
3601,41
3602,358
3603,515
3604,464
3605,876
3606,409
3607,860
3608,888
3609,902
3610,209
3611,353
3612,796
3613,981
3614,638
3615,617
3616,832
3617,730
3618,464
3619,384
3620,481
3621,101
3622,272
3623,374
3624,488
3625,931
3626,231
3627,246
3628,615
3629,633
3630,513
3631,506
3632,898
3633,358
3634,315
3635,843
3636,555
3637,710
3638,443
3639,776
3640,217
3641,596
3642,415
3643,541
3644,926
3645,627
3646,551
3647,449
3648,923
3649,360
3650,982
3651,499
3652,710
3653,837
3654,954
3655,842
3656,961
3657,184
3658,68
3659,793
3660,52
3661,192
3662,672
3663,673
3664,337
3665,710
3666,574
3667,802
3668,498
3669,791
3670,862
3671,981
3672,655
3673,677
3674,826
3675,163
3676,954
3677,830
3678,903
3679,212
3680,973
3681,867
3682,673
3683,906
3684,968
3685,740
3686,925
3687,250
3688,424
3689,798
3690,889
3691,85
3692,657
3693,390
3694,879
3695,967
3696,975
3697,702
3698,847
3699,999
3700,482
3701,909
3702,386
3703,658
3704,38
3705,486
3706,883
3707,528
3708,868
3709,639
3710,718
3711,907
3712,758
3713,73
3714,647
3715,854
3716,63
3717,743
3718,254
3719,883
3720,832
3721,389
3722,819
3723,482
3724,493
3725,937
3726,671
3727,919
3728,68
3729,694
3730,122
3731,830
3732,823
3733,815
3734,975
3735,142
3736,470
3737,278
3738,411
3739,968
3740,514
3741,767
3742,733
3743,66
3744,368
3745,810
3746,409
3747,883
3748,584
3749,240
3750,436
3751,784
3752,705
3753,436
3754,664
3755,229
3756,549
3757,268
3758,968
3759,972
3760,834
3761,638
3762,526
3763,223
3764,846
3765,608
3766,248
3767,714
3768,741
3769,265
3770,815
3771,703
3772,441
3773,241
3774,581
3775,415
3776,755
3777,36
3778,91
3779,542
3780,515
3781,610
3782,536
3783,163
3784,987
3785,578
3786,848
3787,403
3788,54
3789,962
3790,824
3791,184
3792,914
3793,513
3794,689
3795,496
3796,2
3797,894
3798,465
3799,222
3800,103
3801,979
3802,911
3803,436
3804,250
3805,170
3806,435
3807,893
3808,977
3809,486
3810,897
3811,141
3812,103
3813,219
3814,78
3815,681
3816,322
3817,265
3818,717
3819,819
3820,969
3821,93
3822,978
3823,893
3824,32
3825,443
3826,567
3827,448
3828,579
3829,107
3830,677
3831,837
3832,185
3833,502
3834,290
3835,618
3836,847
3837,407
3838,24
3839,793
3840,964
3841,677
3842,563
3843,596
3844,31
3845,994
3846,368
3847,530
3848,310
3849,390
3850,582
3851,360
3852,829
3853,131
3854,567
3855,877
3856,413
3857,631
3858,580
3859,418
3860,215
3861,734
3862,768
3863,856
3864,809
3865,409
3866,782
3867,650
3868,524
3869,712
3870,456
3871,539
3872,60
3873,828
3874,6
3875,686
3876,499
3877,82
3878,124
3879,538
3880,534
3881,210
3882,632
3883,415
3884,600
3885,232
3886,834
3887,635
3888,657
3889,844
3890,880
3891,875
3892,204
3893,35
3894,727
3895,386
3896,490
3897,827
3898,200
3899,197
3900,923
3901,161
3902,241
3903,424
3904,47
3905,32
3906,659
3907,32
3908,686
3909,305
3910,848
3911,823
3912,903
3913,837
3914,893
3915,742
3916,634
3917,589
3918,359
3919,428
3920,485
3921,591
3922,906
3923,536
3924,285
3925,846
3926,674
3927,899
3928,422
3929,165
3930,977
3931,750
3932,804
3933,970
3934,813
3935,265
3936,176
3937,970
3938,824
3939,32
3940,513
3941,435
3942,680
3943,531
3944,166
3945,979
3946,525
3947,449
3948,826
3949,551
3950,950
3951,836
3952,381
3953,725
3954,872
3955,74
3956,377
3957,283
3958,556
3959,246
3960,932
3961,856
3962,588
3963,972
3964,824
3965,932
3966,558
3967,911
3968,433
3969,765
3970,598
3971,40
3972,205
3973,104
3974,222
3975,541
3976,163
3977,885
3978,138
3979,632
3980,113
3981,239
3982,409
3983,894
3984,849
3985,973
3986,584
3987,906
3988,377
3989,879
3990,482
3991,226
3992,489
3993,74
3994,879
3995,778
3996,634
3997,438
3998,264
3999,973
4000,818
4001,68
4002,708
4003,441
4004,538
4005,366
4006,314
4007,569
4008,382
4009,490
4010,916
4011,763
4012,844
4013,975
4014,670
4015,371
4016,667
4017,205
4018,412
4019,455
4020,653
4021,361
4022,482
4023,827
4024,635
4025,729
4026,931
4027,968
4028,598
4029,514
4030,865
4031,494
4032,741
4033,468
4034,678
4035,657
4036,36
4037,479
4038,505
4039,811
4040,454
4041,667
4042,328
4043,662
4044,159
4045,202
4046,914
4047,706
4048,32
4049,231
4050,836
4051,166
4052,696
4053,162
4054,128
4055,600
4056,424
4057,86
4058,774
4059,108
4060,106
4061,644
4062,85
4063,996
4064,884
4065,878
4066,442
4067,830
4068,686
4069,856
4070,193
4071,964
4072,822
4073,751
4074,923
4075,840
4076,836
4077,236
4078,784
4079,164
4080,827
4081,782
4082,623
4083,475
4084,719
4085,553
4086,485
4087,564
4088,564
4089,73
4090,175
4091,31
4092,507
4093,635
4094,222
4095,909
4096,562
4097,663
4098,767
4099,235
4100,463
4101,964
4102,711
4103,879
4104,862
4105,164
4106,887
4107,20
4108,398
4109,386
4110,889
4111,231
4112,431
4113,791
4114,947
4115,468
4116,532
4117,817
4118,782
4119,911
4120,696
4121,502
4122,465
4123,422
4124,108
4125,799
4126,523
4127,663
4128,559
4129,583
4130,446
4131,762
4132,63
4133,978
4134,250
4135,776
4136,389
4137,111
4138,378
4139,899
4140,499
4141,728
4142,269
4143,232
4144,721
4145,673
4146,949
4147,689
4148,678
4149,610
4150,848
4151,852
4152,865
4153,636
4154,787
4155,65
4156,345
4157,818
4158,711
4159,60
4160,485
4161,272
4162,62
4163,862
4164,744
4165,742
4166,282
4167,817
4168,86
4169,663
4170,516
4171,358
4172,691
4173,925
4174,446
4175,830
4176,744
4177,230
4178,827
4179,273
4180,501
4181,120
4182,942
4183,503
4184,369
4185,86
4186,880
4187,844
4188,201
4189,586
4190,66
4191,130
4192,549
4193,844
4194,665
4195,785
4196,250
4197,461
4198,751
4199,620
4200,112
4201,700
4202,341
4203,842
4204,273
4205,784
4206,903
4207,728
4208,86
4209,901
4210,498
4211,675
4212,744
4213,849
4214,858
4215,462
4216,7
4217,691
4218,154
4219,530
4220,772
4221,46
4222,536
4223,928
4224,775
4225,35
4226,77
4227,897
4228,912
4229,744
4230,790
4231,664
4232,710
4233,517
4234,572
4235,577
4236,761
4237,435
4238,817
4239,745
4240,151
4241,793
4242,834
4243,161
4244,386
4245,187
4246,49
4247,242
4248,725
4249,666
4250,457
4251,378
4252,482
4253,584
4254,193
4255,927
4256,414
4257,929
4258,489
4259,588
4260,808
4261,806
4262,46
4263,51
4264,547
4265,463
4266,673
4267,590
4268,189
4269,247
4270,766
4271,952
4272,795
4273,907
4274,999
4275,544
4276,846
4277,740
4278,651
4279,56
4280,513
4281,667
4282,878
4283,393
4284,801
4285,66
4286,161
4287,807
4288,643
4289,532
4290,575
4291,479
4292,973
4293,202
4294,828
4295,969
4296,648
4297,743
4298,516
4299,978
4300,285
4301,56
4302,960
4303,747
4304,485
4305,572
4306,538
4307,461
4308,77
4309,837
4310,413
4311,837
4312,657
4313,513
4314,505
4315,297
4316,728
4317,2
4318,35
4319,511
4320,306
4321,394
4322,744
4323,497
4324,430
4325,666
4326,637
4327,970
4328,513
4329,684
4330,281
4331,769
4332,319
4333,287
4334,119
4335,639
4336,118
4337,543
4338,74
4339,304
4340,862
4341,692
4342,43
4343,886
4344,418
4345,750
4346,167
4347,383
4348,226
4349,159
4350,876
4351,285
4352,701
4353,660
4354,245
4355,693
4356,727
4357,119
4358,39
4359,847
4360,434
4361,653
4362,842
4363,414
4364,393
4365,589
4366,353
4367,860
4368,547
4369,68
4370,850
4371,972
4372,968
4373,837
4374,978
4375,848
4376,851
4377,920
4378,312
4379,906
4380,398
4381,715
4382,386
4383,747
4384,46
4385,557
4386,394
4387,979
4388,942
4389,646
4390,679
4391,824
4392,285
4393,808
4394,623
4395,277
4396,706
4397,997
4398,910
4399,386
4400,755
4401,873
4402,865
4403,636
4404,980
4405,237
4406,481
4407,290
4408,405
4409,844
4410,650
4411,393
4412,692
4413,984
4414,794
4415,478
4416,61
4417,821
4418,751
4419,906
4420,817
4421,718
4422,156
4423,435
4424,524
4425,590
4426,655
4427,722
4428,999
4429,502
4430,923
4431,441
4432,724
4433,503
4434,276
4435,796
4436,860
4437,970
4438,948
4439,567
4440,224
4441,458
4442,818
4443,695
4444,620
4445,775
4446,485
4447,629
4448,808
4449,602
4450,265
4451,949
4452,787
4453,177
4454,764
4455,725
4456,784
4457,493
4458,662
4459,515
4460,818
4461,858
4462,435
4463,885
4464,597
4465,714
4466,217
4467,238
4468,170
4469,571
4470,639
4471,191
4472,164
4473,330
4474,567
4475,629
4476,493
4477,347
4478,531
4479,638
4480,742
4481,351
4482,817
4483,308
4484,482
4485,841
4486,556
4487,695
4488,821
4489,534
4490,202
4491,819
4492,892
4493,6
4494,803
4495,705
4496,922
4497,124
4498,28
4499,514
4500,771
4501,878
4502,105
4503,717
4504,557
4505,944
4506,415
4507,474
4508,63
4509,879
4510,66
4511,790
4512,501
4513,801
4514,173
4515,132
4516,617
4517,386
4518,959
4519,877
4520,492
4521,569
4522,20
4523,488
4524,253
4525,581
4526,328
4527,549
4528,887
4529,484
4530,71
4531,188
4532,567
4533,572
4534,483
4535,473
4536,764
4537,814
4538,906
4539,733
4540,893
4541,60
4542,540
4543,434
4544,5
4545,771
4546,876
4547,764
4548,959
4549,844
4550,638
4551,729
4552,998
4553,526
4554,817
4555,348
4556,635
4557,976
4558,114
4559,170
4560,167
4561,499
4562,864
4563,197
4564,497
4565,911
4566,707
4567,427
4568,499
4569,358
4570,805
4571,379
4572,635
4573,225
4574,559
4575,570
4576,155
4577,60
4578,504
4579,431
4580,162
4581,273
4582,417
4583,925
4584,629
4585,233
4586,924
4587,183
4588,123
4589,408
4590,841
4591,493
4592,461
4593,667
4594,363
4595,266
4596,935
4597,743
4598,695
4599,531
4600,189
4601,896
4602,40
4603,181
4604,449
4605,219
4606,155
4607,77
4608,808
4609,813
4610,527
4611,101
4612,447
4613,249
4614,740
4615,821
4616,222
4617,622
4618,271
4619,101
4620,801
4621,814
4622,289
4623,418
4624,196
4625,880
4626,886
4627,504
4628,666
4629,638
4630,818
4631,860
4632,349
4633,248
4634,214
4635,516
4636,581
4637,440
4638,700
4639,497
4640,864
4641,853
4642,808
4643,818
4644,163
4645,967
4646,521
4647,262
4648,601
4649,474
4650,502
4651,841
4652,657
4653,541
4654,907
4655,271
4656,179
4657,221
4658,445
4659,966
4660,578
4661,101
4662,228
4663,200
4664,345
4665,834
4666,117
4667,759
4668,804
4669,165
4670,734
4671,536
4672,932
4673,731
4674,35
4675,743
4676,585
4677,634
4678,42
4679,373
4680,265
4681,126
4682,608
4683,730
4684,68
4685,967
4686,138
4687,272
4688,822
4689,128
4690,617
4691,140
4692,846
4693,744
4694,994
4695,301
4696,887
4697,978
4698,931
4699,923
4700,158
4701,468
4702,223
4703,660
4704,73
4705,556
4706,536
4707,856
4708,916
4709,804
4710,935
4711,2
4712,35
4713,558
4714,517
4715,485
4716,980
4717,266
4718,440
4719,866
4720,987
4721,665
4722,250
4723,510
4724,920
4725,489
4726,655
4727,584
4728,263
4729,542
4730,887
4731,637
4732,14
4733,696
4734,879
4735,861
4736,493
4737,588
4738,731
4739,842
4740,515
4741,68
4742,541
4743,32
4744,698
4745,219
4746,978
4747,834
4748,854
4749,424
4750,847
4751,482
4752,446
4753,717
4754,765
4755,40
4756,196
4757,878
4758,350
4759,380
4760,873
4761,311
4762,311
4763,488
4764,590
4765,698
4766,395
4767,799
4768,808
4769,534
4770,553
4771,523
4772,173
4773,740
4774,959
4775,184
4776,921
4777,664
4778,778
4779,981
4780,623
4781,724
4782,743
4783,631
4784,761
4785,428
4786,467
4787,530
4788,643
4789,734
4790,636
4791,519
4792,812
4793,366
4794,485
4795,901
4796,733
4797,558
4798,714
4799,924
4800,813
4801,856
4802,730
4803,465
4804,962
4805,329
4806,977
4807,108
4808,919
4809,693
4810,730
4811,828
4812,664
4813,52
4814,457
4815,689
4816,725
4817,538
4818,860
4819,622
4820,806
4821,239
4822,680
4823,591
4824,898
4825,394
4826,153
4827,773
4828,681
4829,978
4830,413
4831,978
4832,474
4833,585
4834,485
4835,760
4836,383
4837,725
4838,836
4839,446
4840,131
4841,925
4842,127
4843,155
4844,497
4845,885
4846,263
4847,633
4848,232
4849,272
4850,834
4851,465
4852,848
4853,747
4854,835
4855,99
4856,689
4857,743
4858,615
4859,562
4860,116
4861,740
4862,579
4863,966
4864,715
4865,266
4866,969
4867,165
4868,674
4869,980
4870,658
4871,585
4872,877
4873,406
4874,689
4875,389
4876,706
4877,504
4878,143
4879,907
4880,474
4881,598
4882,754
4883,449
4884,845
4885,438
4886,421
4887,435
4888,230
4889,504
4890,843
4891,271
4892,67
4893,479
4894,267
4895,926
4896,711
4897,807
4898,921
4899,585
4900,767
4901,638
4902,7
4903,593
4904,622
4905,754
4906,600
4907,882
4908,252
4909,549
4910,885
4911,484
4912,62
4913,633
4914,434
4915,623
4916,413
4917,485
4918,352
4919,837
4920,520
4921,506
4922,688
4923,632
4924,455
4925,134
4926,32
4927,744
4928,964
4929,200
4930,999
4931,300
4932,277
4933,926
4934,482
4935,846
4936,664
4937,449
4938,513
4939,662
4940,205
4941,230
4942,457
4943,712
4944,227
4945,488
4946,745
4947,180
4948,767
4949,415
4950,633
4951,931
4952,619
4953,885
4954,894
4955,172
4956,651
4957,646
4958,899
4959,689
4960,45
4961,152
4962,592
4963,400
4964,599
4965,810
4966,976
4967,180
4968,885
4969,792
4970,778
4971,34
4972,138
4973,418
4974,925
4975,193
4976,702
4977,824
4978,37
4979,527
4980,781
4981,865
4982,623
4983,446
4984,836
4985,998
4986,657
4987,893
4988,421
4989,705
4990,29
4991,634
4992,385
4993,724
4994,385
4995,784
4996,469
4997,357
4998,501
4999,484
5000,624
5001,730
5002,158
5003,515
5004,731
5005,630
5006,153
5007,531
5008,620
5009,195
5010,992
5011,240
5012,475
5013,884
5014,620
5015,47
5016,329
5017,809
5018,454
5019,889
5020,867
5021,624
5022,186
5023,735
5024,207
5025,16
5026,415
5027,818
5028,849
5029,390
5030,314
5031,503
5032,177
5033,946
5034,651
5035,213
5036,958
5037,564
5038,827
5039,493
5040,250
5041,266
5042,841
5043,656
5044,349
5045,838
5046,657
5047,527
5048,511
5049,738
5050,991
5051,638
5052,532
5053,8
5054,207
5055,619
5056,47
5057,505
5058,851
5059,66
5060,167
5061,834
5062,368
5063,858
5064,349
5065,967
5066,689
5067,620
5068,411
5069,483
5070,409
5071,846
5072,216
5073,313
5074,737
5075,237
5076,447
5077,237
5078,735
5079,769
5080,651
5081,461
5082,750
5083,463
5084,167
5085,444
5086,758
5087,77
5088,757
5089,587
5090,68
5091,928
5092,278
5093,448
5094,987
5095,638
5096,438
5097,696
5098,415
5099,714
5100,894
5101,316
5102,544
5103,191
5104,789
5105,909
5106,869
5107,445
5108,975
5109,547
5110,711
5111,535
5112,641
5113,443
5114,787
5115,233
5116,811
5117,166
5118,836
5119,446
5120,438
5121,445
5122,415
5123,146
5124,596
5125,961
5126,769
5127,639
5128,454
5129,61
5130,912
5131,740
5132,926
5133,219
5134,865
5135,845
5136,248
5137,691
5138,269
5139,728
5140,502
5141,420
5142,872
5143,446
5144,589
5145,987
5146,68
5147,842
5148,652
5149,628
5150,461
5151,794
5152,490
5153,435
5154,799
5155,619
5156,578
5157,285
5158,57
5159,510
5160,824
5161,211
5162,726
5163,441
5164,813
5165,315
5166,400
5167,636
5168,782
5169,806
5170,935
5171,926
5172,622
5173,857
5174,975
5175,409
5176,38
5177,961
5178,66
5179,309
5180,114
5181,277
5182,158
5183,761
5184,623
5185,558
5186,633
5187,402
5188,586
5189,530
5190,551
5191,961
5192,468
5193,600
5194,602
5195,558
5196,780
5197,838
5198,434
5199,538
5200,905
5201,892
5202,657
5203,777
5204,884
5205,422
5206,482
5207,453
5208,998
5209,407
5210,462
5211,875
5212,811
5213,660
5214,597
5215,45
5216,201
5217,878
5218,507
5219,947
5220,742
5221,674
5222,725
5223,269
5224,906
5225,966
5226,698
5227,416
5228,482
5229,297
5230,7
5231,657
5232,741
5233,220
5234,643
5235,195
5236,349
5237,492
5238,119
5239,823
5240,133
5241,523
5242,732
5243,409
5244,8
5245,567
5246,604
5247,865
5248,287
5249,288
5250,996
5251,595
5252,396
5253,236
5254,809
5255,168
5256,782
5257,529
5258,790
5259,543
5260,664
5261,795
5262,515
5263,193
5264,675
5265,784
5266,643
5267,492
5268,773
5269,922
5270,386
5271,177
5272,272
5273,523
5274,485
5275,201
5276,598
5277,888
5278,412
5279,202
5280,616
5281,155
5282,150
5283,892
5284,849
5285,614
5286,967
5287,44
5288,658
5289,818
5290,493
5291,885
5292,190
5293,514
5294,237
5295,895
5296,479
5297,885
5298,503
5299,879
5300,629
5301,524
5302,914
5303,618
5304,910
5305,583
5306,544
5307,493
5308,760
5309,518
5310,925
5311,693
5312,795
5313,939
5314,748
5315,535
5316,695
5317,860
5318,619
5319,197
5320,525
5321,204
5322,731
5323,629
5324,987
5325,634
5326,490
5327,627
5328,761
5329,128
5330,836
5331,211
5332,794
5333,458
5334,673
5335,871
5336,272
5337,201
5338,663
5339,434
5340,940
5341,633
5342,788
5343,435
5344,968
5345,414
5346,970
5347,680
5348,767
5349,475
5350,443
5351,952
5352,531
5353,617
5354,725
5355,459
5356,944
5357,474
5358,178
5359,545
5360,389
5361,501
5362,628
5363,808
5364,504
5365,742
5366,66
5367,636
5368,619
5369,768
5370,888
5371,762
5372,754
5373,864
5374,782
5375,828
5376,835
5377,884
5378,966
5379,62
5380,389
5381,73
5382,921
5383,653
5384,893
5385,57
5386,539
5387,536
5388,622
5389,737
5390,823
5391,77
5392,696
5393,245
5394,939
5395,411
5396,526
5397,361
5398,930
5399,269
5400,893
5401,741
5402,876
5403,923
5404,461
5405,414
5406,738
5407,383
5408,401
5409,836
5410,103
5411,534
5412,412
5413,844
5414,738
5415,891
5416,196
5417,480
5418,819
5419,126
5420,499
5421,469
5422,720
5423,213
5424,224
5425,727
5426,860
5427,708
5428,678
5429,60
5430,68
5431,477
5432,375
5433,818
5434,75
5435,365
5436,35
5437,453
5438,883
5439,744
5440,852
5441,298
5442,956
5443,68
5444,431
5445,433
5446,454
5447,497
5448,774
5449,401
5450,799
5451,705
5452,266
5453,693
5454,717
5455,505
5456,281
5457,36
5458,73
5459,238
5460,274
5461,210
5462,872
5463,349
5464,813
5465,226
5466,869
5467,49
5468,503
5469,942
5470,592
5471,77
5472,428
5473,193
5474,690
5475,501
5476,649
5477,167
5478,759
5479,671
5480,537
5481,75
5482,893
5483,519
5484,815
5485,705
5486,460
5487,541
5488,653
5489,912
5490,624
5491,46
5492,60
5493,943
5494,883
5495,765
5496,873
5497,997
5498,173
5499,408
5500,906
5501,412
5502,838
5503,487
5504,804
5505,156
5506,167
5507,818
5508,557
5509,617
5510,784
5511,265
5512,675
5513,485
5514,278
5515,469
5516,650
5517,721
5518,586
5519,692
5520,608
5521,479
5522,483
5523,278
5524,299
5525,741
5526,167
5527,66
5528,556
5529,817
5530,885
5531,187
5532,620
5533,728
5534,110
5535,566
5536,23
5537,121
5538,932
5539,913
5540,935
5541,302
5542,263
5543,305
5544,457
5545,514
5546,575
5547,876
5548,495
5549,708
5550,318
5551,827
5552,733
5553,461
5554,638
5555,456
5556,413
5557,619
5558,470
5559,531
5560,418
5561,900
5562,151
5563,389
5564,880
5565,972
5566,620
5567,238
5568,982
5569,715
5570,774
5571,822
5572,969
5573,845
5574,819
5575,602
5576,158
5577,931
5578,970
5579,505
5580,965
5581,728
5582,647
5583,222
5584,72
5585,473
5586,661
5587,857
5588,879
5589,421
5590,639
5591,837
5592,901
5593,501
5594,774
5595,541
5596,406
5597,488
5598,222
5599,930
5600,966
5601,528
5602,171
5603,536
5604,435
5605,75
5606,419
5607,633
5608,791
5609,694
5610,523
5611,895
5612,981
5613,703
5614,690
5615,633
5616,978
5617,876
5618,904
5619,774
5620,806
5621,166
5622,149
5623,166
5624,521
5625,490
5626,648
5627,868
5628,188
5629,821
5630,492
5631,508
5632,836
5633,567
5634,114
5635,829
5636,107
5637,697
5638,962
5639,878
5640,592
5641,923
5642,928
5643,647
5644,618
5645,101
5646,438
5647,660
5648,656
5649,432
5650,676
5651,232
5652,345
5653,747
5654,587
5655,837
5656,786
5657,149
5658,359
5659,581
5660,586
5661,402
5662,27
5663,707
5664,576
5665,847
5666,489
5667,782
5668,748
5669,414
5670,799
5671,445
5672,488
5673,730
5674,101
5675,113
5676,819
5677,836
5678,843
5679,45
5680,998
5681,598
5682,857
5683,463
5684,624
5685,526
5686,267
5687,358
5688,762
5689,957
5690,537
5691,593
5692,817
5693,928
5694,804
5695,636
5696,471
5697,165
5698,899
5699,206
5700,539
5701,532
5702,383
5703,272
5704,240
5705,631
5706,155
5707,504
5708,636
5709,438
5710,965
5711,380
5712,269
5713,564
5714,108
5715,860
5716,159
5717,977
5718,762
5719,857
5720,825
5721,898
5722,652
5723,153
5724,260
5725,536
5726,412
5727,201
5728,790
5729,395
5730,113
5731,526
5732,951
5733,634
5734,787
5735,547
5736,248
5737,433
5738,780
5739,692
5740,591
5741,639
5742,248
5743,218
5744,911
5745,527
5746,836
5747,6
5748,936
5749,408
5750,777
5751,266
5752,488
5753,911
5754,348
5755,657
5756,658
5757,975
5758,240
5759,312
5760,303
5761,735
5762,438
5763,489
5764,409
5765,382
5766,245
5767,196
5768,922
5769,499
5770,856
5771,320
5772,278
5773,509
5774,598
5775,744
5776,46
5777,978
5778,951
5779,894
5780,620
5781,482
5782,641
5783,484
5784,686
5785,96
5786,636
5787,465
5788,180
5789,635
5790,896
5791,972
5792,747
5793,841
5794,987
5795,452
5796,529
5797,50
5798,620
5799,693
5800,414
5801,740
5802,73
5803,653
5804,657
5805,435
5806,568
5807,226
5808,905
5809,226
5810,33
5811,478
5812,609
5813,676
5814,784
5815,997
5816,463
5817,592
5818,434
5819,925
5820,520
5821,524
5822,818
5823,36
5824,369
5825,733
5826,749
5827,924
5828,695
5829,747
5830,791
5831,222
5832,762
5833,841
5834,967
5835,911
5836,656
5837,173
5838,637
5839,754
5840,509
5841,436
5842,217
5843,945
5844,631
5845,673
5846,587
5847,192
5848,315
5849,638
5850,249
5851,876
5852,636
5853,34
5854,692
5855,698
5856,374
5857,80
5858,921
5859,765
5860,460
5861,854
5862,834
5863,526
5864,764
5865,549
5866,828
5867,368
5868,492
5869,642
5870,382
5871,383
5872,469
5873,878
5874,528
5875,411
5876,901
5877,454
5878,623
5879,184
5880,834
5881,362
5882,818
5883,667
5884,206
5885,836
5886,584
5887,290
5888,415
5889,16
5890,119
5891,883
5892,464
5893,111
5894,620
5895,359
5896,499
5897,477
5898,304
5899,670
5900,482
5901,243
5902,238
5903,885
5904,166
5905,404
5906,531
5907,712
5908,697
5909,534
5910,799
5911,476
5912,56
5913,717
5914,655
5915,413
5916,128
5917,809
5918,278
5919,540
5920,949
5921,374
5922,878
5923,618
5924,883
5925,846
5926,741
5927,819
5928,408
5929,493
5930,728
5931,677
5932,266
5933,975
5934,689
5935,470
5936,689
5937,982
5938,47
5939,413
5940,970
5941,738
5942,921
5943,557
5944,461
5945,977
5946,916
5947,607
5948,811
5949,624
5950,422
5951,415
5952,390
5953,497
5954,179
5955,43
5956,976
5957,897
5958,909
5959,867
5960,462
5961,260
5962,557
5963,373
5964,677
5965,956
5966,123
5967,978
5968,930
5969,412
5970,776
5971,266
5972,94
5973,999
5974,165
5975,460
5976,976
5977,484
5978,591
5979,434
5980,479
5981,782
5982,577
5983,647
5984,601
5985,493
5986,111
5987,664
5988,189
5989,949
5990,572
5991,806
5992,250
5993,456
5994,878
5995,681
5996,484
5997,892
5998,983
5999,285
6000,634
6001,117
6002,302
6003,158
6004,126
6005,689
6006,987
6007,144
6008,729
6009,642
6010,852
6011,757
6012,841
6013,639
6014,305
6015,797
6016,942
6017,282
6018,902
6019,373
6020,887
6021,633
6022,484
6023,758
6024,691
6025,896
6026,309
6027,710
6028,509
6029,865
6030,717
6031,785
6032,677
6033,664
6034,308
6035,709
6036,418
6037,250
6038,349
6039,240
6040,386
6041,699
6042,815
6043,557
6044,932
6045,515
6046,543
6047,434
6048,193
6049,731
6050,751
6051,823
6052,834
6053,926
6054,782
6055,541
6056,773
6057,228
6058,184
6059,346
6060,811
6061,158
6062,359
6063,689
6064,890
6065,265
6066,587
6067,661
6068,167
6069,898
6070,505
6071,806
6072,792
6073,75
6074,580
6075,545
6076,657
6077,266
6078,358
6079,712
6080,691
6081,65
6082,278
6083,520
6084,917
6085,797
6086,59
6087,587
6088,445
6089,818
6090,807
6091,710
6092,62
6093,764
6094,917
6095,675
6096,58
6097,319
6098,883
6099,344
6100,889
6101,632
6102,420
6103,447
6104,448
6105,806
6106,920
6107,457
6108,445
6109,162
6110,654
6111,702
6112,617
6113,264
6114,492
6115,186
6116,409
6117,377
6118,511
6119,710
6120,824
6121,302
6122,415
6123,68
6124,872
6125,115
6126,273
6127,12
6128,558
6129,770
6130,305
6131,792
6132,550
6133,454
6134,617
6135,960
6136,78
6137,923
6138,979
6139,437
6140,636
6141,232
6142,912
6143,412
6144,733
6145,43
6146,567
6147,731
6148,811
6149,418
6150,982
6151,210
6152,187
6153,618
6154,483
6155,46
6156,732
6157,648
6158,503
6159,969
6160,240
6161,536
6162,855
6163,906
6164,228
6165,923
6166,620
6167,593
6168,74
6169,654
6170,901
6171,461
6172,414
6173,372
6174,795
6175,837
6176,559
6177,825
6178,930
6179,68
6180,675
6181,896
6182,609
6183,575
6184,838
6185,907
6186,782
6187,270
6188,168
6189,64
6190,572
6191,482
6192,447
6193,440
6194,527
6195,452
6196,703
6197,756
6198,478
6199,907
6200,434
6201,457
6202,499
6203,908
6204,630
6205,326
6206,642
6207,310
6208,749
6209,462
6210,200
6211,638
6212,526
6213,64
6214,978
6215,725
6216,373
6217,714
6218,639
6219,636
6220,513
6221,432
6222,809
6223,771
6224,358
6225,862
6226,638
6227,848
6228,789
6229,655
6230,309
6231,681
6232,349
6233,697
6234,664
6235,732
6236,907
6237,530
6238,725
6239,982
6240,646
6241,838
6242,424
6243,463
6244,786
6245,667
6246,73
6247,104
6248,692
6249,189
6250,99
6251,754
6252,309
6253,657
6254,590
6255,660
6256,268
6257,600
6258,548
6259,689
6260,708
6261,602
6262,140
6263,151
6264,427
6265,979
6266,452
6267,731
6268,540
6269,652
6270,754
6271,124
6272,124
6273,233
6274,825
6275,964
6276,619
6277,182
6278,187
6279,941
6280,203
6281,733
6282,150
6283,647
6284,167
6285,883
6286,600
6287,227
6288,726
6289,638
6290,744
6291,818
6292,960
6293,793
6294,519
6295,790
6296,523
6297,868
6298,799
6299,120
6300,897
6301,66
6302,415
6303,465
6304,743
6305,440
6306,348
6307,153
6308,278
6309,724
6310,709
6311,338
6312,683
6313,536
6314,240
6315,624
6316,414
6317,250
6318,876
6319,885
6320,549
6321,740
6322,326
6323,304
6324,60
6325,478
6326,4
6327,233
6328,532
6329,632
6330,824
6331,636
6332,477
6333,555
6334,599
6335,909
6336,902
6337,196
6338,349
6339,442
6340,935
6341,778
6342,120
6343,747
6344,120
6345,551
6346,869
6347,911
6348,882
6349,250
6350,704
6351,455
6352,752
6353,72
6354,662
6355,77
6356,787
6357,397
6358,445
6359,663
6360,147
6361,550
6362,497
6363,709
6364,844
6365,799
6366,593
6367,767
6368,434
6369,813
6370,728
6371,689
6372,969
6373,836
6374,414
6375,813
6376,901
6377,68
6378,243
6379,903
6380,729
6381,877
6382,412
6383,119
6384,775
6385,79
6386,899
6387,341
6388,659
6389,893
6390,834
6391,606
6392,431
6393,838
6394,866
6395,263
6396,377
6397,782
6398,764
6399,281
6400,514
6401,733
6402,35
6403,632
6404,698
6405,68
6406,513
6407,415
6408,828
6409,543
6410,975
6411,436
6412,615
6413,846
6414,530
6415,810
6416,740
6417,675
6418,443
6419,77
6420,904
6421,748
6422,163
6423,593
6424,740
6425,690
6426,575
6427,619
6428,910
6429,883
6430,667
6431,831
6432,809
6433,273
6434,424
6435,68
6436,285
6437,115
6438,925
6439,77
6440,358
6441,750
6442,725
6443,591
6444,582
6445,596
6446,46
6447,529
6448,272
6449,508
6450,938
6451,552
6452,922
6453,940
6454,515
6455,670
6456,526
6457,235
6458,124
6459,610
6460,4
6461,935
6462,516
6463,925
6464,856
6465,786
6466,889
6467,232
6468,634
6469,478
6470,449
6471,710
6472,558
6473,775
6474,240
6475,965
6476,36
6477,961
6478,875
6479,36
6480,883
6481,629
6482,976
6483,273
6484,872
6485,435
6486,866
6487,10
6488,893
6489,271
6490,706
6491,577
6492,747
6493,949
6494,588
6495,741
6496,516
6497,46
6498,743
6499,550
6500,193
6501,632
6502,870
6503,759
6504,609
6505,285
6506,631
6507,413
6508,708
6509,175
6510,73
6511,575
6512,202
6513,534
6514,428
6515,342
6516,706
6517,248
6518,657
6519,852
6520,403
6521,961
6522,287
6523,861
6524,810
6525,180
6526,73
6527,390
6528,413
6529,885
6530,495
6531,782
6532,917
6533,527
6534,883
6535,681
6536,485
6537,54
6538,635
6539,270
6540,729
6541,644
6542,906
6543,653
6544,158
6545,536
6546,844
6547,110
6548,635
6549,841
6550,66
6551,186
6552,673
6553,767
6554,972
6555,623
6556,823
6557,504
6558,764
6559,971
6560,781
6561,411
6562,963
6563,696
6564,58
6565,782
6566,201
6567,883
6568,399
6569,578
6570,16
6571,762
6572,778
6573,582
6574,751
6575,825
6576,470
6577,572
6578,894
6579,799
6580,737
6581,600
6582,580
6583,971
6584,219
6585,32
6586,526
6587,338
6588,861
6589,398
6590,131
6591,633
6592,747
6593,542
6594,414
6595,618
6596,765
6597,868
6598,631
6599,44
6600,506
6601,380
6602,67
6603,86
6604,718
6605,605
6606,744
6607,356
6608,851
6609,509
6610,548
6611,524
6612,409
6613,278
6614,862
6615,733
6616,758
6617,529
6618,587
6619,930
6620,524
6621,467
6622,962
6623,643
6624,42
6625,380
6626,592
6627,753
6628,914
6629,525
6630,657
6631,68
6632,72
6633,753
6634,622
6635,855
6636,167
6637,717
6638,503
6639,434
6640,501
6641,358
6642,731
6643,859
6644,257
6645,906
6646,977
6647,665
6648,813
6649,514
6650,158
6651,252
6652,558
6653,728
6654,789
6655,151
6656,197
6657,460
6658,621
6659,159
6660,567
6661,585
6662,987
6663,835
6664,167
6665,539
6666,543
6667,921
6668,935
6669,839
6670,493
6671,570
6672,482
6673,842
6674,445
6675,248
6676,753
6677,786
6678,745
6679,833
6680,938
6681,151
6682,708
6683,114
6684,657
6685,54
6686,543
6687,468
6688,899
6689,369
6690,549
6691,709
6692,118
6693,774
6694,386
6695,597
6696,885
6697,951
6698,260
6699,509
6700,718
6701,623
6702,580
6703,120
6704,799
6705,464
6706,681
6707,159
6708,856
6709,582
6710,925
6711,572
6712,60
6713,935
6714,468
6715,765
6716,493
6717,733
6718,650
6719,327
6720,818
6721,847
6722,363
6723,236
6724,945
6725,659
6726,691
6727,913
6728,629
6729,620
6730,206
6731,431
6732,41
6733,850
6734,427
6735,246
6736,681
6737,464
6738,454
6739,620
6740,888
6741,201
6742,581
6743,793
6744,504
6745,454
6746,539
6747,558
6748,750
6749,909
6750,620
6751,983
6752,514
6753,419
6754,761
6755,297
6756,677
6757,272
6758,718
6759,650
6760,360
6761,46
6762,749
6763,943
6764,558
6765,232
6766,681
6767,663
6768,999
6769,702
6770,329
6771,544
6772,170
6773,950
6774,461
6775,869
6776,830
6777,933
6778,86
6779,241
6780,381
6781,839
6782,876
6783,40
6784,530
6785,165
6786,634
6787,416
6788,659
6789,928
6790,938
6791,217
6792,708
6793,205
6794,709
6795,848
6796,271
6797,34
6798,841
6799,129
6800,386
6801,975
6802,153
6803,638
6804,461
6805,706
6806,741
6807,383
6808,883
6809,189
6810,876
6811,736
6812,775
6813,759
6814,858
6815,62
6816,657
6817,823
6818,563
6819,527
6820,899
6821,485
6822,544
6823,680
6824,725
6825,294
6826,636
6827,819
6828,898
6829,744
6830,917
6831,492
6832,894
6833,834
6834,654
6835,999
6836,212
6837,74
6838,707
6839,543
6840,957
6841,895
6842,567
6843,498
6844,979
6845,630
6846,983
6847,947
6848,180
6849,818
6850,731
6851,598
6852,222
6853,295
6854,663
6855,717
6856,849
6857,934
6858,435
6859,319
6860,559
6861,916
6862,558
6863,598
6864,710
6865,505
6866,347
6867,84
6868,770
6869,780
6870,226
6871,101
6872,199
6873,549
6874,402
6875,504
6876,165
6877,705
6878,762
6879,348
6880,819
6881,613
6882,558
6883,999
6884,416
6885,952
6886,438
6887,500
6888,133
6889,99
6890,752
6891,797
6892,831
6893,235
6894,366
6895,34
6896,730
6897,453
6898,345
6899,556
6900,970
6901,806
6902,845
6903,881
6904,566
6905,657
6906,836
6907,678
6908,104
6909,919
6910,205
6911,586
6912,639
6913,310
6914,643
6915,836
6916,467
6917,964
6918,601
6919,179
6920,435
6921,827
6922,657
6923,857
6924,981
6925,678
6926,599
6927,568
6928,60
6929,598
6930,395
6931,398
6932,882
6933,855
6934,442
6935,519
6936,636
6937,577
6938,527
6939,461
6940,32
6941,494
6942,585
6943,503
6944,414
6945,461
6946,664
6947,884
6948,521
6949,167
6950,758
6951,712
6952,789
6953,381
6954,526
6955,68
6956,907
6957,599
6958,541
6959,860
6960,64
6961,658
6962,750
6963,202
6964,731
6965,657
6966,28
6967,871
6968,663
6969,68
6970,894
6971,724
6972,44
6973,516
6974,358
6975,968
6976,837
6977,885
6978,527
6979,588
6980,653
6981,929
6982,639
6983,723
6984,671
6985,597
6986,587
6987,163
6988,728
6989,976
6990,907
6991,864
6992,231
6993,317
6994,670
6995,842
6996,996
6997,885
6998,539
6999,191
7000,780
7001,928
7002,140
7003,318
7004,502
7005,414
7006,503
7007,826
7008,799
7009,943
7010,81
7011,177
7012,954
7013,784
7014,173
7015,8
7016,542
7017,62
7018,68
7019,590
7020,521
7021,638
7022,700
7023,887
7024,764
7025,828
7026,453
7027,690
7028,204
7029,968
7030,833
7031,636
7032,454
7033,846
7034,496
7035,448
7036,380
7037,872
7038,901
7039,2
7040,550
7041,582
7042,345
7043,79
7044,888
7045,903
7046,703
7047,782
7048,901
7049,827
7050,358
7051,163
7052,600
7053,949
7054,687
7055,663
7056,809
7057,590
7058,319
7059,578
7060,810
7061,510
7062,859
7063,469
7064,902
7065,877
7066,899
7067,733
7068,402
7069,650
7070,305
7071,734
7072,705
7073,272
7074,553
7075,981
7076,857
7077,865
7078,513
7079,545
7080,158
7081,715
7082,923
7083,230
7084,968
7085,526
7086,527
7087,959
7088,289
7089,619
7090,431
7091,839
7092,388
7093,767
7094,272
7095,709
7096,610
7097,706
7098,451
7099,443
7100,662
7101,499
7102,748
7103,40
7104,405
7105,904
7106,635
7107,633
7108,171
7109,664
7110,797
7111,519
7112,745
7113,26
7114,970
7115,1
7116,777
7117,39
7118,911
7119,663
7120,412
7121,452
7122,477
7123,810
7124,817
7125,526
7126,199
7127,63
7128,823
7129,782
7130,924
7131,852
7132,581
7133,493
7134,587
7135,861
7136,478
7137,5
7138,437
7139,425
7140,309
7141,883
7142,948
7143,203
7144,272
7145,428
7146,754
7147,905
7148,77
7149,935
7150,597
7151,230
7152,26
7153,183
7154,847
7155,442
7156,813
7157,442
7158,234
7159,708
7160,631
7161,859
7162,664
7163,788
7164,836
7165,914
7166,114
7167,897
7168,980
7169,857
7170,887
7171,841
7172,734
7173,968
7174,972
7175,849
7176,527
7177,157
7178,834
7179,285
7180,976
7181,599
7182,911
7183,681
7184,479
7185,23
7186,187
7187,585
7188,744
7189,892
7190,824
7191,841
7192,585
7193,664
7194,388
7195,813
7196,960
7197,767
7198,618
7199,179
7200,636
7201,646
7202,868
7203,748
7204,760
7205,446
7206,818
7207,427
7208,692
7209,341
7210,579
7211,151
7212,539
7213,650
7214,743
7215,200
7216,653
7217,478
7218,933
7219,675
7220,151
7221,632
7222,429
7223,888
7224,997
7225,40
7226,980
7227,160
7228,633
7229,695
7230,681
7231,341
7232,506
7233,911
7234,794
7235,474
7236,386
7237,345
7238,478
7239,750
7240,744
7241,919
7242,923
7243,895
7244,968
7245,240
7246,36
7247,155
7248,495
7249,445
7250,597
7251,750
7252,422
7253,782
7254,295
7255,531
7256,813
7257,358
7258,257
7259,908
7260,579
7261,126
7262,501
7263,454
7264,977
7265,794
7266,159
7267,461
7268,647
7269,559
7270,412
7271,250
7272,302
7273,733
7274,841
7275,598
7276,895
7277,738
7278,683
7279,559
7280,1
7281,271
7282,359
7283,585
7284,601
7285,305
7286,415
7287,602
7288,797
7289,596
7290,962
7291,189
7292,591
7293,356
7294,40
7295,233
7296,819
7297,928
7298,473
7299,987
7300,330
7301,161
7302,506
7303,170
7304,164
7305,242
7306,42
7307,553
7308,939
7309,728
7310,465
7311,860
7312,921
7313,653
7314,999
7315,744
7316,865
7317,640
7318,762
7319,838
7320,992
7321,163
7322,383
7323,116
7324,590
7325,706
7326,623
7327,41
7328,846
7329,250
7330,584
7331,824
7332,549
7333,60
7334,220
7335,493
7336,909
7337,634
7338,799
7339,289
7340,750
7341,845
7342,527
7343,158
7344,686
7345,59
7346,520
7347,452
7348,935
7349,380
7350,639
7351,676
7352,400
7353,30
7354,165
7355,860
7356,891
7357,982
7358,314
7359,550
7360,774
7361,168
7362,438
7363,509
7364,651
7365,322
7366,462
7367,180
7368,828
7369,540
7370,997
7371,501
7372,947
7373,423
7374,400
7375,559
7376,733
7377,767
7378,975
7379,77
7380,667
7381,414
7382,205
7383,438
7384,830
7385,196
7386,526
7387,896
7388,151
7389,371
7390,735
7391,454
7392,243
7393,226
7394,314
7395,631
7396,738
7397,691
7398,899
7399,904
7400,487
7401,950
7402,804
7403,77
7404,709
7405,187
7406,437
7407,253
7408,836
7409,349
7410,281
7411,999
7412,40
7413,68
7414,937
7415,219
7416,374
7417,886
7418,248
7419,698
7420,443
7421,166
7422,602
7423,221
7424,868
7425,678
7426,682
7427,201
7428,240
7429,973
7430,760
7431,758
7432,704
7433,504
7434,970
7435,698
7436,35
7437,436
7438,336
7439,708
7440,272
7441,692
7442,698
7443,328
7444,869
7445,3
7446,52
7447,626
7448,548
7449,55
7450,552
7451,488
7452,651
7453,266
7454,690
7455,469
7456,479
7457,958
7458,510
7459,841
7460,961
7461,826
7462,7
7463,876
7464,725
7465,410
7466,541
7467,743
7468,777
7469,664
7470,906
7471,202
7472,478
7473,704
7474,348
7475,478
7476,257
7477,600
7478,681
7479,950
7480,650
7481,44
7482,922
7483,787
7484,393
7485,15
7486,932
7487,436
7488,807
7489,664
7490,637
7491,619
7492,406
7493,559
7494,664
7495,778
7496,589
7497,434
7498,346
7499,888
7500,643
7501,358
7502,538
7503,746
7504,421
7505,728
7506,885
7507,63
7508,787
7509,445
7510,837
7511,629
7512,839
7513,482
7514,655
7515,501
7516,679
7517,173
7518,427
7519,65
7520,848
7521,437
7522,455
7523,7
7524,966
7525,371
7526,280
7527,753
7528,638
7529,983
7530,790
7531,201
7532,60
7533,433
7534,391
7535,134
7536,971
7537,639
7538,596
7539,269
7540,489
7541,635
7542,276
7543,587
7544,432
7545,266
7546,654
7547,598
7548,314
7549,744
7550,880
7551,782
7552,284
7553,231
7554,855
7555,21
7556,903
7557,969
7558,559
7559,960
7560,374
7561,585
7562,516
7563,211
7564,137
7565,172
7566,359
7567,527
7568,65
7569,386
7570,610
7571,728
7572,243
7573,627
7574,836
7575,482
7576,365
7577,517
7578,623
7579,227
7580,735
7581,511
7582,66
7583,502
7584,978
7585,706
7586,765
7587,46
7588,149
7589,637
7590,999
7591,349
7592,165
7593,717
7594,497
7595,403
7596,446
7597,906
7598,917
7599,759
7600,818
7601,998
7602,527
7603,836
7604,869
7605,740
7606,501
7607,40
7608,852
7609,158
7610,490
7611,467
7612,917
7613,560
7614,390
7615,502
7616,359
7617,899
7618,762
7619,735
7620,702
7621,563
7622,700
7623,689
7624,651
7625,44
7626,795
7627,597
7628,577
7629,770
7630,841
7631,443
7632,513
7633,906
7634,769
7635,524
7636,826
7637,473
7638,605
7639,666
7640,662
7641,656
7642,126
7643,186
7644,907
7645,650
7646,979
7647,572
7648,638
7649,524
7650,66
7651,495
7652,202
7653,545
7654,508
7655,708
7656,277
7657,503
7658,796
7659,437
7660,865
7661,797
7662,605
7663,848
7664,999
7665,59
7666,622
7667,624
7668,480
7669,66
7670,357
7671,190
7672,269
7673,608
7674,227
7675,680
7676,590
7677,470
7678,558
7679,778
7680,349
7681,960
7682,456
7683,999
7684,523
7685,591
7686,769
7687,632
7688,771
7689,861
7690,288
7691,79
7692,767
7693,352
7694,811
7695,168
7696,744
7697,809
7698,424
7699,786
7700,495
7701,399
7702,841
7703,423
7704,827
7705,712
7706,463
7707,770
7708,619
7709,504
7710,526
7711,237
7712,538
7713,245
7714,378
7715,517
7716,435
7717,791
7718,686
7719,738
7720,971
7721,112
7722,677
7723,7
7724,285
7725,380
7726,266
7727,848
7728,122
7729,551
7730,464
7731,481
7732,745
7733,324
7734,208
7735,394
7736,725
7737,549
7738,619
7739,748
7740,960
7741,588
7742,823
7743,754
7744,406
7745,683
7746,55
7747,504
7748,282
7749,307
7750,189
7751,312
7752,813
7753,578
7754,733
7755,524
7756,798
7757,948
7758,679
7759,813
7760,987
7761,992
7762,218
7763,641
7764,564
7765,818
7766,100
7767,531
7768,720
7769,46
7770,598
7771,839
7772,590
7773,62
7774,706
7775,167
7776,753
7777,813
7778,405
7779,919
7780,927
7781,687
7782,641
7783,823
7784,810
7785,968
7786,465
7787,512
7788,65
7789,503
7790,639
7791,77
7792,145
7793,283
7794,945
7795,789
7796,298
7797,828
7798,50
7799,689
7800,423
7801,423
7802,957
7803,969
7804,66
7805,860
7806,871
7807,526
7808,718
7809,460
7810,271
7811,470
7812,461
7813,543
7814,710
7815,402
7816,209
7817,464
7818,405
7819,555
7820,556
7821,812
7822,509
7823,689
7824,549
7825,848
7826,912
7827,748
7828,431
7829,709
7830,62
7831,971
7832,795
7833,587
7834,421
7835,923
7836,926
7837,457
7838,241
7839,810
7840,478
7841,939
7842,884
7843,62
7844,908
7845,101
7846,664
7847,997
7848,493
7849,841
7850,792
7851,598
7852,503
7853,623
7854,845
7855,876
7856,622
7857,488
7858,648
7859,865
7860,247
7861,887
7862,30
7863,700
7864,32
7865,740
7866,536
7867,867
7868,983
7869,708
7870,588
7871,930
7872,487
7873,563
7874,213
7875,618
7876,847
7877,949
7878,748
7879,664
7880,443
7881,660
7882,700
7883,939
7884,664
7885,490
7886,667
7887,308
7888,285
7889,894
7890,919
7891,524
7892,504
7893,223
7894,532
7895,478
7896,470
7897,733
7898,459
7899,541
7900,477
7901,976
7902,240
7903,600
7904,968
7905,647
7906,250
7907,721
7908,494
7909,622
7910,516
7911,148
7912,681
7913,546
7914,738
7915,470
7916,500
7917,589
7918,792
7919,976
7920,885
7921,979
7922,602
7923,240
7924,740
7925,998
7926,623
7927,673
7928,846
7929,881
7930,659
7931,585
7932,939
7933,436
7934,20
7935,926
7936,444
7937,895
7938,914
7939,408
7940,60
7941,534
7942,204
7943,592
7944,914
7945,673
7946,236
7947,808
7948,843
7949,404
7950,675
7951,325
7952,691
7953,853
7954,175
7955,503
7956,480
7957,612
7958,980
7959,985
7960,345
7961,309
7962,447
7963,501
7964,624
7965,887
7966,368
7967,749
7968,662
7969,562
7970,706
7971,478
7972,464
7973,962
7974,281
7975,459
7976,624
7977,717
7978,680
7979,66
7980,558
7981,265
7982,247
7983,479
7984,403
7985,618
7986,520
7987,558
7988,345
7989,273
7990,676
7991,602
7992,146
7993,166
7994,101
7995,925
7996,837
7997,299
7998,165
7999,202
8000,838
8001,787
8002,753
8003,257
8004,237
8005,210
8006,599
8007,385
8008,766
8009,848
8010,848
8011,115
8012,857
8013,193
8014,908
8015,860
8016,906
8017,881
8018,979
8019,836
8020,176
8021,186
8022,200
8023,862
8024,997
8025,838
8026,12
8027,479
8028,891
8029,690
8030,544
8031,683
8032,424
8033,931
8034,839
8035,413
8036,226
8037,126
8038,183
8039,766
8040,141
8041,929
8042,240
8043,313
8044,238
8045,167
8046,623
8047,108
8048,395
8049,644
8050,455
8051,151
8052,182
8053,968
8054,265
8055,742
8056,776
8057,20
8058,761
8059,782
8060,223
8061,807
8062,558
8063,219
8064,507
8065,831
8066,994
8067,246
8068,238
8069,735
8070,241
8071,484
8072,567
8073,847
8074,138
8075,482
8076,447
8077,336
8078,33
8079,284
8080,559
8081,846
8082,93
8083,461
8084,931
8085,717
8086,823
8087,465
8088,689
8089,224
8090,62
8091,105
8092,507
8093,617
8094,461
8095,40
8096,639
8097,567
8098,121
8099,593
8100,729
8101,287
8102,183
8103,201
8104,497
8105,797
8106,65
8107,312
8108,741
8109,418
8110,600
8111,943
8112,792
8113,718
8114,547
8115,161
8116,463
8117,585
8118,807
8119,214
8120,404
8121,256
8122,789
8123,233
8124,157
8125,53
8126,914
8127,505
8128,385
8129,579
8130,516
8131,132
8132,714
8133,241
8134,58
8135,960
8136,764
8137,987
8138,693
8139,412
8140,847
8141,666
8142,488
8143,198
8144,438
8145,171
8146,582
8147,892
8148,731
8149,710
8150,730
8151,134
8152,627
8153,631
8154,663
8155,705
8156,818
8157,301
8158,847
8159,373
8160,499
8161,740
8162,349
8163,626
8164,963
8165,588
8166,446
8167,620
8168,615
8169,382
8170,566
8171,767
8172,250
8173,841
8174,185
8175,590
8176,238
8177,175
8178,707
8179,591
8180,119
8181,385
8182,717
8183,81
8184,924
8185,443
8186,411
8187,924
8188,425
8189,331
8190,758
8191,280
8192,210
8193,271
8194,863
8195,692
8196,78
8197,35
8198,483
8199,467
8200,584
8201,285
8202,690
8203,453
8204,987
8205,471
8206,902
8207,638
8208,944
8209,281
8210,897
8211,204
8212,349
8213,678
8214,431
8215,506
8216,824
8217,67
8218,187
8219,584
8220,851
8221,400
8222,608
8223,633
