Q0,A0
Q1,A1
Q2,A1
Q3,A1
Q4,A2
Q5,A0
Q6,A0
Q7,A1
Q8,A0
Q9,A0
Q10,A1
Q11,A1
Q12,A0
Q13,A2
Q14,A1
Q15,A1
Q16,A0
Q17,A1
Q18,A0
Q19,A0
Q20,A1
Q21,A0
Q22,A0
Q23,A2
Q24,A0
Q25,A1
Q26,A0
Q27,A2
Q28,A1
Q29,A0
Q30,A1
Q31,A0
Q32,A2
Q33,A0
Q34,A1
Q35,A0
Q36,A0
Q37,A2
Q38,A0
Q39,A1
Q40,A1
Q41,A0
Q42,A1
Q43,A2
Q44,A0
Q45,A1
Q46,A0
Q47,A2
Q48,A0
Q49,A0
Q50,A0
Q51,A1
Q52,A0
Q53,A2
Q54,A1
Q55,A2
Q56,A2
Q57,A1
Q58,A2
Q59,A2
Q60,A1
Q61,A0
Q62,A0
Q63,A0
Q64,A2
Q65,A2
Q66,A1
Q67,A1
Q68,A2
Q69,A1
Q70,A2
Q71,A1
Q72,A2
Q73,A0
Q74,A1
Q75,A2
Q76,A0
Q77,A1
Q78,A0
Q79,A1
Q80,A2
Q81,A1
Q82,A1
Q83,A0
Q84,A1
Q85,A1
Q86,A0
Q87,A0
Q88,A1
Q89,A2
Q90,A1
Q91,A1
Q92,A1
Q93,A0
Q94,A1
Q95,A1
Q96,A0
Q97,A2
Q98,A1
Q99,A0
Q100,A2
Q101,A1
Q102,A0
Q103,A0
Q104,A0
Q105,A1
Q106,A1
Q107,A1
Q108,A0
Q109,A1
Q110,A1
Q111,A1
Q112,A2
Q113,A1
Q114,A2
Q115,A0
Q116,A2
Q117,A1
Q118,A1
Q119,A0
Q120,A0
Q121,A2
Q122,A2
Q123,A1
Q124,A0
Q125,A1
Q126,A2
Q127,A0
Q128,A2
Q129,A0
Q130,A0
Q131,A1
Q132,A0
Q133,A0
Q134,A1
Q135,A0
Q136,A1
Q137,A2
Q138,A2
Q139,A2
Q140,A0
Q141,A2
Q142,A0
Q143,A0
Q144,A2
Q145,A2
Q146,A0
Q147,A0
Q148,A2
Q149,A2
Q150,A1
Q151,A2
Q152,A1
Q153,A2
Q154,A0
Q155,A0
Q156,A0
Q157,A0
Q158,A1
Q159,A2
Q160,A2
Q161,A1
Q162,A1
Q163,A2
Q164,A2
Q165,A0
Q166,A1
Q167,A0
Q168,A1
Q169,A2
Q170,A1
Q171,A1
Q172,A2
Q173,A0
Q174,A1
Q175,A2
Q176,A2
Q177,A1
Q178,A2
Q179,A0
Q180,A0
Q181,A2
Q182,A2
Q183,A2
Q184,A0
Q185,A0
Q186,A0
Q187,A1
Q188,A1
Q189,A0
Q190,A0
Q191,A2
Q192,A0
Q193,A2
Q194,A1
Q195,A0
Q196,A0
Q197,A0
Q198,A0
Q199,A1
Q200,A1
Q201,A0
Q202,A2
Q203,A1
Q204,A0
Q205,A0
Q206,A0
Q207,A0
Q208,A1
Q209,A1
Q210,A1
Q211,A0
Q212,A1
Q213,A0
Q214,A1
Q215,A1
Q216,A2
Q217,A1
Q218,A1
Q219,A1
Q220,A1
Q221,A0
Q222,A2
Q223,A0
Q224,A0
Q225,A1
Q226,A0
Q227,A1
Q228,A1
Q229,A0
Q230,A1
Q231,A1
Q232,A1
Q233,A2
Q234,A1
Q235,A0
Q236,A0
Q237,A0
Q238,A0
Q239,A1
Q240,A2
Q241,A0
Q242,A1
Q243,A1
Q244,A2
Q245,A0
Q246,A0
Q247,A2
Q248,A1
Q249,A0
Q250,A1
Q251,A2
Q252,A1
Q253,A0
Q254,A0
Q255,A2
Q256,A1
Q257,A1
Q258,A1
Q259,A1
Q260,A1
Q261,A1
Q262,A0
Q263,A0
Q264,A2
Q265,A1
Q266,A0
Q267,A1
Q268,A2
Q269,A1
Q270,A2
Q271,A0
Q272,A1
Q273,A1
Q274,A2
Q275,A0
Q276,A0
Q277,A2
Q278,A1
Q279,A0
Q280,A0
Q281,A2
Q282,A2
Q283,A1
Q284,A2
Q285,A2
Q286,A2
Q287,A0
Q288,A2
Q289,A2
Q290,A1
Q291,A0
Q292,A0
Q293,A0
Q294,A0
Q295,A2
Q296,A2
Q297,A0
Q298,A2
Q299,A1
Q300,A2
Q301,A1
Q302,A0
Q303,A1
Q304,A1
Q305,A0
Q306,A0
Q307,A2
Q308,A0
Q309,A0
Q310,A2
Q311,A0
Q312,A1
Q313,A0
Q314,A0
Q315,A1
Q316,A1
Q317,A1
Q318,A0
Q319,A2
Q320,A2
Q321,A0
Q322,A1
Q323,A0
Q324,A0
Q325,A2
Q326,A1
Q327,A0
Q328,A0
Q329,A0
Q330,A2
Q331,A1
Q332,A2
Q333,A1
Q334,A2
Q335,A0
Q336,A1
Q337,A1
Q338,A2
Q339,A1
Q340,A1
Q341,A1
Q342,A2
Q343,A2
Q344,A0
Q345,A0
Q346,A2
Q347,A2
Q348,A2
Q349,A0
Q350,A1
Q351,A2
Q352,A2
Q353,A2
Q354,A0
Q355,A2
Q356,A1
Q357,A2
Q358,A1
Q359,A0
Q360,A1
Q361,A1
Q362,A2
Q363,A0
Q364,A0
Q365,A0
Q366,A2
Q367,A0
Q368,A2
Q369,A0
Q370,A1
Q371,A1
Q372,A0
Q373,A1
Q374,A1
Q375,A1
Q376,A2
Q377,A0
Q378,A1
Q379,A1
Q380,A2
Q381,A0
Q382,A2
Q383,A0
Q384,A0
Q385,A1
Q386,A2
Q387,A1
Q388,A0
Q389,A2
Q390,A0
Q391,A1
Q392,A2
Q393,A0
Q394,A1
Q395,A2
Q396,A2
Q397,A0
Q398,A0
Q399,A0
Q400,A1
Q401,A0
Q402,A0
Q403,A1
Q404,A2
Q405,A0
Q406,A0
Q407,A0
Q408,A0
Q409,A0
Q410,A0
Q411,A0
Q412,A1
Q413,A2
Q414,A2
Q415,A2
Q416,A1
Q417,A2
Q418,A2
Q419,A1
Q420,A0
Q421,A0
Q422,A2
Q423,A0
Q424,A0
Q425,A0
Q426,A1
Q427,A0
Q428,A0
Q429,A2
Q430,A0
Q431,A0
Q432,A0
Q433,A0
Q434,A1
Q435,A1
Q436,A0
Q437,A2
Q438,A2
Q439,A0
Q440,A1
Q441,A0
Q442,A1
Q443,A2
Q444,A1
Q445,A2
Q446,A0
Q447,A1
Q448,A0
Q449,A2
Q450,A2
Q451,A1
Q452,A1
Q453,A0
Q454,A1
Q455,A0
Q456,A0
Q457,A1
Q458,A0
Q459,A0
Q460,A2
Q461,A2
Q462,A0
Q463,A2
Q464,A1
Q465,A1
Q466,A1
Q467,A0
Q468,A1
Q469,A0
Q470,A2
Q471,A2
Q472,A2
Q473,A0
Q474,A1
Q475,A2
Q476,A1
Q477,A0
Q478,A1
Q479,A1
Q480,A1
Q481,A2
Q482,A1
Q483,A2
Q484,A0
Q485,A2
Q486,A0
Q487,A1
Q488,A1
Q489,A1
Q490,A2
Q491,A1
Q492,A0
Q493,A0
Q494,A0
Q495,A1
Q496,A1
Q497,A1
Q498,A0
Q499,A1
Q500,A0
Q501,A1
Q502,A0
Q503,A1
Q504,A0
Q505,A1
Q506,A0
Q507,A2
Q508,A1
Q509,A0
Q510,A0
Q511,A1
Q512,A2
Q513,A0
Q514,A0
Q515,A0
Q516,A0
Q517,A2
Q518,A1
Q519,A1
Q520,A1
Q521,A2
Q522,A1
Q523,A2
Q524,A0
Q525,A1
Q526,A2
Q527,A0
Q528,A0
Q529,A1
Q530,A1
Q531,A0
Q532,A1
Q533,A0
Q534,A2
Q535,A1
Q536,A1
Q537,A2
Q538,A0
Q539,A2
Q540,A1
Q541,A1
Q542,A0
Q543,A2
Q544,A2
Q545,A0
Q546,A1
Q547,A1
Q548,A2
Q549,A2
Q550,A2
Q551,A1
Q552,A0
Q553,A2
Q554,A0
Q555,A1
Q556,A2
Q557,A0
Q558,A2
Q559,A1
Q560,A0
Q561,A2
Q562,A1
Q563,A0
Q564,A1
Q565,A1
Q566,A2
Q567,A1
Q568,A1
Q569,A0
Q570,A2
Q571,A2
Q572,A2
Q573,A0
Q574,A2
Q575,A0
Q576,A1
Q577,A1
Q578,A0
Q579,A2
Q580,A0
Q581,A2
Q582,A0
Q583,A1
Q584,A0
Q585,A0
Q586,A0
Q587,A1
Q588,A1
Q589,A1
Q590,A1
Q591,A1
Q592,A0
Q593,A0
Q594,A2
Q595,A1
Q596,A1
Q597,A2
Q598,A2
Q599,A0
Q600,A0
Q601,A2
Q602,A2
Q603,A1
Q604,A1
Q605,A1
Q606,A0
Q607,A1
Q608,A0
Q609,A0
Q610,A0
Q611,A0
Q612,A0
Q613,A2
Q614,A1
Q615,A0
Q616,A2
Q617,A1
Q618,A2
Q619,A1
Q620,A2
Q621,A0
Q622,A2
Q623,A1
Q624,A0
Q625,A2
Q626,A1
Q627,A1
Q628,A0
Q629,A0
Q630,A0
Q631,A0
Q632,A1
Q633,A1
Q634,A2
Q635,A0
Q636,A1
Q637,A1
Q638,A1
Q639,A0
Q640,A0
Q641,A1
Q642,A0
Q643,A0
Q644,A0
Q645,A2
Q646,A1
Q647,A1
Q648,A0
Q649,A0
Q650,A1
Q651,A1
Q652,A2
Q653,A1
Q654,A2
Q655,A1
Q656,A0
Q657,A1
Q658,A0
Q659,A0
Q660,A1
Q661,A1
Q662,A1
Q663,A0
Q664,A1
Q665,A0
Q666,A1
Q667,A2
Q668,A1
Q669,A0
Q670,A0
Q671,A0
Q672,A1
Q673,A2
Q674,A1
Q675,A0
Q676,A0
Q677,A1
Q678,A0
Q679,A0
Q680,A1
Q681,A0
Q682,A1
Q683,A0
Q684,A2
Q685,A0
Q686,A0
Q687,A1
Q688,A1
Q689,A2
Q690,A2
Q691,A0
Q692,A2
Q693,A2
Q694,A2
Q695,A0
Q696,A1
Q697,A2
Q698,A1
Q699,A1
Q700,A2
Q701,A0
Q702,A1
Q703,A2
Q704,A2
Q705,A1
Q706,A0
Q707,A1
Q708,A0
Q709,A0
Q710,A0
Q711,A1
Q712,A0
Q713,A1
Q714,A0
Q715,A0
Q716,A2
Q717,A1
Q718,A2
Q719,A0
Q720,A0
Q721,A2
Q722,A2
Q723,A1
Q724,A0
Q725,A1
Q726,A0
Q727,A0
Q728,A1
Q729,A1
Q730,A2
Q731,A0
Q732,A2
Q733,A2
Q734,A2
Q735,A2
Q736,A0
Q737,A1
Q738,A1
Q739,A2
Q740,A0
Q741,A0
Q742,A0
Q743,A0
Q744,A1
Q745,A1
Q746,A2
Q747,A1
Q748,A1
Q749,A0
Q750,A1
Q751,A0
Q752,A2
Q753,A0
Q754,A1
Q755,A0
Q756,A1
Q757,A2
Q758,A0
Q759,A0
Q760,A2
Q761,A0
Q762,A1
Q763,A2
Q764,A1
Q765,A2
Q766,A1
Q767,A1
Q768,A1
Q769,A2
Q770,A2
Q771,A0
Q772,A2
Q773,A2
Q774,A1
Q775,A1
Q776,A1
Q777,A2
Q778,A0
Q779,A2
Q780,A1
Q781,A0
Q782,A1
Q783,A1
Q784,A1
Q785,A2
Q786,A1
Q787,A1
Q788,A1
Q789,A0
Q790,A1
Q791,A0
Q792,A0
Q793,A1
Q794,A1
Q795,A1
Q796,A1
Q797,A2
Q798,A0
Q799,A0
Q800,A0
Q801,A2
Q802,A1
Q803,A2
Q804,A0
Q805,A1
Q806,A1
Q807,A2
Q808,A1
Q809,A1
Q810,A2
Q811,A1
Q812,A2
Q813,A2
Q814,A1
Q815,A2
Q816,A0
Q817,A0
Q818,A1
Q819,A0
Q820,A1
Q821,A0
Q822,A2
Q823,A2
Q824,A1
Q825,A2
Q826,A2
Q827,A1
Q828,A2
Q829,A2
Q830,A1
Q831,A2
Q832,A2
Q833,A0
Q834,A1
Q835,A0
Q836,A0
Q837,A1
Q838,A0
Q839,A1
Q840,A1
Q841,A1
Q842,A2
Q843,A2
Q844,A2
Q845,A1
Q846,A1
Q847,A0
Q848,A1
Q849,A0
Q850,A0
Q851,A2
Q852,A1
Q853,A0
Q854,A2
Q855,A2
Q856,A2
Q857,A1
Q858,A1
Q859,A0
Q860,A2
Q861,A0
Q862,A1
Q863,A0
Q864,A1
Q865,A1
Q866,A2
Q867,A1
Q868,A0
Q869,A1
Q870,A1
Q871,A2
Q872,A0
Q873,A1
Q874,A1
Q875,A1
Q876,A1
Q877,A1
Q878,A0
Q879,A2
Q880,A1
Q881,A0
Q882,A1
Q883,A2
Q884,A0
Q885,A0
Q886,A1
Q887,A2
Q888,A0
Q889,A2
Q890,A0
Q891,A0
Q892,A1
Q893,A0
Q894,A2
Q895,A1
Q896,A2
Q897,A2
Q898,A2
Q899,A2
Q900,A2
Q901,A0
Q902,A0
Q903,A1
Q904,A1
Q905,A1
Q906,A0
Q907,A1
Q908,A0
Q909,A2
Q910,A1
Q911,A1
Q912,A0
Q913,A1
Q914,A1
Q915,A0
Q916,A1
Q917,A2
Q918,A0
Q919,A2
Q920,A1
Q921,A0
Q922,A1
Q923,A0
Q924,A1
Q925,A0
Q926,A1
Q927,A2
Q928,A0
Q929,A0
Q930,A2
Q931,A2
Q932,A2
Q933,A1
Q934,A0
Q935,A1
Q936,A1
Q937,A1
Q938,A0
Q939,A1
Q940,A1
Q941,A0
Q942,A2
Q943,A2
Q944,A0
Q945,A1
Q946,A0
Q947,A1
Q948,A2
Q949,A1
Q950,A2
Q951,A1
Q952,A0
Q953,A1
Q954,A2
Q955,A0
Q956,A0
Q957,A1
Q958,A2
Q959,A1
Q960,A1
Q961,A0
Q962,A2
Q963,A0
Q964,A2
Q965,A0
Q966,A1
Q967,A0
Q968,A0
Q969,A0
Q970,A2
Q971,A2
Q972,A0
Q973,A2
Q974,A0
Q975,A1
Q976,A2
Q977,A0
Q978,A0
Q979,A1
Q980,A0
Q981,A1
Q982,A1
Q983,A1
Q984,A0
Q985,A2
Q986,A2
Q987,A0
Q988,A1
Q989,A1
Q990,A1
Q991,A0
Q992,A1
Q993,A2
Q994,A0
Q995,A1
Q996,A2
Q997,A0
Q998,A2
Q999,A0
Q1000,A0
Q1001,A1
Q1002,A0
Q1003,A1
Q1004,A1
Q1005,A0
Q1006,A2
Q1007,A1
Q1008,A1
Q1009,A1
Q1010,A1
Q1011,A1
Q1012,A2
Q1013,A2
Q1014,A0
Q1015,A0
Q1016,A0
Q1017,A1
Q1018,A1
Q1019,A1
Q1020,A2
Q1021,A1
Q1022,A0
Q1023,A1
Q1024,A1
Q1025,A1
Q1026,A2
Q1027,A1
Q1028,A2
Q1029,A0
Q1030,A0
Q1031,A2
Q1032,A1
Q1033,A1
Q1034,A2
Q1035,A1
Q1036,A1
Q1037,A0
Q1038,A2
Q1039,A2
Q1040,A2
Q1041,A2
Q1042,A1
Q1043,A0
Q1044,A0
Q1045,A1
Q1046,A2
Q1047,A1
Q1048,A2
Q1049,A1
Q1050,A1
Q1051,A0
Q1052,A1
Q1053,A2
Q1054,A0
Q1055,A1
Q1056,A0
Q1057,A1
Q1058,A0
Q1059,A0
Q1060,A1
Q1061,A0
Q1062,A2
Q1063,A2
Q1064,A1
Q1065,A0
Q1066,A0
Q1067,A0
Q1068,A2
Q1069,A1
Q1070,A1
Q1071,A1
Q1072,A2
Q1073,A2
Q1074,A0
Q1075,A1
Q1076,A0
Q1077,A2
Q1078,A1
Q1079,A1
Q1080,A0
Q1081,A1
Q1082,A2
Q1083,A0
Q1084,A0
Q1085,A1
Q1086,A1
Q1087,A0
Q1088,A2
Q1089,A1
Q1090,A0
Q1091,A1
Q1092,A0
Q1093,A0
Q1094,A0
Q1095,A2
Q1096,A1
Q1097,A0
Q1098,A1
Q1099,A0
Q1100,A0
Q1101,A1
Q1102,A1
Q1103,A2
Q1104,A1
Q1105,A1
Q1106,A2
Q1107,A2
Q1108,A2
Q1109,A1
Q1110,A1
Q1111,A1
Q1112,A1
Q1113,A0
Q1114,A1
Q1115,A0
Q1116,A0
Q1117,A2
Q1118,A0
Q1119,A0
Q1120,A0
Q1121,A0
Q1122,A2
Q1123,A2
Q1124,A0
Q1125,A1
Q1126,A1
Q1127,A1
Q1128,A1
Q1129,A1
Q1130,A1
Q1131,A1
Q1132,A0
Q1133,A2
Q1134,A0
Q1135,A0
Q1136,A2
Q1137,A2
Q1138,A1
Q1139,A1
Q1140,A1
Q1141,A2
Q1142,A1
Q1143,A2
Q1144,A0
Q1145,A1
Q1146,A0
Q1147,A0
Q1148,A0
Q1149,A1
Q1150,A0
Q1151,A0
Q1152,A1
Q1153,A2
Q1154,A0
Q1155,A1
Q1156,A0
Q1157,A1
Q1158,A1
Q1159,A1
Q1160,A1
Q1161,A0
Q1162,A0
Q1163,A2
Q1164,A0
Q1165,A0
Q1166,A1
Q1167,A1
Q1168,A1
Q1169,A0
Q1170,A1
Q1171,A1
Q1172,A2
Q1173,A0
Q1174,A0
Q1175,A0
Q1176,A1
Q1177,A0
Q1178,A0
Q1179,A0
Q1180,A1
Q1181,A1
Q1182,A0
Q1183,A1
Q1184,A2
Q1185,A0
Q1186,A2
Q1187,A1
Q1188,A1
Q1189,A1
Q1190,A2
Q1191,A0
Q1192,A0
Q1193,A1
Q1194,A1
Q1195,A2
Q1196,A1
Q1197,A1
Q1198,A2
Q1199,A2
Q1200,A1
Q1201,A1
Q1202,A2
Q1203,A0
Q1204,A2
Q1205,A1
Q1206,A0
Q1207,A2
Q1208,A1
Q1209,A0
Q1210,A0
Q1211,A1
Q1212,A1
Q1213,A1
Q1214,A1
Q1215,A1
Q1216,A2
Q1217,A1
Q1218,A2
Q1219,A0
Q1220,A1
Q1221,A0
Q1222,A1
Q1223,A1
Q1224,A2
Q1225,A2
Q1226,A0
Q1227,A1
Q1228,A0
Q1229,A1
Q1230,A1
Q1231,A0
Q1232,A2
Q1233,A2
Q1234,A0
Q1235,A1
Q1236,A0
Q1237,A1
Q1238,A0
Q1239,A1
Q1240,A2
Q1241,A0
Q1242,A1
Q1243,A2
Q1244,A1
Q1245,A0
Q1246,A0
Q1247,A1
Q1248,A2
Q1249,A1
Q1250,A2
Q1251,A2
Q1252,A2
Q1253,A0
Q1254,A1
Q1255,A0
Q1256,A0
Q1257,A0
Q1258,A1
Q1259,A2
Q1260,A1
Q1261,A2
Q1262,A2
Q1263,A2
Q1264,A2
Q1265,A1
Q1266,A0
Q1267,A0
Q1268,A1
Q1269,A2
Q1270,A1
Q1271,A1
Q1272,A0
Q1273,A1
Q1274,A1
Q1275,A2
Q1276,A0
Q1277,A0
Q1278,A1
Q1279,A2
Q1280,A2
Q1281,A0
Q1282,A0
Q1283,A1
Q1284,A1
Q1285,A0
Q1286,A2
Q1287,A0
Q1288,A1
Q1289,A0
Q1290,A2
Q1291,A1
Q1292,A1
Q1293,A1
Q1294,A0
Q1295,A2
Q1296,A1
Q1297,A0
Q1298,A2
Q1299,A1
Q1300,A1
Q1301,A2
Q1302,A1
Q1303,A1
Q1304,A2
Q1305,A0
Q1306,A0
Q1307,A1
Q1308,A2
Q1309,A2
Q1310,A2
Q1311,A1
Q1312,A0
Q1313,A2
Q1314,A1
Q1315,A2
Q1316,A1
Q1317,A1
Q1318,A1
Q1319,A1
Q1320,A2
Q1321,A1
Q1322,A1
Q1323,A2
Q1324,A1
Q1325,A2
Q1326,A2
Q1327,A0
Q1328,A0
Q1329,A0
Q1330,A0
Q1331,A0
Q1332,A0
Q1333,A2
Q1334,A2
Q1335,A1
Q1336,A1
Q1337,A0
Q1338,A0
Q1339,A0
Q1340,A2
Q1341,A1
Q1342,A0
Q1343,A0
Q1344,A1
Q1345,A2
Q1346,A2
Q1347,A0
Q1348,A2
Q1349,A2
Q1350,A1
Q1351,A1
Q1352,A1
Q1353,A2
Q1354,A1
Q1355,A1
Q1356,A1
Q1357,A1
Q1358,A0
Q1359,A1
Q1360,A2
Q1361,A2
Q1362,A2
Q1363,A2
Q1364,A0
Q1365,A1
Q1366,A0
Q1367,A1
Q1368,A1
Q1369,A0
Q1370,A1
Q1371,A1
Q1372,A1
Q1373,A2
Q1374,A0
Q1375,A1
Q1376,A1
Q1377,A1
Q1378,A0
Q1379,A1
Q1380,A0
Q1381,A1
Q1382,A1
Q1383,A2
Q1384,A1
Q1385,A0
Q1386,A0
Q1387,A1
Q1388,A2
Q1389,A1
Q1390,A1
Q1391,A2
Q1392,A1
Q1393,A0
Q1394,A0
Q1395,A1
Q1396,A2
Q1397,A2
Q1398,A1
Q1399,A0
Q1400,A0
Q1401,A0
Q1402,A1
Q1403,A0
Q1404,A1
Q1405,A0
Q1406,A2
Q1407,A0
Q1408,A1
Q1409,A2
Q1410,A1
Q1411,A0
Q1412,A2
Q1413,A1
Q1414,A1
Q1415,A2
Q1416,A0
Q1417,A2
Q1418,A1
Q1419,A0
Q1420,A1
Q1421,A0
Q1422,A1
Q1423,A1
Q1424,A1
Q1425,A2
Q1426,A0
Q1427,A1
Q1428,A0
Q1429,A2
Q1430,A2
Q1431,A2
Q1432,A2
Q1433,A1
Q1434,A1
Q1435,A2
Q1436,A2
Q1437,A1
Q1438,A2
Q1439,A0
Q1440,A0
Q1441,A1
Q1442,A1
Q1443,A0
Q1444,A2
Q1445,A1
Q1446,A1
Q1447,A0
Q1448,A1
Q1449,A2
Q1450,A1
Q1451,A1
Q1452,A0
Q1453,A2
Q1454,A1
Q1455,A1
Q1456,A0
Q1457,A2
Q1458,A2
Q1459,A2
Q1460,A1
Q1461,A1
Q1462,A0
Q1463,A0
Q1464,A2
Q1465,A0
Q1466,A1
Q1467,A1
Q1468,A0
Q1469,A2
Q1470,A0
Q1471,A0
Q1472,A1
Q1473,A2
Q1474,A2
Q1475,A2
Q1476,A0
Q1477,A2
Q1478,A1
Q1479,A0
Q1480,A2
Q1481,A0
Q1482,A2
Q1483,A1
Q1484,A1
Q1485,A1
Q1486,A1
Q1487,A1
Q1488,A0
Q1489,A0
Q1490,A0
Q1491,A1
Q1492,A1
Q1493,A0
Q1494,A0
Q1495,A2
Q1496,A1
Q1497,A1
Q1498,A0
Q1499,A2
Q1500,A2
Q1501,A1
Q1502,A0
Q1503,A2
Q1504,A1
Q1505,A1
Q1506,A1
Q1507,A2
Q1508,A1
Q1509,A0
Q1510,A1
Q1511,A1
Q1512,A0
Q1513,A0
Q1514,A0
Q1515,A0
Q1516,A0
Q1517,A2
Q1518,A2
Q1519,A1
Q1520,A0
Q1521,A0
Q1522,A0
Q1523,A0
Q1524,A0
Q1525,A1
Q1526,A1
Q1527,A2
Q1528,A2
Q1529,A1
Q1530,A1
Q1531,A1
Q1532,A2
Q1533,A2
Q1534,A1
Q1535,A0
Q1536,A0
Q1537,A1
Q1538,A0
Q1539,A1
Q1540,A1
Q1541,A1
Q1542,A1
Q1543,A1
Q1544,A1
Q1545,A2
Q1546,A0
Q1547,A1
Q1548,A1
Q1549,A2
Q1550,A1
Q1551,A0
Q1552,A1
Q1553,A1
Q1554,A2
Q1555,A1
Q1556,A1
Q1557,A1
Q1558,A0
Q1559,A1
Q1560,A1
Q1561,A2
Q1562,A2
Q1563,A2
Q1564,A2
Q1565,A2
Q1566,A1
Q1567,A1
Q1568,A0
Q1569,A1
Q1570,A0
Q1571,A1
Q1572,A0
Q1573,A1
Q1574,A1
Q1575,A0
Q1576,A0
Q1577,A2
Q1578,A0
Q1579,A2
Q1580,A0
Q1581,A2
Q1582,A1
Q1583,A1
Q1584,A1
Q1585,A1
Q1586,A1
Q1587,A1
Q1588,A1
Q1589,A2
Q1590,A0
Q1591,A2
Q1592,A1
Q1593,A1
Q1594,A0
Q1595,A2
Q1596,A1
Q1597,A0
Q1598,A1
Q1599,A2
Q1600,A0
Q1601,A1
Q1602,A1
Q1603,A2
Q1604,A0
Q1605,A1
Q1606,A1
Q1607,A2
Q1608,A0
Q1609,A2
Q1610,A1
Q1611,A0
Q1612,A1
Q1613,A0
Q1614,A0
Q1615,A0
Q1616,A2
Q1617,A0
Q1618,A1
Q1619,A2
Q1620,A0
Q1621,A1
Q1622,A0
Q1623,A1
Q1624,A1
Q1625,A0
Q1626,A2
Q1627,A0
Q1628,A0
Q1629,A1
Q1630,A1
Q1631,A0
Q1632,A0
Q1633,A2
Q1634,A0
Q1635,A2
Q1636,A0
Q1637,A2
Q1638,A1
Q1639,A1
Q1640,A0
Q1641,A1
Q1642,A1
Q1643,A0
Q1644,A1
Q1645,A1
Q1646,A2
Q1647,A0
Q1648,A1
Q1649,A2
Q1650,A1
Q1651,A0
Q1652,A0
Q1653,A0
Q1654,A0
Q1655,A0
Q1656,A0
Q1657,A1
Q1658,A1
Q1659,A1
Q1660,A0
Q1661,A2
Q1662,A2
Q1663,A2
Q1664,A1
Q1665,A1
Q1666,A1
Q1667,A2
Q1668,A0
Q1669,A2
Q1670,A1
Q1671,A0
Q1672,A0
Q1673,A1
Q1674,A0
Q1675,A0
Q1676,A2
Q1677,A2
Q1678,A0
Q1679,A0
Q1680,A2
Q1681,A0
Q1682,A1
Q1683,A0
Q1684,A1
Q1685,A2
Q1686,A1
Q1687,A2
Q1688,A2
Q1689,A1
Q1690,A0
Q1691,A1
Q1692,A2
Q1693,A2
Q1694,A1
Q1695,A0
Q1696,A0
Q1697,A2
Q1698,A0
Q1699,A0
Q1700,A0
Q1701,A1
Q1702,A2
Q1703,A0
Q1704,A1
Q1705,A1
Q1706,A1
Q1707,A0
Q1708,A0
Q1709,A0
Q1710,A1
Q1711,A0
Q1712,A0
Q1713,A1
Q1714,A1
Q1715,A1
Q1716,A0
Q1717,A1
Q1718,A0
Q1719,A1
Q1720,A0
Q1721,A1
Q1722,A2
Q1723,A1
Q1724,A0
Q1725,A2
Q1726,A2
Q1727,A0
Q1728,A0
Q1729,A1
Q1730,A1
Q1731,A1
Q1732,A1
Q1733,A1
Q1734,A0
Q1735,A1
Q1736,A2
Q1737,A1
Q1738,A0
Q1739,A1
Q1740,A0
Q1741,A0
Q1742,A2
Q1743,A0
Q1744,A0
Q1745,A1
Q1746,A0
Q1747,A0
Q1748,A1
Q1749,A2
Q1750,A0
Q1751,A0
Q1752,A0
Q1753,A2
Q1754,A2
Q1755,A2
Q1756,A1
Q1757,A2
Q1758,A1
Q1759,A1
Q1760,A0
Q1761,A0
Q1762,A1
Q1763,A0
Q1764,A0
Q1765,A0
Q1766,A1
Q1767,A0
Q1768,A1
Q1769,A1
Q1770,A1
Q1771,A2
Q1772,A2
Q1773,A0
Q1774,A1
Q1775,A1
Q1776,A2
Q1777,A0
Q1778,A0
Q1779,A2
Q1780,A0
Q1781,A2
Q1782,A2
Q1783,A0
Q1784,A1
Q1785,A0
Q1786,A1
Q1787,A0
Q1788,A1
Q1789,A0
Q1790,A2
Q1791,A1
Q1792,A0
Q1793,A1
Q1794,A0
Q1795,A1
Q1796,A1
Q1797,A2
Q1798,A1
Q1799,A0
Q1800,A1
Q1801,A2
Q1802,A1
Q1803,A0
Q1804,A1
Q1805,A0
Q1806,A0
Q1807,A2
Q1808,A1
Q1809,A2
Q1810,A0
Q1811,A1
Q1812,A1
Q1813,A2
Q1814,A0
Q1815,A1
Q1816,A1
Q1817,A2
Q1818,A2
Q1819,A1
Q1820,A0
Q1821,A0
Q1822,A0
Q1823,A0
Q1824,A1
Q1825,A1
Q1826,A0
Q1827,A1
Q1828,A0
Q1829,A0
Q1830,A1
Q1831,A0
Q1832,A0
Q1833,A2
Q1834,A1
Q1835,A0
Q1836,A2
Q1837,A2
Q1838,A2
Q1839,A2
Q1840,A0
Q1841,A1
Q1842,A1
Q1843,A0
Q1844,A0
Q1845,A0
Q1846,A1
Q1847,A2
Q1848,A1
Q1849,A0
Q1850,A1
Q1851,A0
Q1852,A2
Q1853,A0
Q1854,A2
Q1855,A1
Q1856,A2
Q1857,A1
Q1858,A1
Q1859,A1
Q1860,A0
Q1861,A1
Q1862,A0
Q1863,A0
Q1864,A2
Q1865,A0
Q1866,A2
Q1867,A1
Q1868,A2
Q1869,A2
Q1870,A0
Q1871,A0
Q1872,A1
Q1873,A1
Q1874,A2
Q1875,A1
Q1876,A0
Q1877,A0
Q1878,A1
Q1879,A0
Q1880,A0
Q1881,A0
Q1882,A0
Q1883,A0
Q1884,A0
Q1885,A0
Q1886,A0
Q1887,A2
Q1888,A1
Q1889,A1
Q1890,A0
Q1891,A0
Q1892,A2
Q1893,A0
Q1894,A2
Q1895,A2
Q1896,A0
Q1897,A2
Q1898,A2
Q1899,A2
Q1900,A0
Q1901,A1
Q1902,A2
Q1903,A0
Q1904,A2
Q1905,A2
Q1906,A1
Q1907,A2
Q1908,A1
Q1909,A2
Q1910,A2
Q1911,A2
Q1912,A2
Q1913,A1
Q1914,A2
Q1915,A0
Q1916,A0
Q1917,A2
Q1918,A1
Q1919,A1
Q1920,A2
Q1921,A0
Q1922,A0
Q1923,A1
Q1924,A0
Q1925,A0
Q1926,A0
Q1927,A1
Q1928,A1
Q1929,A1
Q1930,A1
Q1931,A0
Q1932,A0
Q1933,A0
Q1934,A1
Q1935,A0
Q1936,A2
Q1937,A2
Q1938,A0
Q1939,A0
Q1940,A1
Q1941,A2
Q1942,A0
Q1943,A2
Q1944,A0
Q1945,A0
Q1946,A2
Q1947,A1
Q1948,A1
Q1949,A0
Q1950,A0
Q1951,A0
Q1952,A1
Q1953,A0
Q1954,A0
Q1955,A0
Q1956,A1
Q1957,A1
Q1958,A1
Q1959,A0
Q1960,A0
Q1961,A1
Q1962,A1
Q1963,A1
Q1964,A0
Q1965,A2
Q1966,A1
Q1967,A0
Q1968,A0
Q1969,A0
Q1970,A1
Q1971,A1
Q1972,A1
Q1973,A0
Q1974,A2
Q1975,A1
Q1976,A1
Q1977,A0
Q1978,A2
Q1979,A0
Q1980,A2
Q1981,A0
Q1982,A1
Q1983,A0
Q1984,A2
Q1985,A0
Q1986,A1
Q1987,A0
Q1988,A1
Q1989,A2
Q1990,A0
Q1991,A2
Q1992,A0
Q1993,A2
Q1994,A1
Q1995,A1
Q1996,A0
Q1997,A2
Q1998,A1
Q1999,A1
Q2000,A0
Q2001,A2
Q2002,A1
Q2003,A2
Q2004,A0
Q2005,A1
Q2006,A0
Q2007,A0
Q2008,A1
Q2009,A0
Q2010,A0
Q2011,A0
Q2012,A1
Q2013,A2
Q2014,A1
Q2015,A1
Q2016,A1
Q2017,A1
Q2018,A0
Q2019,A0
Q2020,A1
Q2021,A1
Q2022,A1
Q2023,A1
Q2024,A1
Q2025,A2
Q2026,A1
Q2027,A0
Q2028,A0
Q2029,A0
Q2030,A0
Q2031,A1
Q2032,A2
Q2033,A2
Q2034,A0
Q2035,A1
Q2036,A2
Q2037,A0
Q2038,A0
Q2039,A2
Q2040,A1
Q2041,A1
Q2042,A0
Q2043,A1
Q2044,A1
Q2045,A0
Q2046,A2
Q2047,A1
Q2048,A1
Q2049,A0
Q2050,A2
Q2051,A2
Q2052,A0
Q2053,A1
Q2054,A2
Q2055,A1
Q2056,A2
Q2057,A0
Q2058,A1
Q2059,A2
Q2060,A0
Q2061,A0
Q2062,A0
Q2063,A2
Q2064,A1
Q2065,A0
Q2066,A1
Q2067,A2
Q2068,A2
Q2069,A2
Q2070,A0
Q2071,A2
Q2072,A0
Q2073,A1
Q2074,A2
Q2075,A0
Q2076,A0
Q2077,A0
Q2078,A0
Q2079,A1
Q2080,A1
Q2081,A0
Q2082,A0
Q2083,A0
Q2084,A0
Q2085,A1
Q2086,A2
Q2087,A1
Q2088,A1
Q2089,A1
Q2090,A2
Q2091,A0
Q2092,A1
Q2093,A1
Q2094,A0
Q2095,A2
Q2096,A1
Q2097,A1
Q2098,A1
Q2099,A0
Q2100,A0
Q2101,A1
Q2102,A0
Q2103,A1
Q2104,A1
Q2105,A2
Q2106,A0
Q2107,A0
Q2108,A2
Q2109,A0
Q2110,A0
Q2111,A1
Q2112,A1
Q2113,A2
Q2114,A0
Q2115,A1
Q2116,A1
Q2117,A0
Q2118,A1
Q2119,A1
Q2120,A2
Q2121,A0
Q2122,A0
Q2123,A0
Q2124,A2
Q2125,A1
Q2126,A2
Q2127,A0
Q2128,A0
Q2129,A1
Q2130,A1
Q2131,A1
Q2132,A2
Q2133,A0
Q2134,A2
Q2135,A0
Q2136,A0
Q2137,A1
Q2138,A1
Q2139,A2
Q2140,A0
Q2141,A0
Q2142,A1
Q2143,A1
Q2144,A1
Q2145,A1
Q2146,A0
Q2147,A2
Q2148,A1
Q2149,A1
Q2150,A1
Q2151,A1
Q2152,A0
Q2153,A0
Q2154,A0
Q2155,A1
Q2156,A1
Q2157,A2
Q2158,A1
Q2159,A1
Q2160,A2
Q2161,A1
Q2162,A1
Q2163,A2
Q2164,A1
Q2165,A1
Q2166,A0
Q2167,A1
Q2168,A2
Q2169,A1
Q2170,A2
Q2171,A0
Q2172,A0
Q2173,A1
Q2174,A0
Q2175,A0
Q2176,A0
Q2177,A2
Q2178,A2
Q2179,A2
Q2180,A2
Q2181,A2
Q2182,A0
Q2183,A2
Q2184,A0
Q2185,A2
Q2186,A0
Q2187,A2
Q2188,A0
Q2189,A0
Q2190,A1
Q2191,A2
Q2192,A0
Q2193,A1
Q2194,A2
Q2195,A2
Q2196,A0
Q2197,A0
Q2198,A1
Q2199,A1
Q2200,A0
Q2201,A2
Q2202,A0
Q2203,A2
Q2204,A1
Q2205,A1
Q2206,A0
Q2207,A0
Q2208,A1
Q2209,A0
Q2210,A0
Q2211,A0
Q2212,A0
Q2213,A1
Q2214,A0
Q2215,A0
Q2216,A1
Q2217,A0
Q2218,A0
Q2219,A0
Q2220,A2
Q2221,A1
Q2222,A2
Q2223,A1
Q2224,A1
Q2225,A1
Q2226,A2
Q2227,A0
Q2228,A0
Q2229,A1
Q2230,A0
Q2231,A2
Q2232,A1
Q2233,A0
Q2234,A2
Q2235,A1
Q2236,A1
Q2237,A2
Q2238,A2
Q2239,A2
Q2240,A1
Q2241,A1
Q2242,A0
Q2243,A0
Q2244,A1
Q2245,A2
Q2246,A0
Q2247,A0
Q2248,A2
Q2249,A1
Q2250,A0
Q2251,A2
Q2252,A1
Q2253,A1
Q2254,A2
Q2255,A0
Q2256,A1
Q2257,A1
Q2258,A2
Q2259,A0
Q2260,A0
Q2261,A2
Q2262,A0
Q2263,A0
Q2264,A2
Q2265,A0
Q2266,A2
Q2267,A0
Q2268,A2
Q2269,A1
Q2270,A1
Q2271,A0
Q2272,A1
Q2273,A1
Q2274,A2
Q2275,A1
Q2276,A0
Q2277,A1
Q2278,A1
Q2279,A1
Q2280,A0
Q2281,A2
Q2282,A1
Q2283,A1
Q2284,A1
Q2285,A1
Q2286,A1
Q2287,A1
Q2288,A0
Q2289,A1
Q2290,A2
Q2291,A0
Q2292,A1
Q2293,A0
Q2294,A1
Q2295,A2
Q2296,A1
Q2297,A2
Q2298,A1
Q2299,A1
Q2300,A2
Q2301,A1
Q2302,A0
Q2303,A1
Q2304,A1
Q2305,A1
Q2306,A2
Q2307,A0
Q2308,A2
Q2309,A2
Q2310,A0
Q2311,A2
Q2312,A0
Q2313,A1
Q2314,A0
Q2315,A2
Q2316,A0
Q2317,A0
Q2318,A0
Q2319,A2
Q2320,A0
Q2321,A1
Q2322,A0
Q2323,A0
Q2324,A2
Q2325,A1
Q2326,A1
Q2327,A2
Q2328,A0
Q2329,A1
Q2330,A1
Q2331,A1
Q2332,A2
Q2333,A0
Q2334,A1
Q2335,A1
Q2336,A0
Q2337,A0
Q2338,A1
Q2339,A0
Q2340,A2
Q2341,A2
Q2342,A2
Q2343,A0
Q2344,A0
Q2345,A0
Q2346,A0
Q2347,A1
Q2348,A2
Q2349,A2
Q2350,A0
Q2351,A2
Q2352,A2
Q2353,A1
Q2354,A0
Q2355,A1
Q2356,A1
Q2357,A1
Q2358,A2
Q2359,A0
Q2360,A2
Q2361,A1
Q2362,A2
Q2363,A1
Q2364,A0
Q2365,A0
Q2366,A2
Q2367,A2
Q2368,A2
Q2369,A1
Q2370,A0
Q2371,A2
Q2372,A1
Q2373,A0
Q2374,A1
Q2375,A0
Q2376,A1
Q2377,A0
Q2378,A0
Q2379,A0
Q2380,A2
Q2381,A2
Q2382,A2
Q2383,A2
Q2384,A1
Q2385,A1
Q2386,A2
Q2387,A2
Q2388,A1
Q2389,A1
Q2390,A1
Q2391,A0
Q2392,A2
Q2393,A1
Q2394,A0
Q2395,A2
Q2396,A1
Q2397,A1
Q2398,A0
Q2399,A2
Q2400,A2
Q2401,A0
Q2402,A0
Q2403,A1
Q2404,A2
Q2405,A1
Q2406,A1
Q2407,A0
Q2408,A0
Q2409,A0
Q2410,A0
Q2411,A2
Q2412,A2
Q2413,A0
Q2414,A2
Q2415,A1
Q2416,A2
Q2417,A2
Q2418,A1
Q2419,A2
Q2420,A0
Q2421,A1
Q2422,A0
Q2423,A0
Q2424,A1
Q2425,A1
Q2426,A2
Q2427,A1
Q2428,A0
Q2429,A0
Q2430,A1
Q2431,A2
Q2432,A2
Q2433,A1
Q2434,A1
Q2435,A2
Q2436,A1
Q2437,A0
Q2438,A2
Q2439,A2
Q2440,A0
Q2441,A0
Q2442,A1
Q2443,A2
Q2444,A2
Q2445,A0
Q2446,A1
Q2447,A1
Q2448,A1
Q2449,A2
Q2450,A1
Q2451,A2
Q2452,A2
Q2453,A2
Q2454,A2
Q2455,A0
Q2456,A2
Q2457,A1
Q2458,A1
Q2459,A1
Q2460,A0
Q2461,A0
Q2462,A0
Q2463,A0
Q2464,A2
Q2465,A2
Q2466,A0
Q2467,A0
Q2468,A1
Q2469,A2
Q2470,A2
Q2471,A0
Q2472,A0
Q2473,A0
Q2474,A2
Q2475,A0
Q2476,A1
Q2477,A1
Q2478,A1
Q2479,A2
Q2480,A2
Q2481,A1
Q2482,A0
Q2483,A0
Q2484,A1
Q2485,A1
Q2486,A2
Q2487,A1
Q2488,A1
Q2489,A1
Q2490,A1
Q2491,A1
Q2492,A2
Q2493,A1
Q2494,A2
Q2495,A1
Q2496,A2
Q2497,A1
Q2498,A1
Q2499,A0
Q2500,A1
Q2501,A0
Q2502,A1
Q2503,A0
Q2504,A1
Q2505,A2
Q2506,A1
Q2507,A1
Q2508,A1
Q2509,A1
Q2510,A2
Q2511,A0
Q2512,A2
Q2513,A0
Q2514,A1
Q2515,A0
Q2516,A0
Q2517,A2
Q2518,A1
Q2519,A2
Q2520,A2
Q2521,A0
Q2522,A2
Q2523,A2
Q2524,A0
Q2525,A1
Q2526,A2
Q2527,A1
Q2528,A1
Q2529,A2
Q2530,A0
Q2531,A1
Q2532,A2
Q2533,A2
Q2534,A0
Q2535,A1
Q2536,A0
Q2537,A2
Q2538,A1
Q2539,A0
Q2540,A1
Q2541,A0
Q2542,A1
Q2543,A1
Q2544,A2
Q2545,A1
Q2546,A0
Q2547,A0
Q2548,A1
Q2549,A0
Q2550,A2
Q2551,A0
Q2552,A0
Q2553,A2
Q2554,A1
Q2555,A0
Q2556,A1
Q2557,A2
Q2558,A2
Q2559,A1
Q2560,A0
Q2561,A2
Q2562,A1
Q2563,A0
Q2564,A0
Q2565,A1
Q2566,A2
Q2567,A0
Q2568,A2
Q2569,A1
Q2570,A1
Q2571,A0
Q2572,A0
Q2573,A1
Q2574,A1
Q2575,A1
Q2576,A1
Q2577,A2
Q2578,A0
Q2579,A0
Q2580,A2
Q2581,A0
Q2582,A1
Q2583,A1
Q2584,A0
Q2585,A1
Q2586,A0
Q2587,A0
Q2588,A0
Q2589,A2
Q2590,A1
Q2591,A1
Q2592,A1
Q2593,A2
Q2594,A1
Q2595,A0
Q2596,A0
Q2597,A2
Q2598,A0
Q2599,A0
Q2600,A0
Q2601,A1
Q2602,A2
Q2603,A1
Q2604,A2
Q2605,A1
Q2606,A1
Q2607,A2
Q2608,A1
Q2609,A1
Q2610,A0
Q2611,A1
Q2612,A0
Q2613,A1
Q2614,A1
Q2615,A0
Q2616,A0
Q2617,A0
Q2618,A2
Q2619,A2
Q2620,A1
Q2621,A2
Q2622,A1
Q2623,A2
Q2624,A1
Q2625,A2
Q2626,A2
Q2627,A1
Q2628,A2
Q2629,A0
Q2630,A2
Q2631,A1
Q2632,A0
Q2633,A1
Q2634,A2
Q2635,A1
Q2636,A1
Q2637,A1
Q2638,A1
Q2639,A2
Q2640,A1
Q2641,A1
Q2642,A0
Q2643,A1
Q2644,A2
Q2645,A0
Q2646,A1
Q2647,A1
Q2648,A0
Q2649,A0
Q2650,A0
Q2651,A0
Q2652,A0
Q2653,A0
Q2654,A1
Q2655,A0
Q2656,A0
Q2657,A1
Q2658,A1
Q2659,A1
Q2660,A1
Q2661,A1
Q2662,A1
Q2663,A1
Q2664,A0
Q2665,A1
Q2666,A0
Q2667,A1
Q2668,A2
Q2669,A0
Q2670,A1
Q2671,A1
Q2672,A0
Q2673,A2
Q2674,A1
Q2675,A0
Q2676,A2
Q2677,A0
Q2678,A2
Q2679,A0
Q2680,A2
Q2681,A2
Q2682,A0
Q2683,A0
Q2684,A1
Q2685,A0
Q2686,A1
Q2687,A0
Q2688,A1
Q2689,A0
Q2690,A1
Q2691,A1
Q2692,A2
Q2693,A1
Q2694,A0
Q2695,A1
Q2696,A1
Q2697,A0
Q2698,A1
Q2699,A1
Q2700,A1
Q2701,A2
Q2702,A1
Q2703,A0
Q2704,A0
Q2705,A0
Q2706,A1
Q2707,A0
Q2708,A2
Q2709,A2
Q2710,A2
Q2711,A0
Q2712,A0
Q2713,A1
Q2714,A2
Q2715,A0
Q2716,A0
Q2717,A2
Q2718,A2
Q2719,A0
Q2720,A1
Q2721,A1
Q2722,A0
Q2723,A0
Q2724,A1
Q2725,A1
Q2726,A1
Q2727,A0
Q2728,A1
Q2729,A1
Q2730,A0
Q2731,A2
Q2732,A1
Q2733,A1
Q2734,A0
Q2735,A1
Q2736,A2
Q2737,A2
Q2738,A0
Q2739,A1
Q2740,A0
Q2741,A1
Q2742,A0
Q2743,A1
Q2744,A0
Q2745,A0
Q2746,A0
Q2747,A0
Q2748,A1
Q2749,A1
Q2750,A1
Q2751,A2
Q2752,A1
Q2753,A1
Q2754,A1
Q2755,A1
Q2756,A2
Q2757,A1
Q2758,A0
Q2759,A2
Q2760,A0
Q2761,A1
Q2762,A1
Q2763,A1
Q2764,A1
Q2765,A2
Q2766,A0
Q2767,A1
Q2768,A0
Q2769,A2
Q2770,A1
Q2771,A1
Q2772,A1
Q2773,A1
Q2774,A1
Q2775,A0
Q2776,A2
Q2777,A2
Q2778,A2
Q2779,A2
Q2780,A2
Q2781,A2
Q2782,A1
Q2783,A1
Q2784,A2
Q2785,A1
Q2786,A0
Q2787,A2
Q2788,A0
Q2789,A2
Q2790,A2
Q2791,A0
Q2792,A0
Q2793,A2
Q2794,A2
Q2795,A2
Q2796,A0
Q2797,A1
Q2798,A2
Q2799,A1
Q2800,A2
Q2801,A1
Q2802,A2
Q2803,A0
Q2804,A1
Q2805,A1
Q2806,A0
Q2807,A1
Q2808,A1
Q2809,A0
Q2810,A0
Q2811,A2
Q2812,A0
Q2813,A1
Q2814,A1
Q2815,A0
Q2816,A0
Q2817,A1
Q2818,A2
Q2819,A2
Q2820,A2
Q2821,A2
Q2822,A2
Q2823,A0
Q2824,A2
Q2825,A1
Q2826,A1
Q2827,A1
Q2828,A1
Q2829,A0
Q2830,A0
Q2831,A1
Q2832,A1
Q2833,A0
Q2834,A2
Q2835,A2
Q2836,A0
Q2837,A2
Q2838,A2
Q2839,A1
Q2840,A1
Q2841,A2
Q2842,A1
Q2843,A0
Q2844,A2
Q2845,A0
Q2846,A1
Q2847,A0
Q2848,A1
Q2849,A1
Q2850,A2
Q2851,A0
Q2852,A0
Q2853,A0
Q2854,A2
Q2855,A1
Q2856,A1
Q2857,A1
Q2858,A1
Q2859,A1
Q2860,A1
Q2861,A0
Q2862,A1
Q2863,A2
Q2864,A2
Q2865,A1
Q2866,A0
Q2867,A2
Q2868,A1
Q2869,A2
Q2870,A1
Q2871,A1
Q2872,A1
Q2873,A0
Q2874,A1
Q2875,A2
Q2876,A1
Q2877,A1
Q2878,A0
Q2879,A2
Q2880,A0
Q2881,A2
Q2882,A1
Q2883,A2
Q2884,A0
Q2885,A1
Q2886,A2
Q2887,A0
Q2888,A1
Q2889,A2
Q2890,A1
Q2891,A0
Q2892,A0
Q2893,A0
Q2894,A2
Q2895,A0
Q2896,A2
Q2897,A1
Q2898,A1
Q2899,A0
Q2900,A0
Q2901,A2
Q2902,A1
Q2903,A1
Q2904,A2
Q2905,A1
Q2906,A1
Q2907,A1
Q2908,A2
Q2909,A2
Q2910,A1
Q2911,A0
Q2912,A1
Q2913,A1
Q2914,A1
Q2915,A1
Q2916,A1
Q2917,A1
Q2918,A1
Q2919,A1
Q2920,A0
Q2921,A0
Q2922,A1
Q2923,A0
Q2924,A1
Q2925,A1
Q2926,A2
Q2927,A0
Q2928,A1
Q2929,A0
Q2930,A1
Q2931,A2
Q2932,A1
Q2933,A1
Q2934,A2
Q2935,A1
Q2936,A2
Q2937,A0
Q2938,A0
Q2939,A1
Q2940,A0
Q2941,A0
Q2942,A1
Q2943,A0
Q2944,A0
Q2945,A0
Q2946,A1
Q2947,A0
Q2948,A1
Q2949,A2
Q2950,A2
Q2951,A1
Q2952,A0
Q2953,A1
Q2954,A0
Q2955,A1
Q2956,A2
Q2957,A2
Q2958,A1
Q2959,A0
Q2960,A1
Q2961,A2
Q2962,A1
Q2963,A0
Q2964,A0
Q2965,A1
Q2966,A2
Q2967,A1
Q2968,A1
Q2969,A0
Q2970,A0
Q2971,A0
Q2972,A1
Q2973,A2
Q2974,A1
Q2975,A2
Q2976,A1
Q2977,A2
Q2978,A2
Q2979,A2
Q2980,A2
Q2981,A0
Q2982,A0
Q2983,A0
Q2984,A2
Q2985,A1
Q2986,A1
Q2987,A0
Q2988,A1
Q2989,A2
Q2990,A2
Q2991,A0
Q2992,A0
Q2993,A0
Q2994,A0
Q2995,A0
Q2996,A1
Q2997,A0
Q2998,A1
Q2999,A0
Q3000,A2
Q3001,A1
Q3002,A1
Q3003,A2
Q3004,A2
Q3005,A0
Q3006,A1
Q3007,A0
Q3008,A2
Q3009,A2
Q3010,A1
Q3011,A0
Q3012,A0
Q3013,A2
Q3014,A1
Q3015,A1
Q3016,A1
Q3017,A2
Q3018,A1
Q3019,A1
Q3020,A0
Q3021,A1
Q3022,A2
Q3023,A2
Q3024,A0
Q3025,A0
Q3026,A0
Q3027,A2
Q3028,A1
Q3029,A0
Q3030,A2
Q3031,A0
Q3032,A1
Q3033,A2
Q3034,A1
Q3035,A2
Q3036,A1
Q3037,A1
Q3038,A2
Q3039,A1
Q3040,A0
Q3041,A0
Q3042,A1
Q3043,A0
Q3044,A1
Q3045,A1
Q3046,A0
Q3047,A0
Q3048,A1
Q3049,A2
Q3050,A0
Q3051,A0
Q3052,A0
Q3053,A0
Q3054,A2
Q3055,A1
Q3056,A2
Q3057,A0
Q3058,A0
Q3059,A0
Q3060,A2
Q3061,A1
Q3062,A0
Q3063,A2
Q3064,A1
Q3065,A1
Q3066,A0
Q3067,A0
Q3068,A0
Q3069,A1
Q3070,A2
Q3071,A1
Q3072,A1
Q3073,A2
Q3074,A2
Q3075,A1
Q3076,A1
Q3077,A0
Q3078,A2
Q3079,A1
Q3080,A1
Q3081,A1
Q3082,A0
Q3083,A1
Q3084,A0
Q3085,A0
Q3086,A1
Q3087,A2
Q3088,A1
Q3089,A0
Q3090,A0
Q3091,A0
Q3092,A1
Q3093,A0
Q3094,A0
Q3095,A1
Q3096,A1
Q3097,A0
Q3098,A0
Q3099,A1
Q3100,A0
Q3101,A0
Q3102,A0
Q3103,A0
Q3104,A0
Q3105,A1
Q3106,A1
Q3107,A2
Q3108,A0
Q3109,A2
Q3110,A0
Q3111,A2
Q3112,A2
Q3113,A0
Q3114,A0
Q3115,A1
Q3116,A1
Q3117,A1
Q3118,A0
Q3119,A0
Q3120,A0
Q3121,A0
Q3122,A0
Q3123,A2
Q3124,A0
Q3125,A0
Q3126,A1
Q3127,A0
Q3128,A1
Q3129,A0
Q3130,A1
Q3131,A0
Q3132,A0
Q3133,A1
Q3134,A1
Q3135,A1
Q3136,A0
Q3137,A0
Q3138,A0
Q3139,A0
Q3140,A1
Q3141,A0
Q3142,A0
Q3143,A2
Q3144,A0
Q3145,A1
Q3146,A1
Q3147,A0
Q3148,A1
Q3149,A2
